centre_lat,centre_lon,sounding_count,ch4_bias_corrected_ppb,ch4_raw_ppb,impervious_fraction,impervious_coverage,rice_fraction_single,rice_fraction_combined,rice_coverage,province_share_outside,share_anhui,share_jiangsu,share_shanghai,share_zhejiang
35.075,114.925,104,1900.54,1893.56,0.063141,0.9996,,,0.0,1.0,,,,
35.075,115.175,330,1895.63,1891.68,0.132563,1.0007,,,0.0,1.0,,,,
35.075,115.425,340,1894.5,1889.72,0.140124,1.0007,,,0.0,1.0,,,,
35.075,115.675,375,1894.55,1889.07,0.126706,0.9996,,,0.0,1.0,,,,
35.075,115.925,384,1893.53,1888.17,0.094222,1.0007,,,0.0,1.0,,,,
35.075,116.175,398,1891.98,1886.56,0.128563,1.0007,,,0.0,1.0,,,,
35.075,116.425,352,1892.81,1884.42,0.124991,0.9996,,,0.0,1.0,,,,
35.075,116.675,116,1891.25,1877.2,0.0966,1.0007,,,0.0,1.0,,,,
35.075,116.925,164,1891.81,1883.51,0.119491,1.0007,0.067633,0.067633,0.0038,0.9962,,0.0038,,
35.075,117.175,293,1889.44,1884.1,0.260804,0.9996,,,0.0,1.0,,,,
35.075,117.425,336,1886.36,1880.24,0.082651,1.0007,,,0.0,1.0,,,,
35.075,117.675,298,1884.73,1877.33,0.043259,1.0007,,,0.0,1.0,,,,
35.075,117.925,277,1887.05,1881.31,0.0666,0.9996,,,0.0,1.0,,,,
35.075,118.175,310,1888.68,1885.26,0.482545,1.0007,,,0.0,1.0,,,,
35.075,118.425,154,1887.74,1881.94,0.520968,1.0007,,,0.0,1.0,,,,
35.075,118.675,379,1885.8,1881.61,0.152805,0.9996,,,0.0,1.0,,,,
35.075,118.925,304,1886.35,1881.73,0.143667,1.0007,0.147917,0.147917,0.3046,0.6955,,0.3045,,
35.075,119.175,133,1887.93,1883.38,0.221554,1.0007,0.137286,0.137286,0.355,0.645,,0.355,,
35.075,119.425,3,1872.93,1865.74,0.104127,0.9996,,,0.0,1.0,,,,
35.075,119.675,38,1876.2,1869.0,0.0,1.0007,,,0.0,1.0,,,,
35.075,119.925,53,1876.71,1864.17,0.0,0.9996,,,0.0,1.0,,,,
35.075,120.175,46,1871.17,1864.0,0.0,1.0007,,,0.0,1.0,,,,
35.075,120.425,46,1877.8,1870.6,0.0,1.0007,,,0.0,1.0,,,,
35.075,120.675,56,1881.85,1874.63,0.0,0.9996,,,0.0,1.0,,,,
35.075,120.925,40,1877.27,1870.07,0.0,1.0007,,,0.0,1.0,,,,
35.075,121.175,41,1871.28,1864.11,0.0,1.0007,,,0.0,1.0,,,,
35.075,121.425,48,1868.3,1861.14,0.0,0.9996,,,0.0,1.0,,,,
35.075,121.675,58,1861.68,1854.54,0.0,1.0007,,,0.0,1.0,,,,
35.075,121.925,64,1856.19,1849.07,0.0,1.0007,,,0.0,1.0,,,,
35.075,122.175,57,1856.54,1849.42,0.0,0.9996,,,0.0,1.0,,,,
35.075,122.425,51,1861.64,1854.5,0.0,1.0007,,,0.0,1.0,,,,
34.825,114.925,268,1895.42,1891.32,0.124605,0.9986,,,0.0,1.0,,,,
34.825,115.175,325,1895.45,1890.75,0.05499,0.9996,,,0.0,1.0,,,,
34.825,115.425,280,1895.91,1890.35,0.103558,0.9996,,,0.0,1.0,,,,
34.825,115.675,370,1896.11,1890.9,0.094058,0.9986,,,0.0,1.0,,,,
34.825,115.925,362,1894.64,1889.47,0.072371,0.9996,,,0.0,1.0,,,,
34.825,116.175,368,1895.64,1890.6,0.124811,0.9996,,,0.0,1.0,,,,
34.825,116.425,410,1893.85,1887.33,0.075643,0.9986,0.153583,0.153583,0.4255,0.5745,,0.4255,,
34.825,116.675,354,1892.13,1884.59,0.133033,0.9996,0.160283,0.160283,0.925,0.0751,,0.9249,,
34.825,116.925,169,1890.68,1879.04,0.194817,0.9996,0.194175,0.194175,0.6657,0.3343,,0.6657,,
34.825,117.175,205,1891.97,1884.01,0.206759,0.9986,0.187913,0.187913,0.0031,0.9969,,0.0031,,
34.825,117.425,332,1888.79,1882.43,0.21897,0.9996,,,0.0,1.0,,,,
34.825,117.675,323,1894.12,1887.51,0.249499,0.9996,,,0.0,1.0,,,,
34.825,117.925,342,1887.27,1881.29,0.276448,0.9986,,,0.0,1.0,,,,
34.825,118.175,372,1889.8,1883.77,0.244009,0.9996,,,0.0,1.0,,,,
34.825,118.425,287,1890.07,1883.63,0.181449,0.9996,0.129139,0.129139,0.0026,0.9973,,0.0027,,
34.825,118.675,235,1887.81,1883.12,0.160043,0.9986,0.113067,0.113067,0.1041,0.8959,,0.1041,,
34.825,118.925,161,1888.07,1880.72,0.142794,0.9996,0.246509,0.246509,0.9686,0.0314,,0.9686,,
34.825,119.175,39,1893.18,1884.57,0.174313,0.9996,0.171285,0.171285,0.6596,0.3404,,0.6596,,
34.825,119.425,2,1872.86,1865.68,0.071793,0.9986,0.018023,0.018023,0.1517,0.8483,,0.1517,,
34.825,119.675,29,1873.38,1866.2,0.0,0.9996,,,0.0,1.0,,,,
34.825,119.925,44,1870.6,1863.43,0.0,0.9986,,,0.0,1.0,,,,
34.825,120.175,51,1873.97,1866.79,0.0,0.9996,,,0.0,1.0,,,,
34.825,120.425,46,1869.19,1862.02,0.0,0.9996,,,0.0,1.0,,,,
34.825,120.675,53,1879.7,1872.49,0.0,0.9986,,,0.0,1.0,,,,
34.825,120.925,45,1867.94,1860.78,0.0,0.9996,,,0.0,1.0,,,,
34.825,121.175,37,1866.63,1859.47,0.0,0.9996,,,0.0,1.0,,,,
34.825,121.425,40,1862.42,1855.28,0.0,0.9986,,,0.0,1.0,,,,
34.825,121.675,53,1856.35,1849.23,0.0,0.9996,,,0.0,1.0,,,,
34.825,121.925,49,1853.09,1845.98,0.0,0.9996,,,0.0,1.0,,,,
34.825,122.175,57,1852.73,1845.63,0.0,0.9986,,,0.0,1.0,,,,
34.825,122.425,60,1859.23,1852.09,0.0,0.9996,,,0.0,1.0,,,,
34.575,114.925,332,1896.37,1892.02,0.059458,0.9996,,,0.0,1.0,,,,
34.575,115.175,246,1896.49,1891.59,0.131926,1.0007,,,0.0,1.0,,,,
34.575,115.425,211,1898.46,1892.11,0.0768,1.0007,,,0.0,1.0,,,,
34.575,115.675,296,1895.41,1889.93,0.10558,0.9996,,,0.0,1.0,,,,
34.575,115.925,254,1898.28,1892.15,0.048298,1.0007,,,0.0,1.0,,,,
34.575,116.175,365,1894.27,1888.07,0.05202,1.0007,,,0.0,0.7082,0.2918,,,
34.575,116.425,381,1891.31,1884.05,0.071397,0.9996,0.117034,0.117034,0.2559,0.1129,0.6312,0.2559,,
34.575,116.675,347,1889.59,1882.56,0.140397,1.0007,0.11657,0.11657,0.8816,0.0,0.1184,0.8816,,
34.575,116.925,340,1892.63,1885.26,0.126752,1.0007,0.158047,0.158047,1.0,0.0,,1.0,,
34.575,117.175,81,1892.72,1879.45,0.045694,0.9996,0.196094,0.196094,0.4036,0.5963,,0.4037,,
34.575,117.425,187,1891.95,1885.17,0.143738,1.0007,0.03299,0.03299,0.2791,0.7209,,0.2791,,
34.575,117.675,381,1890.6,1883.41,0.153724,1.0007,0.127345,0.127345,0.28,0.7201,,0.2799,,
34.575,117.925,402,1889.48,1882.78,0.111364,0.9996,0.157795,0.157795,0.8598,0.1402,,0.8598,,
34.575,118.175,367,1884.47,1876.31,0.154439,1.0007,0.03682,0.03682,0.2188,0.7812,,0.2188,,
34.575,118.425,310,1889.7,1883.25,0.164884,1.0007,0.164074,0.164074,0.4684,0.5317,,0.4683,,
34.575,118.675,231,1889.87,1882.48,0.146498,0.9996,0.201552,0.201552,0.9833,0.0168,,0.9832,,
34.575,118.925,297,1884.86,1874.15,0.097712,1.0007,0.391716,0.391716,1.0,0.0,,1.0,,
34.575,119.175,224,1887.93,1878.54,0.278874,1.0007,0.229781,0.229781,1.0,0.0,,1.0,,
34.575,119.425,55,1886.64,1873.79,0.115154,0.9996,0.313947,0.313947,0.9161,0.0839,,0.9161,,
34.575,119.675,2,1871.15,1863.97,0.0426,1.0007,0.070967,0.070967,0.3586,0.6414,,0.3586,,
34.575,119.925,14,1874.87,1867.68,0.001196,0.9996,0.057148,0.057148,0.0391,0.9609,,0.0391,,
34.575,120.175,18,1877.48,1870.28,0.0,1.0007,,,0.0,1.0,,,,
34.575,120.425,32,1871.56,1864.38,0.0,1.0007,,,0.0,1.0,,,,
34.575,120.675,32,1863.88,1856.73,0.0,0.9996,,,0.0,1.0,,,,
34.575,120.925,30,1861.72,1854.58,0.0,1.0007,,,0.0,1.0,,,,
34.575,121.175,16,1860.65,1853.51,0.0,1.0007,,,0.0,1.0,,,,
34.575,121.425,24,1860.78,1853.64,0.0,0.9996,,,0.0,1.0,,,,
34.575,121.675,42,1851.86,1844.76,0.0,1.0007,,,0.0,1.0,,,,
34.575,121.925,49,1851.89,1844.79,0.0,1.0007,,,0.0,1.0,,,,
34.575,122.175,56,1853.69,1846.58,0.0,0.9996,,,0.0,1.0,,,,
34.575,122.425,60,1858.22,1851.09,0.0,1.0007,,,0.0,1.0,,,,
34.325,114.925,304,1899.06,1893.15,0.092515,0.9996,,,0.0,1.0,,,,
34.325,115.175,308,1897.88,1892.14,0.126847,1.0007,,,0.0,1.0,,,,
34.325,115.425,343,1897.72,1892.52,0.099542,1.0007,,,0.0,1.0,,,,
34.325,115.675,295,1899.73,1895.31,0.261884,0.9996,,,0.0,1.0,,,,
34.325,115.925,351,1895.99,1890.48,0.122881,1.0007,,,0.0,1.0,,,,
34.325,116.175,349,1897.25,1891.07,0.148443,1.0007,,,0.0,0.8658,0.1342,,,
34.325,116.425,382,1893.89,1886.65,0.154275,0.9996,,,0.0,0.3643,0.6357,,,
34.325,116.675,400,1892.29,1884.77,0.133811,1.0007,0.166783,0.166783,0.0076,0.027,0.9655,0.0076,,
34.325,116.925,366,1895.14,1887.65,0.171261,1.0007,0.156377,0.156377,0.4281,0.0,0.5719,0.4281,,
34.325,117.175,151,1892.11,1884.09,0.471548,0.9996,0.078129,0.078129,0.9979,0.0021,,0.9979,,
34.325,117.425,249,1891.01,1884.08,0.261579,1.0007,0.156571,0.156571,1.0,0.0,,1.0,,
34.325,117.675,372,1889.74,1883.76,0.176746,1.0007,0.163209,0.163209,1.0,0.0,,1.0,,
34.325,117.925,271,1890.03,1882.63,0.269633,0.9996,0.191476,0.191476,1.0,0.0,,1.0,,
34.325,118.175,241,1890.36,1882.08,0.151097,1.0007,0.174497,0.174497,0.9108,0.0892,,0.9108,,
34.325,118.425,283,1892.21,1886.18,0.187843,1.0007,0.109689,0.109689,0.9633,0.0368,,0.9632,,
34.325,118.675,241,1890.11,1882.49,0.127638,0.9996,0.241861,0.241861,1.0,0.0,,1.0,,
34.325,118.925,326,1884.83,1874.13,0.111128,1.0007,0.44388,0.44388,1.0,0.0,,1.0,,
34.325,119.175,293,1887.33,1877.87,0.174704,1.0007,0.365401,0.365401,1.0,0.0,,1.0,,
34.325,119.425,253,1887.45,1876.82,0.116774,0.9996,0.432483,0.432483,1.0,0.0,,1.0,,
34.325,119.675,126,1892.12,1883.28,0.167328,1.0007,0.323374,0.323374,1.0,0.0,,1.0,,
34.325,119.925,71,1889.34,1877.91,0.075452,0.9996,0.360886,0.360886,0.9679,0.0321,,0.9679,,
34.325,120.175,12,1894.7,1883.07,0.057846,1.0007,0.388105,0.388105,0.5322,0.4678,,0.5322,,
34.325,120.425,10,1875.92,1859.23,0.0,1.0007,0.0,0.0,0.0,1.0,,0.0,,
34.325,120.675,23,1860.22,1853.08,0.0,0.9996,,,0.0,1.0,,,,
34.325,120.925,14,1862.23,1855.09,0.0,1.0007,,,0.0,1.0,,,,
34.325,121.175,16,1859.64,1852.51,0.0,1.0007,,,0.0,1.0,,,,
34.325,121.425,20,1860.45,1853.31,0.0,0.9996,,,0.0,1.0,,,,
34.325,121.675,31,1852.86,1845.75,0.0,1.0007,,,0.0,1.0,,,,
34.325,121.925,47,1853.0,1845.89,0.0,1.0007,,,0.0,1.0,,,,
34.325,122.175,61,1854.73,1847.61,0.0,0.9996,,,0.0,1.0,,,,
34.325,122.425,76,1858.91,1851.78,0.0,1.0007,,,0.0,1.0,,,,
34.075,114.925,324,1894.55,1886.91,0.13862,0.9986,,,0.0,1.0,,,,
34.075,115.175,328,1894.68,1887.57,0.137473,0.9996,,,0.0,1.0,,,,
34.075,115.425,346,1896.33,1889.44,0.107445,0.9996,,,0.0,1.0,,,,
34.075,115.675,368,1896.87,1890.75,0.096808,0.9986,,,0.0,0.6773,0.3227,,,
34.075,115.925,348,1894.77,1889.3,0.098361,0.9996,,,0.0,0.8301,0.1699,,,
34.075,116.175,348,1895.1,1888.73,0.096037,0.9996,,,0.0,1.0,,,,
34.075,116.425,321,1899.72,1892.98,0.135783,0.9986,,,0.0,0.9965,0.0035,,,
34.075,116.675,325,1896.27,1888.78,0.199571,0.9996,,,0.0,0.1303,0.8697,,,
34.075,116.925,294,1896.05,1888.75,0.247053,0.9996,0.105024,0.105024,0.0233,0.0,0.9768,0.0232,,
34.075,117.175,294,1893.46,1886.77,0.226514,0.9986,0.074169,0.074169,0.4101,0.0,0.5899,0.4101,,
34.075,117.425,249,1895.46,1887.13,0.112162,0.9996,0.212203,0.212203,0.6116,0.0,0.3883,0.6117,,
34.075,117.675,301,1893.25,1885.85,0.089157,0.9996,0.129739,0.129739,0.923,0.0,0.077,0.923,,
34.075,117.925,246,1892.21,1881.47,0.138342,0.9986,0.263258,0.263258,1.0,0.0,,1.0,,
34.075,118.175,33,1891.28,1880.38,0.161174,0.9996,0.10731,0.10731,1.0,0.0,,1.0,,
34.075,118.425,230,1889.51,1880.76,0.169312,0.9996,0.362522,0.362522,1.0,0.0,,1.0,,
34.075,118.675,299,1891.09,1882.23,0.199057,0.9986,0.329837,0.329837,1.0,0.0,,1.0,,
34.075,118.925,300,1887.74,1878.57,0.163681,0.9996,0.338659,0.338659,1.0,0.0,,1.0,,
34.075,119.175,260,1885.96,1876.21,0.186031,0.9996,0.475623,0.475623,1.0,0.0,,1.0,,
34.075,119.425,254,1886.84,1876.77,0.182218,0.9986,0.454629,0.454629,1.0,0.0,,1.0,,
34.075,119.675,264,1889.32,1880.69,0.144991,0.9996,0.252787,0.252787,1.0,0.0,,1.0,,
34.075,119.925,253,1889.06,1880.08,0.149888,0.9986,0.17237,0.17237,1.0,0.0,,1.0,,
34.075,120.175,194,1888.83,1877.25,0.07656,0.9996,0.366533,0.366533,1.0,0.0,,1.0,,
34.075,120.425,14,1872.28,1846.74,0.017341,0.9996,0.313674,0.313674,0.1915,0.8085,,0.1915,,
34.075,120.675,4,1882.1,1874.89,0.0,0.9986,,,0.0,1.0,,,,
34.075,120.925,14,1867.56,1860.4,0.0,0.9996,,,0.0,1.0,,,,
34.075,121.175,21,1859.09,1851.96,0.0,0.9996,,,0.0,1.0,,,,
34.075,121.425,22,1858.85,1851.73,0.0,0.9986,,,0.0,1.0,,,,
34.075,121.675,27,1854.82,1847.7,0.0,0.9996,,,0.0,1.0,,,,
34.075,121.925,54,1860.41,1853.27,0.0,0.9996,,,0.0,1.0,,,,
34.075,122.175,49,1856.58,1849.46,0.0,0.9986,,,0.0,1.0,,,,
34.075,122.425,83,1862.33,1855.19,0.0,0.9996,,,0.0,1.0,,,,
33.825,114.925,242,1892.79,1885.19,0.138866,0.9996,,,0.0,1.0,,,,
33.825,115.175,357,1893.2,1885.44,0.108047,1.0007,,,0.0,1.0,,,,
33.825,115.425,348,1893.23,1885.45,0.119532,1.0007,,,0.0,1.0,,,,
33.825,115.675,310,1892.38,1886.07,0.181398,0.9996,,,0.0,0.1716,0.8284,,,
33.825,115.925,319,1893.28,1886.53,0.097319,1.0007,,,0.0,0.0993,0.9007,,,
33.825,116.175,331,1895.48,1887.71,0.057831,1.0007,,,0.0,0.8239,0.1761,,,
33.825,116.425,276,1896.58,1888.93,0.15372,0.9996,,,0.0,0.5318,0.4682,,,
33.825,116.675,243,1895.98,1888.39,0.178773,1.0007,,,0.0,0.0671,0.9329,,,
33.825,116.925,292,1895.09,1888.5,0.171884,1.0007,,,0.0,0.0,1.0,,,
33.825,117.175,380,1894.26,1886.09,0.057442,0.9996,,,0.0,0.0,1.0,,,
33.825,117.425,356,1893.61,1885.15,0.095229,1.0007,,,0.0,0.0,1.0,,,
33.825,117.675,369,1893.31,1886.13,0.172906,1.0007,0.095312,0.095312,0.2752,0.0,0.7248,0.2752,,
33.825,117.925,377,1891.81,1884.45,0.229624,0.9996,0.206731,0.206731,0.8366,0.0,0.1634,0.8366,,
33.825,118.175,260,1891.34,1883.86,0.277304,1.0007,0.174233,0.174233,0.8863,0.0,0.1137,0.8863,,
33.825,118.425,274,1889.96,1882.04,0.238776,1.0007,0.241455,0.241455,1.0,0.0,,1.0,,
33.825,118.675,276,1890.46,1882.36,0.19791,0.9996,0.319548,0.319548,1.0,0.0,,1.0,,
33.825,118.925,314,1888.02,1879.04,0.171106,1.0007,0.392026,0.392026,1.0,0.0,,1.0,,
33.825,119.175,273,1888.14,1879.77,0.243879,1.0007,0.361052,0.361052,1.0,0.0,,1.0,,
33.825,119.425,266,1887.41,1877.53,0.095972,0.9996,0.461418,0.461418,1.0,0.0,,1.0,,
33.825,119.675,256,1889.53,1879.48,0.116446,1.0007,0.328583,0.328583,1.0,0.0,,1.0,,
33.825,119.925,238,1889.42,1878.76,0.084709,0.9996,0.328452,0.328452,1.0,0.0,,1.0,,
33.825,120.175,188,1893.9,1883.42,0.124398,1.0007,0.264909,0.264909,1.0,0.0,,1.0,,
33.825,120.425,34,1902.15,1887.68,0.059753,1.0007,0.290265,0.290265,0.5819,0.4181,,0.5819,,
33.825,120.675,1,1864.98,1857.82,0.0,0.9996,,,0.0,1.0,,,,
33.825,120.925,5,1863.04,1855.89,0.0,1.0007,,,0.0,1.0,,,,
33.825,121.175,23,1858.54,1851.42,0.0,1.0007,,,0.0,1.0,,,,
33.825,121.425,23,1860.97,1853.83,0.0,0.9996,,,0.0,1.0,,,,
33.825,121.675,32,1862.93,1855.78,0.0,1.0007,,,0.0,1.0,,,,
33.825,121.925,64,1857.02,1849.89,0.0,1.0007,,,0.0,1.0,,,,
33.825,122.175,58,1859.93,1852.79,0.0,0.9996,,,0.0,1.0,,,,
33.825,122.425,72,1867.61,1860.44,0.0,1.0007,,,0.0,1.0,,,,
33.575,114.925,282,1894.18,1887.71,0.129944,0.9996,,,0.0,1.0,,,,
33.575,115.175,319,1894.07,1887.27,0.125817,1.0007,,,0.0,1.0,,,,
33.575,115.425,348,1892.79,1885.25,0.063247,1.0007,,,0.0,0.708,0.292,,,
33.575,115.675,335,1892.58,1885.61,0.053547,0.9996,,,0.0,0.1423,0.8577,,,
33.575,115.925,341,1895.19,1888.2,0.069039,1.0007,,,0.0,0.0,1.0,,,
33.575,116.175,295,1893.69,1886.41,0.136297,1.0007,,,0.0,0.0,1.0,,,
33.575,116.425,313,1897.47,1890.65,0.100336,0.9996,,,0.0,0.0,1.0,,,
33.575,116.675,304,1899.1,1891.52,0.129829,1.0007,,,0.0,0.0,1.0,,,
33.575,116.925,334,1897.72,1891.4,0.218423,1.0007,,,0.0,0.0,1.0,,,
33.575,117.175,237,1900.72,1891.25,0.104767,0.9996,,,0.0,0.0,1.0,,,
33.575,117.425,394,1894.96,1886.78,0.101466,1.0007,,,0.0,0.0,1.0,,,
33.575,117.675,385,1893.52,1886.1,0.141172,1.0007,,,0.0,0.0,1.0,,,
33.575,117.925,358,1894.86,1887.93,0.16781,0.9996,0.205456,0.205456,0.0023,0.0,0.9977,0.0023,,
33.575,118.175,317,1891.55,1883.72,0.172559,1.0007,0.203025,0.203025,0.7183,0.0,0.2818,0.7182,,
33.575,118.425,108,1890.57,1879.08,0.067489,1.0007,0.245612,0.245612,1.0,0.0,,1.0,,
33.575,118.675,62,1891.25,1883.13,0.15349,0.9996,0.189083,0.189083,1.0,0.0,,1.0,,
33.575,118.925,170,1890.55,1881.85,0.395936,1.0007,0.154898,0.154898,1.0,0.0,,1.0,,
33.575,119.175,218,1892.2,1883.57,0.447363,1.0007,0.214233,0.214233,1.0,0.0,,1.0,,
33.575,119.425,234,1889.24,1877.81,0.124,0.9996,0.374554,0.374554,1.0,0.0,,1.0,,
33.575,119.675,217,1892.0,1880.16,0.132221,1.0007,0.333745,0.333745,1.0,0.0,,1.0,,
33.575,119.925,207,1893.24,1882.23,0.089786,0.9996,0.452627,0.452627,1.0,0.0,,1.0,,
33.575,120.175,169,1895.88,1886.48,0.088296,1.0007,0.336593,0.336593,1.0,0.0,,1.0,,
33.575,120.425,74,1897.48,1887.1,0.09949,1.0007,0.229032,0.229032,0.9284,0.0716,,0.9284,,
33.575,120.675,8,1895.53,1877.01,0.00799,0.9996,0.18335,0.18335,0.09,0.91,,0.09,,
33.575,120.925,1,1880.06,1872.85,0.0,1.0007,,,0.0,1.0,,,,
33.575,121.175,11,1850.52,1843.43,0.0,1.0007,,,0.0,1.0,,,,
33.575,121.425,18,1857.69,1850.57,0.0,0.9996,,,0.0,1.0,,,,
33.575,121.675,32,1855.3,1848.19,0.0,1.0007,,,0.0,1.0,,,,
33.575,121.925,56,1855.52,1848.4,0.0,1.0007,,,0.0,1.0,,,,
33.575,122.175,49,1862.64,1855.49,0.0,0.9996,,,0.0,1.0,,,,
33.575,122.425,43,1866.47,1859.32,0.0,1.0007,,,0.0,1.0,,,,
33.325,114.925,306,1892.14,1885.72,0.147579,0.9986,,,0.0,1.0,,,,
33.325,115.175,317,1893.72,1887.1,0.140462,0.9996,0.0,0.0,0.0002,0.9998,0.0002,,,
33.325,115.425,325,1892.82,1886.44,0.139378,0.9996,0.0,0.0,0.5023,0.1274,0.8726,,,
33.325,115.675,339,1891.76,1885.14,0.088615,0.9986,0.0,0.0,0.585,0.0,1.0,,,
33.325,115.925,347,1893.9,1888.04,0.087254,0.9996,0.0,0.0,0.585,0.0,1.0,,,
33.325,116.175,336,1894.65,1889.17,0.085629,0.9996,0.0,0.0,0.585,0.0,1.0,,,
33.325,116.425,372,1896.78,1891.14,0.118477,0.9986,0.0,0.0,0.585,0.0,1.0,,,
33.325,116.675,341,1900.04,1893.84,0.131135,0.9996,0.000162,0.000162,0.585,0.0,1.0,,,
33.325,116.925,365,1899.21,1893.54,0.072345,0.9996,0.060451,0.060451,0.5848,0.0,1.0,,,
33.325,117.175,357,1899.01,1893.39,0.071947,0.9986,0.061739,0.061739,0.585,0.0,1.0,,,
33.325,117.425,338,1897.81,1891.8,0.180112,0.9996,0.00104,0.00104,0.585,0.0,1.0,,,
33.325,117.675,274,1895.01,1887.43,0.128246,0.9996,0.216329,0.216329,0.585,0.0,1.0,,,
33.325,117.925,150,1896.43,1887.87,0.113609,0.9986,0.25135,0.25135,0.6442,0.0,0.7399,0.2601,,
33.325,118.175,135,1892.63,1882.94,0.124568,0.9996,0.250275,0.250275,1.0,0.0,0.0064,0.9936,,
33.325,118.425,42,1888.89,1875.88,0.048571,0.9996,0.143143,0.143143,1.0,0.0,,1.0,,
33.325,118.925,53,1901.58,1886.76,0.200198,0.9996,0.22338,0.22338,1.0,0.0,,1.0,,
33.325,119.175,78,1893.09,1880.19,0.127439,0.9996,0.37705,0.37705,1.0,0.0,,1.0,,
33.325,119.425,167,1891.14,1877.29,0.16505,0.9986,0.373903,0.373903,1.0,0.0,,1.0,,
33.325,119.675,183,1890.89,1873.51,0.076853,0.9996,0.30188,0.30188,1.0,0.0,,1.0,,
33.325,119.925,182,1893.31,1880.62,0.101895,0.9986,0.418234,0.418234,1.0,0.0,,1.0,,
33.325,120.175,154,1890.34,1881.97,0.390023,0.9996,0.127255,0.127255,1.0,0.0,,1.0,,
33.325,120.425,166,1892.85,1883.37,0.244633,0.9996,0.154545,0.154545,1.0,0.0,,1.0,,
33.325,120.675,21,1905.14,1891.72,0.084891,0.9986,0.26413,0.26413,0.5589,0.4411,,0.5589,,
33.325,121.425,9,1856.04,1848.92,0.0,0.9986,,,0.0,1.0,,,,
33.325,121.675,28,1858.42,1851.29,0.0,0.9996,,,0.0,1.0,,,,
33.325,121.925,43,1854.59,1847.47,0.0,0.9996,,,0.0,1.0,,,,
33.325,122.175,64,1861.1,1853.96,0.0,0.9986,,,0.0,1.0,,,,
33.325,122.425,49,1860.34,1853.21,0.0,0.9996,,,0.0,1.0,,,,
33.075,114.925,337,1894.81,1888.74,0.138841,0.9996,,,0.0,0.6056,0.3944,,,
33.075,115.175,324,1894.37,1888.53,0.137368,1.0007,0.0,0.0,0.104,0.3757,0.6243,,,
33.075,115.425,352,1893.93,1887.63,0.101629,1.0007,0.0,0.0,1.0,0.0,1.0,,,
33.075,115.675,330,1894.66,1888.71,0.160101,0.9996,0.0,0.0,1.0,0.0,1.0,,,
33.075,115.925,329,1895.6,1890.52,0.119109,1.0007,0.0,0.0,1.0,0.0,1.0,,,
33.075,116.175,320,1896.94,1891.83,0.12826,1.0007,0.0,0.0,1.0,0.0,1.0,,,
33.075,116.425,348,1897.06,1891.08,0.096144,0.9996,0.034193,0.034193,1.0,0.0,1.0,,,
33.075,116.675,374,1901.15,1894.57,0.07869,1.0007,0.030238,0.030238,1.0,0.0,1.0,,,
33.075,116.925,198,1895.02,1884.68,0.066543,1.0007,0.347315,0.347315,0.9996,0.0,1.0,,,
33.075,117.175,205,1897.62,1889.89,0.191027,0.9996,0.215566,0.215566,1.0,0.0,1.0,,,
33.075,117.425,236,1897.98,1889.5,0.231335,1.0007,0.155744,0.155744,1.0,0.0,1.0,,,
33.075,117.675,139,1901.54,1888.93,0.101745,1.0007,0.395555,0.395555,1.0,0.0,1.0,,,
33.075,117.925,61,1904.62,1893.98,0.125597,0.9996,0.248349,0.248349,1.0,0.0,0.9618,0.0382,,
33.075,118.175,67,1896.38,1884.75,0.095299,1.0007,0.307991,0.307991,1.0001,0.0,0.6893,0.3107,,
33.075,118.425,57,1891.62,1876.77,0.114363,1.0007,0.211716,0.211716,1.0,0.0,,1.0,,
33.075,118.675,49,1886.21,1876.37,0.095797,0.9996,0.342126,0.342126,1.0,0.0,,1.0,,
33.075,118.925,90,1893.26,1880.0,0.138792,1.0007,0.37261,0.37261,1.0,0.0,0.0383,0.9617,,
33.075,119.175,64,1891.44,1870.47,0.093179,1.0007,0.376053,0.376053,1.0,0.0,,1.0,,
33.075,119.425,116,1890.11,1875.77,0.104162,0.9996,0.294339,0.294339,1.0,0.0,,1.0,,
33.075,119.675,152,1889.47,1872.51,0.066483,1.0007,0.312315,0.312315,1.0,0.0,,1.0,,
33.075,119.925,139,1892.77,1876.68,0.103443,0.9996,0.298465,0.298465,1.0,0.0,,1.0,,
33.075,120.175,209,1891.72,1877.45,0.129153,1.0007,0.211092,0.211092,1.0,0.0,,1.0,,
33.075,120.425,190,1889.97,1880.01,0.200711,1.0007,0.127983,0.127983,1.0,0.0,,1.0,,
33.075,120.675,99,1890.58,1879.92,0.130347,0.9996,0.248484,0.248484,0.975,0.025,,0.975,,
33.075,120.925,5,1913.12,1886.23,0.011657,1.0007,0.205463,0.205463,0.1414,0.8585,,0.1415,,
33.075,121.425,7,1856.39,1849.27,0.0,0.9996,,,0.0,1.0,,,,
33.075,121.675,28,1860.2,1853.07,0.0,1.0007,,,0.0,1.0,,,,
33.075,121.925,42,1858.82,1851.69,0.0,1.0007,,,0.0,1.0,,,,
33.075,122.175,47,1859.17,1852.04,0.0,0.9996,,,0.0,1.0,,,,
33.075,122.425,57,1866.96,1859.8,0.0,1.0007,,,0.0,1.0,,,,
32.825,114.925,285,1893.74,1887.11,0.182055,0.9996,,,0.0,0.9758,0.0242,,,
32.825,115.175,332,1894.06,1886.98,0.058076,1.0007,0.0,0.0,0.1272,0.418,0.582,,,
32.825,115.425,347,1893.66,1888.2,0.079412,1.0007,0.048296,0.048296,1.0,0.0,1.0,,,
32.825,115.675,321,1895.23,1890.02,0.188386,0.9996,0.092489,0.092489,1.0,0.0,1.0,,,
32.825,115.925,345,1895.54,1889.89,0.253354,1.0007,0.063976,0.063976,1.0,0.0,1.0,,,
32.825,116.175,224,1896.31,1889.33,0.122004,1.0007,0.081561,0.081561,1.0,0.0,1.0,,,
32.825,116.425,177,1902.07,1891.2,0.142088,0.9996,0.337144,0.337144,1.0,0.0,1.0,,,
32.825,116.675,167,1903.05,1889.7,0.132174,1.0007,0.304784,0.304784,1.0,0.0,1.0,,,
32.825,116.925,188,1901.5,1886.89,0.110368,1.0007,0.546074,0.546074,0.9996,0.0,1.0,,,
32.825,117.175,145,1901.16,1890.86,0.188178,0.9996,0.216922,0.216922,1.0,0.0,1.0,,,
32.825,117.425,243,1894.26,1886.25,0.24673,1.0007,0.2065,0.2065,1.0,0.0,1.0,,,
32.825,117.675,223,1894.54,1885.5,0.084376,1.0007,0.290075,0.290075,1.0,0.0,1.0,,,
32.825,117.925,142,1893.58,1884.49,0.112816,0.9996,0.234927,0.234927,1.0,0.0,1.0,,,
32.825,118.175,127,1892.03,1882.7,0.051364,1.0007,0.280832,0.280832,1.0001,0.0,0.9048,0.0952,,
32.825,118.425,200,1889.38,1877.47,0.017449,1.0007,0.195025,0.195025,1.0,0.0,0.1674,0.8326,,
32.825,118.675,189,1887.71,1875.93,0.029956,0.9996,0.410541,0.410541,0.9999,0.0,0.2546,0.7454,,
32.825,118.925,202,1889.27,1877.9,0.105945,1.0007,0.40401,0.40401,1.0,0.0,0.9491,0.0509,,
32.825,119.175,7,1891.73,1881.93,0.072759,1.0007,0.206572,0.206572,1.0001,0.0,0.2671,0.7329,,
32.825,119.425,31,1887.73,1872.91,0.14928,0.9996,0.237606,0.237606,1.0,0.0,,1.0,,
32.825,119.675,244,1889.23,1875.93,0.091191,1.0007,0.32146,0.32146,1.0,0.0,,1.0,,
32.825,119.925,222,1891.35,1878.96,0.171195,0.9996,0.365174,0.365174,1.0,0.0,,1.0,,
32.825,120.175,198,1892.45,1881.43,0.220537,1.0007,0.274564,0.274564,1.0,0.0,,1.0,,
32.825,120.425,181,1890.49,1881.43,0.212628,1.0007,0.124462,0.124462,1.0,0.0,,1.0,,
32.825,120.675,157,1888.56,1878.11,0.180561,0.9996,0.139698,0.139698,1.0,0.0,,1.0,,
32.825,120.925,19,1897.28,1883.49,0.040111,1.0007,0.284146,0.284146,0.347,0.6529,,0.3471,,
32.825,121.425,2,1860.04,1852.9,0.0,0.9996,,,0.0,1.0,,,,
32.825,121.675,26,1856.06,1848.94,0.0,1.0007,,,0.0,1.0,,,,
32.825,121.925,40,1855.18,1848.06,0.0,1.0007,,,0.0,1.0,,,,
32.825,122.175,49,1857.49,1850.37,0.0,0.9996,,,0.0,1.0,,,,
32.825,122.425,50,1864.79,1857.63,0.0,1.0007,,,0.0,1.0,,,,
32.575,114.925,298,1896.29,1889.47,0.099703,0.9986,,,0.0,1.0,,,,
32.575,115.175,345,1892.65,1885.91,0.065218,0.9996,0.058227,0.058227,0.0641,0.8166,0.1834,,,
32.575,115.425,342,1894.73,1888.23,0.115502,0.9996,0.125508,0.125508,0.7398,0.2602,0.7398,,,
32.575,115.675,315,1895.62,1888.43,0.114324,0.9986,0.199959,0.199959,0.9358,0.0641,0.9359,,,
32.575,115.925,226,1898.11,1889.31,0.095835,0.9996,0.25104,0.25104,0.8959,0.1041,0.8959,,,
32.575,116.175,161,1902.36,1892.78,0.135251,0.9996,0.212437,0.212437,1.0,0.0,1.0,,,
32.575,116.425,135,1906.13,1895.72,0.106037,0.9986,0.264426,0.264426,1.0,0.0,1.0,,,
32.575,116.675,105,1907.11,1896.01,0.11301,0.9996,0.28403,0.28403,1.0,0.0,1.0,,,
32.575,116.925,85,1907.46,1898.34,0.266324,0.9996,0.24939,0.24939,0.9996,0.0,1.0,,,
32.575,117.175,171,1903.97,1893.94,0.199092,0.9986,0.28372,0.28372,1.0,0.0,1.0,,,
32.575,117.425,227,1895.21,1885.92,0.029566,0.9996,0.241402,0.241402,1.0,0.0,1.0,,,
32.575,117.675,213,1892.4,1882.32,0.050841,0.9996,0.180507,0.180507,1.0,0.0,1.0,,,
32.575,117.925,245,1891.12,1882.55,0.034997,0.9986,0.213664,0.213664,1.0,0.0,1.0,,,
32.575,118.175,283,1888.01,1876.97,0.0099,0.9996,0.265725,0.265725,1.0,0.0,1.0,,,
32.575,118.425,297,1889.33,1878.84,0.021334,0.9996,0.271845,0.271845,1.0,0.0,1.0,,,
32.575,118.675,244,1886.9,1876.01,0.123493,0.9986,0.319611,0.319611,1.0001,0.0,0.516,0.484,,
32.575,118.925,219,1890.95,1879.54,0.128418,0.9996,0.306711,0.306711,1.0,0.0,0.5807,0.4193,,
32.575,119.175,218,1890.55,1880.83,0.159687,0.9996,0.382301,0.382301,1.0002,0.0,0.453,0.547,,
32.575,119.425,64,1889.05,1880.15,0.243967,0.9986,0.303295,0.303295,1.0,0.0,,1.0,,
32.575,119.675,247,1889.71,1878.64,0.13249,0.9996,0.332175,0.332175,1.0,0.0,,1.0,,
32.575,119.925,248,1891.48,1880.5,0.246506,0.9986,0.299862,0.299862,1.0,0.0,,1.0,,
32.575,120.175,203,1894.5,1883.53,0.243501,0.9996,0.321258,0.321258,1.0,0.0,,1.0,,
32.575,120.425,147,1894.2,1885.26,0.285018,0.9996,0.172815,0.172815,1.0,0.0,,1.0,,
32.575,120.675,146,1890.34,1880.53,0.212387,0.9986,0.219377,0.219377,1.0,0.0,,1.0,,
32.575,120.925,40,1892.79,1883.17,0.132509,0.9996,0.225085,0.225085,0.721,0.279,,0.721,,
32.575,121.175,2,1915.91,1892.05,0.063646,0.9996,0.159214,0.159214,0.158,0.8421,,0.1579,,
32.575,121.425,3,1854.01,1846.9,0.001392,0.9986,,,0.0,1.0,,,,
32.575,121.675,27,1856.21,1849.1,0.0,0.9996,,,0.0,1.0,,,,
32.575,121.925,39,1858.17,1851.04,0.0,0.9996,,,0.0,1.0,,,,
32.575,122.175,47,1854.41,1847.3,0.0,0.9986,,,0.0,1.0,,,,
32.575,122.425,33,1856.27,1849.15,0.0,0.9996,,,0.0,1.0,,,,
32.325,114.925,305,1896.96,1889.99,0.063272,0.9996,,,0.0,1.0,,,,
32.325,115.175,284,1893.59,1884.6,0.05927,1.0007,,,0.0,1.0,,,,
32.325,115.425,298,1895.44,1886.36,0.078675,1.0007,0.123301,0.123301,0.0201,0.9799,0.0201,,,
32.325,115.675,296,1895.16,1887.12,0.087398,0.9996,0.147933,0.147933,0.0724,0.9275,0.0725,,,
32.325,115.925,236,1896.63,1887.32,0.101929,1.0007,0.259102,0.259102,0.6202,0.38,0.62,,,
32.325,116.175,54,1898.59,1886.89,0.075212,1.0007,0.21781,0.21781,1.0,0.0,1.0,,,
32.325,116.425,40,1901.23,1891.97,0.047571,0.9996,0.244028,0.244028,1.0,0.0,1.0,,,
32.325,116.675,86,1900.23,1889.34,0.043294,1.0007,0.456294,0.456294,1.0,0.0,1.0,,,
32.325,116.925,15,1927.21,1911.68,0.048885,1.0007,0.406209,0.406209,0.9996,0.0,1.0,,,
32.325,117.175,221,1900.04,1890.28,0.104162,0.9996,0.439225,0.439225,1.0,0.0,1.0,,,
32.325,117.425,264,1898.82,1888.15,0.034035,1.0007,0.269445,0.269445,1.0,0.0,1.0,,,
32.325,117.675,230,1891.91,1881.37,0.012582,1.0007,0.262369,0.262369,1.0,0.0,1.0,,,
32.325,117.925,268,1890.03,1878.9,0.006575,0.9996,0.252227,0.252227,1.0,0.0,1.0,,,
32.325,118.175,243,1890.19,1879.31,0.041447,1.0007,0.166743,0.166743,1.0,0.0,1.0,,,
32.325,118.425,187,1893.55,1884.47,0.217667,1.0007,0.252899,0.252899,1.0,0.0,0.9995,0.0005,,
32.325,118.675,259,1895.3,1885.23,0.297999,0.9996,0.260644,0.260644,1.0002,0.0,0.4374,0.5626,,
32.325,118.925,227,1894.02,1883.1,0.2586,1.0007,0.224797,0.224797,1.0,0.0,,1.0,,
32.325,119.175,153,1891.89,1881.71,0.266726,1.0007,0.29633,0.29633,1.0,0.0,0.0012,0.9988,,
32.325,119.425,133,1889.61,1880.85,0.489556,0.9996,0.174541,0.174541,1.0,0.0,,1.0,,
32.325,119.675,84,1893.26,1883.64,0.236659,1.0007,0.248958,0.248958,0.8289,0.171,,0.829,,
32.325,119.925,165,1891.64,1883.15,0.327948,0.9996,0.233432,0.233432,0.9148,0.0851,,0.9149,,
32.325,120.175,233,1892.26,1882.93,0.222329,1.0007,0.351378,0.351378,1.0,0.0,,1.0,,
32.325,120.425,174,1893.77,1884.56,0.258593,1.0007,0.279145,0.279145,1.0,0.0,,1.0,,
32.325,120.675,148,1893.11,1882.7,0.231242,0.9996,0.30748,0.30748,1.0,0.0,,1.0,,
32.325,120.925,131,1894.7,1884.49,0.144776,1.0007,0.45625,0.45625,1.0,0.0,,1.0,,
32.325,121.175,87,1894.8,1886.7,0.268188,1.0007,0.258796,0.258796,0.9963,0.0037,,0.9963,,
32.325,121.425,4,1898.69,1888.66,0.098092,0.9996,0.084201,0.084201,0.3354,0.6645,,0.3355,,
32.325,121.675,11,1856.33,1849.21,0.0,1.0007,,,0.0,1.0,,,,
32.325,121.925,34,1856.21,1849.09,0.0,1.0007,,,0.0,1.0,,,,
32.325,122.175,43,1859.99,1852.86,0.0,0.9996,,,0.0,1.0,,,,
32.325,122.425,32,1854.29,1847.18,0.0,1.0007,,,0.0,1.0,,,,
32.075,114.925,257,1895.01,1886.08,0.11243,0.9996,,,0.0,1.0,,,,
32.075,115.175,303,1895.11,1884.97,0.078767,1.0007,,,0.0,1.0,,,,
32.075,115.425,322,1893.84,1884.49,0.08167,1.0007,,,0.0,1.0,,,,
32.075,115.675,296,1893.15,1884.66,0.136357,0.9996,,,0.0,1.0,,,,
32.075,115.925,295,1893.19,1883.61,0.058463,1.0007,0.233704,0.233704,0.5139,0.4863,0.5137,,,
32.075,116.175,258,1892.53,1882.06,0.054453,1.0007,0.230312,0.230312,1.0,0.0,1.0,,,
32.075,116.425,227,1894.08,1884.79,0.063738,0.9996,0.297457,0.297457,1.0,0.0,1.0,,,
32.075,116.675,282,1897.85,1888.67,0.046832,1.0007,0.547983,0.547983,1.0,0.0,1.0,,,
32.075,116.925,306,1898.02,1889.33,0.102819,1.0007,0.490114,0.490114,0.9996,0.0,1.0,,,
32.075,117.175,290,1896.59,1887.18,0.198231,0.9996,0.337276,0.337276,1.0,0.0,1.0,,,
32.075,117.425,278,1896.43,1886.29,0.088937,1.0007,0.228886,0.228886,1.0,0.0,1.0,,,
32.075,117.675,318,1896.57,1885.62,0.014778,1.0007,0.352731,0.352731,1.0,0.0,1.0,,,
32.075,117.925,260,1893.77,1881.29,0.01047,0.9996,0.335915,0.335915,1.0,0.0,1.0,,,
32.075,118.175,250,1896.24,1884.87,0.056721,1.0007,0.305396,0.305396,1.0,0.0,1.0,,,
32.075,118.425,241,1895.28,1883.63,0.105851,1.0007,0.166682,0.166682,1.0002,0.0,0.5112,0.4888,,
32.075,118.675,133,1895.94,1885.26,0.465682,0.9996,0.054803,0.054803,1.0,0.0,,1.0,,
32.075,118.925,185,1896.1,1885.93,0.460821,1.0007,0.0411,0.0411,1.0,0.0,,1.0,,
32.075,119.175,218,1897.55,1886.76,0.186228,1.0007,0.121329,0.121329,1.0,0.0,,1.0,,
32.075,119.425,231,1893.04,1883.13,0.324036,0.9996,0.16437,0.16437,1.0,0.0,,1.0,,
32.075,119.675,181,1892.99,1883.42,0.375728,1.0007,0.194388,0.194388,0.9648,0.0352,,0.9648,,
32.075,119.925,77,1890.32,1880.95,0.340872,0.9996,0.249002,0.249002,0.7739,0.2262,,0.7738,,
32.075,120.175,146,1895.22,1884.96,0.357377,1.0007,0.387805,0.387805,0.9853,0.0147,,0.9853,,
32.075,120.425,60,1894.73,1885.59,0.314291,1.0007,0.279794,0.279794,0.7519,0.2481,,0.7519,,
32.075,120.675,37,1894.63,1886.04,0.344057,0.9996,0.216569,0.216569,0.716,0.284,,0.716,,
32.075,120.925,67,1893.01,1885.25,0.562265,1.0007,0.163996,0.163996,0.942,0.058,,0.942,,
32.075,121.175,114,1889.42,1881.35,0.45989,1.0007,0.098405,0.098405,1.0,0.0,,1.0,,
32.075,121.425,65,1885.51,1877.37,0.334198,0.9996,0.135241,0.135241,0.812,0.188,,0.812,,
32.075,121.675,7,1891.27,1884.26,0.182219,1.0007,0.095052,0.095052,0.3802,0.6198,,0.3802,,
32.075,121.925,20,1855.7,1848.58,2.9e-05,1.0007,0.136568,0.136568,0.0038,0.9961,,0.0039,,
32.075,122.175,34,1851.78,1844.68,0.0,0.9996,,,0.0,1.0,,,,
32.075,122.425,24,1846.61,1839.52,0.0,1.0007,,,0.0,1.0,,,,
31.825,114.925,250,1893.5,1882.82,0.045661,0.9986,,,0.0,1.0,,,,
31.825,115.175,282,1890.73,1879.56,0.038891,0.9996,,,0.0,1.0,,,,
31.825,115.425,232,1890.66,1879.03,0.055367,0.9996,0.0,0.0,0.0194,0.9806,0.0194,,,
31.825,115.675,134,1888.99,1878.35,0.024601,0.9986,0.013949,0.013949,0.3099,0.6902,0.3098,,,
31.825,115.925,226,1891.35,1882.81,0.127582,0.9996,0.159908,0.159908,0.7309,0.2693,0.7307,,,
31.825,116.175,312,1889.9,1879.65,0.051104,0.9996,0.318024,0.318024,1.0,0.0,1.0,,,
31.825,116.425,261,1894.7,1886.22,0.202387,0.9986,0.325879,0.325879,1.0,0.0,1.0,,,
31.825,116.675,273,1896.67,1888.67,0.117519,0.9996,0.401611,0.401611,1.0,0.0,1.0,,,
31.825,116.925,307,1895.09,1885.75,0.107926,0.9996,0.476042,0.476042,0.9996,0.0,1.0,,,
31.825,117.175,162,1900.48,1891.23,0.570696,0.9986,0.131411,0.131411,1.0,0.0,1.0,,,
31.825,117.425,132,1899.13,1891.14,0.399337,0.9996,0.118596,0.118596,1.0,0.0,1.0,,,
31.825,117.675,230,1895.91,1886.33,0.036832,0.9996,0.382414,0.382414,1.0,0.0,1.0,,,
31.825,117.925,194,1895.37,1883.48,0.015387,0.9986,0.367368,0.367368,1.0,0.0,1.0,,,
31.825,118.175,224,1894.89,1883.67,0.045702,0.9996,0.255019,0.255019,1.0,0.0,1.0,,,
31.825,118.425,132,1898.04,1888.14,0.188138,0.9996,0.171531,0.171531,1.0001,0.0,0.7007,0.2993,,
31.825,118.675,167,1896.93,1885.99,0.26511,0.9986,0.093598,0.093598,1.0,0.0,0.058,0.942,,
31.825,118.925,173,1893.26,1884.21,0.315661,0.9996,0.159006,0.159006,1.0,0.0,,1.0,,
31.825,119.175,228,1895.8,1884.76,0.115097,0.9996,0.198666,0.198666,1.0,0.0,,1.0,,
31.825,119.425,282,1892.89,1879.71,0.125957,0.9986,0.286229,0.286229,1.0,0.0,,1.0,,
31.825,119.675,186,1894.4,1883.82,0.306392,0.9996,0.192754,0.192754,1.0,0.0,,1.0,,
31.825,119.925,66,1895.17,1887.36,0.714313,0.9986,0.024348,0.024348,0.9967,0.0033,,0.9967,,
31.825,120.175,122,1894.9,1886.25,0.591138,0.9996,0.059797,0.059797,0.8955,0.1045,,0.8955,,
31.825,120.425,121,1893.17,1884.8,0.629283,0.9996,0.078444,0.078444,0.9976,0.0024,,0.9976,,
31.825,120.675,97,1892.81,1884.09,0.494232,0.9986,0.187864,0.187864,0.9465,0.0535,,0.9465,,
31.825,120.925,10,1889.23,1879.78,0.338541,0.9996,0.082431,0.082431,0.5124,0.4876,,0.5124,,
31.825,121.175,16,1889.58,1882.71,0.287781,0.9996,0.145795,0.145795,0.6474,0.3524,,0.4645,0.1831,
31.825,121.425,19,1886.74,1877.06,0.250991,0.9986,0.171215,0.171215,0.8162,0.1839,,0.4628,0.3533,
31.825,121.675,39,1886.23,1879.27,0.433001,0.9996,0.064594,0.064594,0.8859,0.114,,0.8775,0.0084,
31.825,121.925,6,1859.55,1849.07,0.133823,0.9996,0.09492,0.09492,0.3269,0.6728,,0.3272,,
31.825,122.175,20,1855.05,1847.94,0.0,0.9986,,,0.0,1.0,,,,
31.825,122.425,23,1841.79,1834.72,0.0,0.9996,,,0.0,1.0,,,,
31.575,114.925,87,1888.8,1873.07,0.020836,0.9996,,,0.0,1.0,,,,
31.575,115.175,33,1882.1,1867.77,0.002905,1.0007,,,0.0,1.0,,,,
31.575,115.425,21,1875.38,1860.35,0.001662,1.0007,0.012677,0.012677,0.4609,0.5394,0.4606,,,
31.575,115.675,54,1876.73,1859.7,0.005343,0.9996,0.025563,0.025563,1.0,0.0,1.0,,,
31.575,115.925,42,1876.32,1857.86,0.007885,1.0007,0.013549,0.013549,1.0,0.0,1.0,,,
31.575,116.175,156,1888.47,1874.93,0.011063,1.0007,0.07074,0.07074,1.0,0.0,1.0,,,
31.575,116.425,267,1891.02,1880.33,0.069961,0.9996,0.215983,0.215983,1.0,0.0,1.0,,,
31.575,116.675,314,1893.96,1883.68,0.070516,1.0007,0.35514,0.355337,1.0,0.0,1.0,,,
31.575,116.925,305,1893.83,1883.74,0.122299,1.0007,0.471532,0.492414,0.9996,0.0,1.0,,,
31.575,117.175,142,1896.68,1883.74,0.112802,0.9996,0.402651,0.460307,1.0,0.0,1.0,,,
31.575,117.425,18,1888.37,1870.15,0.040233,1.0007,0.119914,0.165252,1.0,0.0,1.0,,,
31.575,117.675,5,1897.23,1880.09,0.036681,1.0007,0.123146,0.124241,1.0,0.0,1.0,,,
31.575,117.925,126,1893.78,1881.88,0.128493,0.9996,0.174724,0.177853,1.0,0.0,1.0,,,
31.575,118.175,223,1894.61,1884.31,0.054424,1.0007,0.283715,0.283715,1.0,0.0,1.0,,,
31.575,118.425,115,1895.37,1885.02,0.296564,1.0007,0.138098,0.140378,1.0,0.0,1.0,,,
31.575,118.675,202,1893.53,1879.18,0.110895,0.9996,0.156294,0.156294,1.0001,0.0,0.8972,0.1028,,
31.575,118.925,78,1890.87,1880.34,0.137637,1.0007,0.131256,0.131256,1.0001,0.0,0.1992,0.8008,,
31.575,119.175,241,1895.77,1883.51,0.084133,1.0007,0.169273,0.169273,1.0,0.0,,1.0,,
31.575,119.425,134,1896.71,1884.46,0.124596,0.9996,0.236876,0.236876,1.0,0.0,,1.0,,
31.575,119.675,42,1893.37,1880.41,0.280372,1.0007,0.122484,0.122484,1.0,0.0,,1.0,,
31.575,119.925,32,1907.09,1898.93,0.360031,0.9996,0.10986,0.10986,1.0,0.0,,1.0,,
31.575,120.175,50,1895.86,1888.34,0.544554,1.0007,0.024491,0.024491,1.0,0.0,,1.0,,
31.575,120.425,66,1891.4,1883.83,0.675263,1.0007,0.051038,0.051038,1.0,0.0,,1.0,,
31.575,120.675,18,1890.14,1879.81,0.455364,0.9996,0.101783,0.101783,1.0,0.0,,1.0,,
31.575,120.925,71,1888.81,1879.55,0.412466,1.0007,0.140006,0.140006,1.0,0.0,,1.0,,
31.575,121.175,58,1896.15,1887.69,0.423436,1.0007,0.116912,0.116912,0.7869,0.2131,,0.7344,0.0525,
31.575,121.425,9,1894.79,1879.59,0.189055,0.9996,0.135505,0.135505,0.4333,0.5665,,0.0117,0.4218,
31.575,121.675,1,1865.55,1843.65,0.195418,1.0007,0.162221,0.162221,0.6088,0.3912,,0.0004,0.6085,
31.575,122.175,1,1856.65,1849.53,0.0,0.9996,,,0.0,1.0,,,,
31.575,122.425,13,1845.56,1838.48,0.0,1.0007,,,0.0,1.0,,,,
31.325,114.925,228,1885.17,1874.66,0.026789,0.9996,,,0.0,1.0,,,,
31.325,115.175,74,1887.7,1877.43,0.023071,1.0007,,,0.0,1.0,,,,
31.325,115.675,1,1914.85,1888.93,0.001826,0.9996,0.013221,0.013221,0.978,0.022,0.978,,,
31.325,116.175,27,1888.32,1874.68,0.013037,1.0007,0.02108,0.02108,1.0,0.0,1.0,,,
31.325,116.425,82,1887.0,1873.43,0.040056,0.9996,0.073898,0.073994,1.0,0.0,1.0,,,
31.325,116.675,164,1889.43,1875.75,0.036771,1.0007,0.164485,0.18092,1.0,0.0,1.0,,,
31.325,116.925,203,1890.82,1879.08,0.081341,1.0007,0.248378,0.277729,0.9996,0.0,1.0,,,
31.325,117.175,233,1891.29,1880.47,0.146444,0.9996,0.17837,0.342049,1.0,0.0,1.0,,,
31.325,117.425,209,1891.17,1879.15,0.09181,1.0007,0.259904,0.401856,1.0,0.0,1.0,,,
31.325,117.675,220,1894.14,1882.98,0.023852,1.0007,0.336076,0.377301,1.0,0.0,1.0,,,
31.325,117.925,201,1895.39,1883.38,0.063755,0.9996,0.307189,0.356284,1.0,0.0,1.0,,,
31.325,118.175,128,1895.8,1883.46,0.150858,1.0007,0.184427,0.241033,1.0,0.0,1.0,,,
31.325,118.425,159,1897.35,1886.42,0.299502,1.0007,0.154309,0.194874,1.0,0.0,1.0,,,
31.325,118.675,247,1893.4,1874.46,0.073265,0.9996,0.098,0.110651,1.0001,0.0,0.9093,0.0907,,
31.325,118.925,43,1893.93,1878.54,0.148739,1.0007,0.101458,0.109075,1.0,0.0,0.1653,0.8347,,
31.325,119.175,208,1890.27,1878.61,0.081114,1.0007,0.267941,0.297317,1.0,0.0,0.2602,0.7398,,
31.325,119.425,173,1890.45,1878.89,0.154554,0.9996,0.158018,0.160885,1.0001,0.0,0.0699,0.9301,,
31.325,119.675,93,1896.04,1883.54,0.209367,1.0007,0.151099,0.151099,1.0,0.0,,1.0,,
31.325,119.925,15,1893.68,1884.88,0.268348,0.9996,0.101362,0.101362,1.0,0.0,,1.0,,
31.325,120.175,2,1946.6,1939.13,0.030667,1.0007,0.005247,0.005247,1.0,0.0,,1.0,,
31.325,120.425,14,1902.27,1894.98,0.421654,1.0007,0.028271,0.028271,1.0,0.0,,1.0,,
31.325,120.675,24,1898.83,1889.37,0.632074,0.9996,0.031227,0.031227,1.0,0.0,,1.0,,
31.325,120.925,31,1895.53,1888.66,0.525271,1.0007,0.080677,0.080677,1.0,0.0,,1.0,,
31.325,121.175,97,1894.45,1886.56,0.675102,1.0007,0.056388,0.056388,0.9998,0.0,,0.2798,0.7202,
31.325,121.425,49,1897.36,1888.66,0.819157,0.9996,0.000561,0.000561,0.9056,0.0945,,,0.9055,
31.325,121.675,6,1884.51,1870.65,0.415085,1.0007,0.015727,0.015727,0.5181,0.4822,,,0.5178,
31.325,122.175,3,1854.1,1846.99,0.0,0.9996,,,0.0,1.0,,,,
31.325,122.425,11,1847.15,1840.07,0.0,1.0007,,,0.0,1.0,,,,
31.075,114.925,170,1891.9,1884.19,0.149656,0.9986,,,0.0,1.0,,,,
31.075,115.175,21,1887.84,1876.65,0.023654,0.9996,,,0.0,1.0,,,,
31.075,115.425,26,1881.62,1871.25,0.008379,0.9996,0.000738,0.000738,0.0014,0.9986,0.0014,,,
31.075,116.925,86,1891.85,1882.11,0.097228,0.9996,0.128802,0.155512,0.9996,0.0,1.0,,,
31.075,117.175,220,1892.63,1880.58,0.098773,0.9986,0.243044,0.338903,1.0,0.0,1.0,,,
31.075,117.425,179,1892.33,1878.64,0.055992,0.9996,0.128254,0.213538,1.0,0.0,1.0,,,
31.075,117.675,152,1892.88,1878.19,0.040932,0.9996,0.141896,0.175954,1.0,0.0,1.0,,,
31.075,117.925,96,1898.29,1885.46,0.118684,0.9986,0.185504,0.1955,1.0,0.0,1.0,,,
31.075,118.175,197,1893.5,1880.3,0.086278,0.9996,0.146645,0.204459,1.0,0.0,1.0,,,
31.075,118.425,258,1894.8,1882.0,0.043895,0.9996,0.264109,0.42855,1.0,0.0,1.0,,,
31.075,118.675,190,1894.81,1883.28,0.125048,0.9986,0.235593,0.336549,1.0,0.0,1.0,,,
31.075,118.925,44,1898.05,1883.18,0.022653,0.9996,0.206068,0.295007,1.0,0.0,1.0,,,
31.075,119.175,156,1889.96,1878.35,0.046034,0.9996,0.376725,0.469042,1.0,0.0,1.0,,,
31.075,119.425,181,1890.39,1878.84,0.040115,0.9986,0.237611,0.277796,1.0,0.0,0.897,0.103,,
31.075,119.675,40,1903.7,1891.45,0.109761,0.9996,0.026741,0.027729,0.9999,0.0,0.1933,0.1793,,0.6274
31.075,119.925,39,1897.66,1885.25,0.219659,0.9986,0.097666,0.097666,1.0002,0.0,,0.3585,,0.6415
31.075,120.175,5,1904.8,1882.71,0.023676,0.9996,0.006958,0.006958,1.0,0.0,,0.9752,,0.0248
31.075,120.675,24,1906.75,1892.73,0.355662,0.9986,0.124092,0.124092,1.0,0.0,,0.9349,,0.0651
31.075,120.925,25,1899.41,1885.29,0.236952,0.9996,0.160069,0.160069,0.9998,0.0,,0.4409,0.4014,0.1577
31.075,121.175,90,1899.44,1889.04,0.511869,0.9996,0.135954,0.135954,1.0,0.0,,0.0141,0.9859,
31.075,121.425,46,1902.95,1893.95,0.76335,0.9986,0.026046,0.026046,1.0,0.0,,,1.0,
31.075,121.675,62,1901.78,1893.22,0.650251,0.9996,0.038076,0.038076,0.9991,0.0009,,,0.9991,
31.075,121.925,3,1899.63,1891.71,0.093422,0.9996,0.104181,0.104181,0.3492,0.6509,,,0.3491,
31.075,122.175,11,1858.63,1851.51,0.0,0.9986,,,0.0,1.0,,,,
31.075,122.425,12,1849.27,1842.18,0.0,0.9996,,,0.0,1.0,,,,
30.825,114.925,176,1888.64,1879.46,0.064591,0.9996,,,0.0,1.0,,,,
30.825,115.175,100,1890.29,1880.44,0.036867,1.0007,,,0.0,1.0,,,,
30.825,115.425,45,1889.53,1878.8,0.031453,1.0007,,,0.0,1.0,,,,
30.825,115.675,35,1890.13,1877.64,0.018439,0.9996,0.028406,0.030249,0.0314,0.9686,0.0314,,,
30.825,116.425,2,1880.1,1870.32,0.014984,0.9996,0.040162,0.044135,1.0,0.0,1.0,,,
30.825,116.675,119,1891.32,1880.22,0.06176,1.0007,0.181962,0.226986,1.0,0.0,1.0,,,
30.825,116.925,145,1894.06,1882.74,0.108078,1.0007,0.272604,0.332379,0.9996,0.0,1.0,,,
30.825,117.175,26,1897.6,1879.99,0.070959,0.9996,0.150964,0.167164,1.0,0.0,1.0,,,
30.825,117.425,42,1895.81,1882.64,0.059838,1.0007,0.169182,0.188546,1.0,0.0,1.0,,,
30.825,117.675,65,1898.32,1883.73,0.076488,1.0007,0.175204,0.203905,1.0,0.0,1.0,,,
30.825,117.925,118,1894.64,1880.72,0.064583,0.9996,0.122224,0.13844,1.0,0.0,1.0,,,
30.825,118.175,169,1893.85,1879.27,0.018235,1.0007,0.135913,0.197163,1.0,0.0,1.0,,,
30.825,118.425,189,1898.16,1884.48,0.048801,1.0007,0.176799,0.316228,1.0,0.0,1.0,,,
30.825,118.675,151,1895.94,1881.79,0.05491,0.9996,0.161454,0.276831,1.0,0.0,1.0,,,
30.825,118.925,150,1889.3,1876.15,0.03307,1.0007,0.273706,0.357827,1.0,0.0,1.0,,,
30.825,119.175,135,1889.1,1874.65,0.005754,1.0007,0.171877,0.19713,1.0,0.0,1.0,,,
30.825,119.425,90,1893.15,1882.54,0.08046,0.9996,0.156402,0.169067,1.0002,0.0,0.9214,,,0.0786
30.825,119.675,153,1894.03,1880.89,0.167557,1.0007,0.108429,0.108511,0.9998,0.0,0.0615,,,0.9385
30.825,119.925,100,1899.02,1884.97,0.201508,0.9996,0.121031,0.121031,1.0,0.0,,,,1.0
30.825,120.175,92,1899.32,1884.18,0.335313,1.0007,0.133841,0.133841,1.0,0.0,,0.0596,,0.9404
30.825,120.425,103,1901.71,1889.58,0.337463,1.0007,0.153601,0.153601,1.0001,0.0,,0.3259,,0.6741
30.825,120.675,110,1899.14,1887.49,0.398961,0.9996,0.198096,0.198096,0.9999,0.0,,0.2263,,0.7737
30.825,120.925,111,1901.23,1890.29,0.37752,1.0007,0.239017,0.239017,1.0,0.0,,,0.1344,0.8656
30.825,121.175,117,1897.12,1884.55,0.282541,1.0007,0.313071,0.313071,1.0,0.0,,,0.6648,0.3352
30.825,121.425,34,1899.07,1889.53,0.359055,0.9996,0.130024,0.130024,0.7512,0.2488,,,0.7512,
30.825,121.675,10,1892.58,1884.69,0.182483,1.0007,0.128801,0.128801,0.4439,0.556,,,0.444,
30.825,122.175,4,1859.42,1852.29,0.0,0.9996,,,0.0,1.0,,,,
30.825,122.425,7,1860.67,1853.53,0.007279,1.0007,0.016242,0.016242,0.0365,0.9636,,,,0.0364
30.575,114.925,89,1894.93,1885.62,0.163678,0.9996,,,0.0,1.0,,,,
30.575,115.175,196,1889.97,1880.38,0.086213,1.0007,,,0.0,1.0,,,,
30.575,115.425,147,1888.0,1876.33,0.033669,1.0007,,,0.0,1.0,,,,
30.575,115.675,32,1886.49,1869.85,0.003012,0.9996,0.040697,0.046067,0.0199,0.9802,0.0198,,,
30.575,115.925,4,1871.58,1854.42,0.004591,1.0007,0.047201,0.052182,0.7072,0.2929,0.7071,,,
30.575,116.175,8,1865.12,1842.05,0.004599,1.0007,0.021703,0.023248,1.0,0.0,1.0,,,
30.575,116.425,124,1895.48,1884.79,0.059522,0.9996,0.154264,0.182082,1.0,0.0,1.0,,,
30.575,116.675,262,1891.94,1880.67,0.099551,1.0007,0.295989,0.341024,1.0,0.0,1.0,,,
30.575,116.925,131,1893.88,1881.6,0.156179,1.0007,0.151978,0.180564,0.9996,0.0,1.0,,,
30.575,117.175,9,1891.49,1876.96,0.17758,0.9996,0.116839,0.135015,1.0,0.0,1.0,,,
30.575,117.425,77,1907.69,1892.35,0.086213,1.0007,0.120122,0.144681,1.0,0.0,1.0,,,
30.575,117.675,49,1906.78,1890.06,0.0224,1.0007,0.066774,0.093639,1.0,0.0,1.0,,,
30.575,117.925,52,1895.64,1881.47,0.025108,0.9996,0.054589,0.072816,1.0,0.0,1.0,,,
30.575,118.175,31,1887.07,1871.93,0.007317,1.0007,0.060151,0.09085,1.0,0.0,1.0,,,
30.575,118.425,38,1892.18,1877.87,0.02594,1.0007,0.038995,0.059136,1.0,0.0,1.0,,,
30.575,118.675,7,1883.92,1863.87,0.000913,0.9996,0.02313,0.026283,1.0,0.0,1.0,,,
30.575,118.925,97,1888.07,1872.08,0.060855,1.0007,0.095188,0.101378,1.0,0.0,1.0,,,
30.575,119.175,61,1883.0,1867.78,0.004756,1.0007,0.067426,0.072014,1.0001,0.0,0.9332,,,0.0668
30.575,119.425,39,1885.56,1868.49,0.020931,0.9996,0.016388,0.016672,1.0002,0.0,0.1577,,,0.8423
30.575,119.675,57,1885.85,1872.4,0.16218,1.0007,0.028589,0.028589,0.9996,0.0,,,,1.0
30.575,119.925,57,1895.76,1880.69,0.152473,0.9996,0.0355,0.0355,1.0,0.0,,,,1.0
30.575,120.175,107,1896.35,1880.92,0.341785,1.0007,0.113357,0.113357,1.0,0.0,,,,1.0
30.575,120.425,119,1900.61,1889.22,0.401442,1.0007,0.146855,0.146855,1.0,0.0,,,,1.0
30.575,120.675,102,1906.14,1894.92,0.398606,0.9996,0.192682,0.192682,1.0,0.0,,,,1.0
30.575,120.925,60,1899.38,1886.99,0.278102,1.0007,0.258616,0.258616,0.8197,0.1803,,,,0.8197
30.575,121.175,2,1911.75,1898.06,0.094656,1.0007,0.31497,0.31497,0.2409,0.759,,,0.0027,0.2384
30.575,121.425,10,1868.29,1861.12,0.000403,0.9996,0.0,0.0,0.0005,0.9995,,,0.0005,
30.575,121.675,5,1914.14,1896.97,0.000104,1.0007,,,0.0,1.0,,,,
30.575,121.925,3,1886.59,1879.35,0.001076,1.0007,,,0.0,1.0,,,,
30.575,122.175,1,1944.91,1937.45,0.012575,0.9996,0.011746,0.011746,0.0116,0.9884,,,,0.0116
30.575,122.425,3,1858.16,1851.03,0.003573,1.0007,0.022294,0.022294,0.0247,0.9753,,,,0.0247
30.325,114.925,38,1900.59,1888.98,0.247948,0.9986,,,0.0,1.0,,,,
30.325,115.175,77,1892.4,1881.26,0.109297,0.9996,,,0.0,1.0,,,,
30.325,115.425,172,1892.02,1881.69,0.063012,0.9996,,,0.0,1.0,,,,
30.325,115.675,67,1887.42,1876.49,0.022407,0.9986,,,0.0,1.0,,,,
30.325,115.925,18,1892.61,1881.51,0.002903,0.9996,0.027367,0.030377,0.426,0.5741,0.4259,,,
30.325,116.175,136,1894.27,1882.71,0.023014,0.9996,0.194987,0.228785,1.0,0.0,1.0,,,
30.325,116.425,162,1895.35,1883.14,0.050881,0.9986,0.292404,0.34225,1.0,0.0,1.0,,,
30.325,116.675,65,1896.24,1883.86,0.066392,0.9996,0.288978,0.329494,1.0,0.0,1.0,,,
30.325,116.925,42,1903.08,1887.71,0.040444,0.9996,0.168718,0.211635,0.9996,0.0,1.0,,,
30.325,117.175,78,1899.89,1882.6,0.023327,0.9986,0.105592,0.123668,1.0,0.0,1.0,,,
30.325,117.425,14,1897.51,1881.96,0.014079,0.9996,0.042541,0.048162,1.0,0.0,1.0,,,
30.325,117.675,5,1887.6,1865.5,0.001467,0.9996,0.013667,0.015442,1.0,0.0,1.0,,,
30.325,117.925,2,1864.81,1845.6,0.004945,0.9986,0.026473,0.031386,1.0,0.0,1.0,,,
30.325,118.175,12,1879.36,1862.31,0.017853,0.9996,0.024503,0.024633,1.0,0.0,1.0,,,
30.325,118.425,9,1884.95,1869.3,0.011337,0.9996,0.029927,0.046089,1.0,0.0,1.0,,,
30.325,118.675,9,1875.52,1857.32,0.004071,0.9986,0.032524,0.036124,1.0,0.0,1.0,,,
30.325,118.925,7,1880.31,1860.51,0.00206,0.9996,0.018548,0.019045,1.0002,0.0,0.645,,,0.355
30.325,119.175,9,1874.02,1858.56,0.001086,0.9996,0.018053,0.018738,1.0001,0.0,0.5323,,,0.4677
30.325,119.425,33,1884.8,1865.93,0.0071,0.9986,0.009853,0.009926,1.0001,0.0,0.0896,,,0.9104
30.325,119.675,48,1894.73,1879.09,0.088551,0.9996,0.013282,0.013282,0.9996,0.0,,,,1.0
30.325,119.925,108,1896.9,1882.85,0.279377,0.9986,0.116158,0.116158,1.0,0.0,,,,1.0
30.325,120.175,60,1910.21,1897.11,0.667426,0.9996,0.030035,0.030035,0.9454,0.0546,,,,0.9454
30.325,120.425,17,1907.64,1898.51,0.526969,0.9996,0.064216,0.064216,0.859,0.141,,,,0.859
30.325,120.675,2,1916.05,1903.83,0.134902,0.9986,0.182751,0.183436,0.6779,0.3222,,,,0.6778
30.325,120.925,2,1881.75,1857.15,0.06597,0.9996,0.179059,0.180012,0.2507,0.7493,,,,0.2507
30.325,121.175,15,1896.86,1886.95,0.270358,0.9996,0.038077,0.040329,0.4665,0.5335,,,,0.4665
30.325,121.425,6,1900.4,1892.92,0.096568,0.9986,0.104651,0.107964,0.3284,0.6718,,,,0.3282
30.325,121.675,4,1897.86,1890.58,0.0,0.9996,,,0.0,1.0,,,,
30.325,121.925,3,1864.09,1856.95,0.00331,0.9996,,,0.0,1.0,,,,
30.325,122.175,3,1895.45,1880.77,0.052365,0.9986,0.041167,0.041167,0.167,0.833,,,,0.167
30.325,122.425,1,1850.5,1843.4,0.006382,0.9996,0.025149,0.025149,0.0883,0.9117,,,,0.0883
30.075,114.925,74,1897.83,1887.8,0.210275,0.9996,,,0.0,1.0,,,,
30.075,115.175,3,1905.7,1886.96,0.086547,1.0007,,,0.0,1.0,,,,
30.075,115.425,77,1895.13,1883.91,0.044602,1.0007,,,0.0,1.0,,,,
30.075,115.675,67,1893.37,1883.22,0.029867,0.9996,,,0.0,1.0,,,,
30.075,115.925,80,1899.71,1888.88,0.045563,1.0007,0.0,0.0,0.0009,0.9991,0.0009,,,
30.075,116.175,63,1894.96,1885.78,0.033635,1.0007,0.198579,0.238741,0.9229,0.0773,0.9227,,,
30.075,116.425,5,1924.23,1905.09,0.00905,0.9996,0.134225,0.163498,0.9999,0.0001,0.9999,,,
30.075,116.675,29,1905.12,1896.48,0.053287,1.0007,0.20967,0.253724,0.6755,0.3244,0.6756,,,
30.075,116.925,40,1895.92,1880.74,0.028608,1.0007,0.086232,0.13658,0.9636,0.0361,0.9639,,,
30.075,117.175,16,1888.5,1874.05,0.00254,0.9996,0.046425,0.05225,1.0,0.0,1.0,,,
30.075,117.425,1,1875.57,1848.0,0.001329,1.0007,0.012701,0.013171,1.0,0.0,1.0,,,
30.075,117.675,3,1876.23,1856.19,0.001384,1.0007,0.011453,0.011595,1.0,0.0,1.0,,,
30.075,117.925,11,1893.42,1869.43,0.001867,0.9996,0.014141,0.014142,1.0,0.0,1.0,,,
30.075,118.425,24,1887.51,1871.35,0.006077,1.0007,0.032468,0.034343,1.0,0.0,1.0,,,
30.075,118.675,9,1887.71,1872.4,0.026013,0.9996,0.032575,0.03335,1.0,0.0,1.0,,,
30.075,119.175,18,1886.31,1866.63,0.014005,1.0007,0.011843,0.011843,1.0,0.0,,,,1.0
30.075,119.425,17,1892.48,1873.7,0.019602,0.9996,0.021431,0.021431,1.0,0.0,,,,1.0
30.075,119.675,34,1895.06,1875.88,0.046195,1.0007,0.02296,0.02296,0.9996,0.0,,,,1.0
30.075,119.925,26,1908.51,1891.34,0.183526,0.9996,0.034955,0.034955,1.0,0.0,,,,1.0
30.075,120.175,34,1903.14,1888.54,0.395019,1.0007,0.047181,0.047183,0.9998,0.0002,,,,0.9998
30.075,120.425,80,1904.35,1891.53,0.427518,1.0007,0.028984,0.032003,1.0,0.0,,,,1.0
30.075,120.675,76,1907.02,1893.11,0.315445,0.9996,0.163599,0.190362,0.9414,0.0587,,,,0.9413
30.075,120.925,66,1904.61,1890.14,0.284902,1.0007,0.129247,0.181178,0.9562,0.0439,,,,0.9561
30.075,121.175,67,1901.15,1889.98,0.40649,1.0007,0.035324,0.044217,1.0,0.0,,,,1.0
30.075,121.425,49,1900.09,1886.3,0.247008,0.9996,0.061434,0.076292,0.9928,0.0072,,,,0.9928
30.075,121.675,3,1912.05,1894.57,0.163744,1.0007,0.03275,0.043304,0.3118,0.6884,,,,0.3116
30.075,122.425,1,1860.31,1853.18,0.012107,1.0007,0.018816,0.018816,0.0199,0.9802,,,,0.0198
29.825,114.925,20,1891.56,1880.18,0.013648,0.9996,,,0.0,1.0,,,,
29.825,115.175,60,1893.18,1879.67,0.06719,1.0007,,,0.0,1.0,,,,
29.825,115.425,10,1895.16,1876.63,0.075113,1.0007,,,0.0,1.0,,,,
29.825,115.675,7,1893.43,1879.2,0.100553,0.9996,,,0.0,1.0,,,,
29.825,115.925,37,1898.15,1886.06,0.123276,1.0007,,,0.0,1.0,,,,
29.825,116.425,51,1892.46,1876.32,0.05304,0.9996,0.186148,0.230202,0.3015,0.6983,0.3017,,,
29.825,116.675,95,1893.9,1874.9,0.025162,1.0007,0.078008,0.117038,0.0731,0.9271,0.0729,,,
29.825,116.925,70,1887.97,1867.24,0.002608,1.0007,0.050151,0.065819,0.8291,0.1707,0.8293,,,
29.825,117.175,94,1889.92,1864.39,0.00173,0.9996,0.015175,0.016604,0.3753,0.6247,0.3753,,,
29.825,117.425,118,1888.8,1862.8,0.001545,1.0007,0.015543,0.015543,0.748,0.2518,0.7482,,,
29.825,117.675,79,1892.59,1869.25,0.010534,1.0007,0.015202,0.015202,1.0,0.0,1.0,,,
29.825,117.925,106,1886.65,1863.46,0.009388,0.9996,0.042248,0.042248,1.0,0.0,1.0,,,
29.825,118.175,97,1891.01,1875.33,0.060357,1.0007,0.044405,0.044405,1.0,0.0,1.0,,,
29.825,118.425,121,1890.21,1873.19,0.084172,1.0007,0.057454,0.057454,1.0,0.0,1.0,,,
29.825,118.675,12,1888.74,1869.56,0.0087,0.9996,0.018956,0.018956,1.0002,0.0,0.8271,,,0.1729
29.825,119.175,2,1898.64,1872.96,0.00614,1.0007,0.009314,0.009314,1.0,0.0,,,,1.0
29.825,119.675,11,1895.3,1878.14,0.105835,1.0007,0.041054,0.041054,0.9996,0.0,,,,1.0
29.825,120.175,55,1907.2,1892.05,0.201162,1.0007,0.064991,0.072706,1.0,0.0,,,,1.0
29.825,120.425,71,1907.93,1890.22,0.109939,1.0007,0.084657,0.09811,1.0,0.0,,,,1.0
29.825,120.675,11,1909.0,1888.7,0.037439,0.9996,0.032922,0.043836,1.0,0.0,,,,1.0
29.825,120.925,49,1902.37,1883.26,0.04293,1.0007,0.075787,0.094268,1.0,0.0,,,,1.0
29.825,121.175,2,1943.68,1917.24,0.014798,1.0007,0.004748,0.010832,1.0,0.0,,,,1.0
29.825,121.425,76,1897.04,1885.41,0.368026,0.9996,0.062489,0.088245,1.0,0.0,,,,1.0
29.825,121.675,26,1907.93,1896.24,0.394894,1.0007,0.010208,0.015461,1.0,0.0,,,,1.0
29.825,122.425,2,1878.34,1871.14,0.02232,1.0007,0.035732,0.035732,0.0921,0.9079,,,,0.0921
29.575,114.925,21,1891.52,1875.3,0.011095,0.9986,,,0.0,1.0,,,,
29.575,115.175,7,1882.21,1865.24,0.001537,0.9996,,,0.0,1.0,,,,
29.575,115.425,3,1891.99,1880.03,0.00176,0.9996,,,0.0,1.0,,,,
29.575,115.675,84,1899.81,1884.9,0.044234,0.9986,,,0.0,1.0,,,,
29.575,115.925,31,1892.64,1878.11,0.120748,0.9996,,,0.0,1.0,,,,
29.575,116.175,10,1889.39,1879.72,0.036349,0.9996,,,0.0,1.0,,,,
29.575,116.425,134,1892.89,1878.7,0.018259,0.9986,,,0.0,1.0,,,,
29.575,116.675,203,1893.39,1876.81,0.010734,0.9996,0.076636,0.10475,0.2881,0.7119,0.2881,,,
29.575,116.925,121,1892.38,1871.92,0.003173,0.9996,0.037921,0.053644,0.347,0.6528,0.3472,,,
29.575,117.175,108,1885.9,1862.37,0.001788,0.9986,0.0,0.0,0.0001,1.0,0.0,,,
29.575,117.425,65,1889.48,1867.28,0.002915,0.9996,0.006545,0.006545,0.0746,0.9253,0.0747,,,
29.575,118.175,54,1891.37,1872.11,0.012276,0.9996,0.024305,0.024305,0.9092,0.0908,0.9092,,,
29.575,118.425,13,1883.01,1864.41,0.00826,0.9996,0.008823,0.008843,1.0002,0.0,0.7516,,,0.2484
29.575,118.675,10,1898.49,1874.66,0.008474,0.9986,0.014364,0.014364,1.0001,0.0,0.1007,,,0.8993
29.575,119.425,11,1897.92,1879.61,0.05024,0.9986,0.017758,0.017758,1.0,0.0,,,,1.0
29.575,119.675,3,1903.35,1885.83,0.007472,0.9996,0.00975,0.01067,0.9996,0.0,,,,1.0
29.575,119.925,23,1899.32,1885.94,0.068343,0.9986,0.016465,0.022367,1.0,0.0,,,,1.0
29.575,120.175,61,1901.55,1886.02,0.117078,0.9996,0.075924,0.091529,1.0,0.0,,,,1.0
29.575,120.425,26,1902.71,1883.94,0.013592,0.9996,0.029328,0.035608,1.0,0.0,,,,1.0
29.575,120.675,37,1904.18,1891.4,0.055598,0.9986,0.055833,0.077297,1.0,0.0,,,,1.0
29.575,120.925,61,1902.95,1889.42,0.148546,0.9996,0.037422,0.05412,1.0,0.0,,,,1.0
29.575,121.425,12,1901.22,1888.64,0.121775,0.9986,0.034744,0.053802,0.8692,0.1308,,,,0.8692
29.575,121.675,1,1862.07,1838.01,0.060759,0.9996,0.043831,0.05248,0.7041,0.2959,,,,0.7041
29.575,122.175,1,1844.01,1814.96,0.003897,0.9986,0.026171,0.026171,0.0287,0.9713,,,,0.0287
29.575,122.425,41,1853.53,1846.42,0.0,0.9996,,,0.0,1.0,,,,
29.325,114.925,37,1884.1,1864.35,0.001946,0.9996,,,0.0,1.0,,,,
29.325,115.175,13,1890.97,1874.21,0.038563,1.0007,,,0.0,1.0,,,,
29.325,115.425,41,1891.03,1872.11,0.004813,1.0007,,,0.0,1.0,,,,
29.325,115.675,165,1897.62,1883.37,0.064741,0.9996,,,0.0,1.0,,,,
29.325,115.925,36,1894.86,1881.51,0.045627,1.0007,,,0.0,1.0,,,,
29.325,116.175,3,1858.81,1845.32,0.044029,1.0007,,,0.0,1.0,,,,
29.325,116.425,81,1896.91,1882.49,0.029462,0.9996,,,0.0,1.0,,,,
29.325,116.675,68,1893.04,1882.07,0.030742,1.0007,,,0.0,1.0,,,,
29.325,116.925,171,1890.67,1874.44,0.016188,1.0007,,,0.0,1.0,,,,
29.325,117.175,179,1891.43,1876.06,0.162582,0.9996,,,0.0,1.0,,,,
29.325,117.425,109,1886.53,1865.51,0.008749,1.0007,,,0.0,1.0,,,,
29.325,117.675,165,1886.38,1862.82,0.007828,1.0007,,,0.0,1.0,,,,
29.325,117.925,107,1885.61,1862.33,0.030988,0.9996,0.01002,0.013739,0.0013,0.9988,,,,0.0012
29.325,118.425,1,1883.36,1869.29,0.01252,1.0007,0.019015,0.02333,1.0,0.0,0.0009,,,0.9991
29.325,118.675,18,1884.09,1857.38,0.005838,0.9996,0.010419,0.010956,1.0,0.0,,,,1.0
29.325,119.175,20,1889.3,1874.09,0.045808,1.0007,0.043652,0.048215,1.0,0.0,,,,1.0
29.325,119.425,79,1886.73,1873.74,0.100647,0.9996,0.042049,0.046429,1.0,0.0,,,,1.0
29.325,119.675,19,1888.01,1871.46,0.026481,1.0007,0.020768,0.026388,0.9996,0.0,,,,1.0
29.325,119.925,59,1897.55,1886.42,0.226081,0.9996,0.027597,0.035552,1.0,0.0,,,,1.0
29.325,120.175,44,1898.78,1888.11,0.273176,1.0007,0.025104,0.03094,1.0,0.0,,,,1.0
29.325,120.425,15,1900.3,1889.02,0.066501,1.0007,0.04955,0.07183,1.0,0.0,,,,1.0
29.325,120.675,6,1907.34,1888.61,0.013025,0.9996,0.022774,0.032343,1.0,0.0,,,,1.0
29.325,120.925,9,1889.66,1869.9,0.017653,1.0007,0.017149,0.033256,1.0,0.0,,,,1.0
29.325,121.425,7,1907.83,1894.37,0.116088,0.9996,0.019896,0.032451,0.9203,0.0798,,,,0.9202
29.325,121.675,2,1880.67,1858.7,0.056134,1.0007,0.05473,0.063741,0.8253,0.1746,,,,0.8254
29.325,122.175,10,1874.47,1867.28,1e-06,0.9996,,,0.0,1.0,,,,
29.325,122.425,31,1862.88,1855.74,0.0,1.0007,,,0.0,1.0,,,,
29.075,114.925,21,1885.9,1865.63,0.00126,0.9996,,,0.0,1.0,,,,
29.075,115.425,4,1885.26,1863.06,0.001979,1.0007,,,0.0,1.0,,,,
29.075,115.675,129,1895.33,1884.16,0.029676,0.9996,,,0.0,1.0,,,,
29.075,115.925,61,1903.43,1890.33,0.039617,1.0007,,,0.0,1.0,,,,
29.075,116.175,15,1916.62,1896.95,0.003001,1.0007,,,0.0,1.0,,,,
29.075,116.675,10,1897.83,1886.59,0.068506,1.0007,,,0.0,1.0,,,,
29.075,116.925,181,1892.63,1879.98,0.043989,1.0007,,,0.0,1.0,,,,
29.075,117.175,175,1892.18,1876.77,0.058948,0.9996,,,0.0,1.0,,,,
29.075,117.425,173,1888.89,1870.17,0.018274,1.0007,,,0.0,1.0,,,,
29.075,117.675,106,1886.24,1863.25,0.042442,1.0007,,,0.0,1.0,,,,
29.075,117.925,79,1884.65,1861.01,0.011047,0.9996,0.009183,0.01257,0.0433,0.9383,,,,0.0617
29.075,118.175,7,1890.5,1866.98,0.006813,1.0007,0.021891,0.02611,0.8212,0.1788,,,,0.8212
29.075,118.425,40,1885.22,1864.53,0.044067,1.0007,0.015728,0.021904,1.0,0.0,,,,1.0
29.075,118.675,50,1887.48,1872.45,0.01986,0.9996,0.010439,0.020058,1.0,0.0,,,,1.0
29.075,118.925,108,1895.36,1883.98,0.115336,1.0007,0.046949,0.071113,1.0,0.0,,,,1.0
29.075,119.175,178,1889.12,1876.3,0.133442,1.0007,0.125247,0.169749,1.0,0.0,,,,1.0
29.075,119.425,138,1887.24,1874.87,0.139846,0.9996,0.129084,0.143588,1.0,0.0,,,,1.0
29.075,119.675,75,1893.36,1881.65,0.234891,1.0007,0.049563,0.052386,0.9996,0.0,,,,1.0
29.075,119.925,30,1898.24,1883.29,0.088457,0.9996,0.040695,0.049561,1.0,0.0,,,,1.0
29.075,120.175,42,1895.68,1884.26,0.15383,1.0007,0.066957,0.089621,1.0,0.0,,,,1.0
29.075,120.425,14,1900.0,1884.0,0.056352,1.0007,0.026484,0.035837,1.0,0.0,,,,1.0
29.075,120.675,3,1916.97,1896.44,0.007031,0.9996,0.019515,0.024987,1.0,0.0,,,,1.0
29.075,120.925,10,1897.12,1885.36,0.071315,1.0007,0.038591,0.059043,1.0,0.0,,,,1.0
29.075,121.425,1,1861.03,1836.22,0.06226,0.9996,0.01947,0.028401,0.8336,0.1665,,,,0.8335
29.075,121.675,2,1844.78,1818.07,0.037411,1.0007,0.058183,0.063691,0.2941,0.7059,,,,0.2941
29.075,122.175,24,1882.27,1875.05,1e-05,0.9996,,,0.0,1.0,,,,
29.075,122.425,24,1880.29,1873.08,0.0,1.0007,,,0.0,1.0,,,,
28.825,115.175,20,1892.45,1875.65,0.000702,0.9996,,,0.0,1.0,,,,
28.825,115.425,168,1897.54,1885.59,0.042897,0.9996,,,0.0,1.0,,,,
28.825,115.675,99,1898.57,1888.05,0.055443,0.9986,,,0.0,1.0,,,,
28.825,115.925,65,1907.74,1894.71,0.206357,0.9996,,,0.0,1.0,,,,
28.825,116.175,45,1903.75,1886.02,0.026265,0.9996,,,0.0,1.0,,,,
28.825,116.425,8,1899.53,1889.08,0.019082,0.9986,,,0.0,1.0,,,,
28.825,116.675,103,1898.27,1887.25,0.051803,0.9996,,,0.0,1.0,,,,
28.825,116.925,189,1895.49,1883.46,0.049595,0.9996,,,0.0,1.0,,,,
28.825,117.175,148,1892.38,1878.76,0.038679,0.9986,,,0.0,1.0,,,,
28.825,117.425,145,1889.18,1873.78,0.017559,0.9996,,,0.0,1.0,,,,
28.825,117.675,43,1885.48,1866.78,0.020393,0.9996,,,0.0,1.0,,,,
28.825,118.175,15,1891.42,1879.61,0.013188,0.9996,0.003267,0.003713,0.0498,0.9502,,,,0.0498
28.825,118.425,140,1888.05,1872.81,0.063506,0.9996,0.044996,0.073701,0.8378,0.1622,,,,0.8378
28.825,118.675,92,1890.7,1877.52,0.082457,0.9986,0.038289,0.061193,1.0,0.0,,,,1.0
28.825,118.925,63,1899.92,1888.91,0.122291,0.9996,0.031185,0.042767,1.0,0.0,,,,1.0
28.825,119.175,6,1896.19,1877.74,0.009715,0.9996,0.019676,0.027318,1.0,0.0,,,,1.0
28.825,119.675,21,1892.07,1877.91,0.026571,0.9996,0.037188,0.041365,0.9996,0.0,,,,1.0
28.825,119.925,46,1896.79,1884.94,0.152049,0.9986,0.039086,0.049477,1.0,0.0,,,,1.0
28.825,120.175,39,1889.18,1875.04,0.113163,0.9996,0.049834,0.06344,1.0,0.0,,,,1.0
28.825,120.425,1,1878.35,1859.81,0.016834,0.9996,0.026477,0.03169,1.0,0.0,,,,1.0
28.825,120.675,3,1899.39,1881.48,0.056858,0.9986,0.037527,0.046691,1.0,0.0,,,,1.0
28.825,120.925,14,1889.32,1871.93,0.03841,0.9996,0.02791,0.046998,1.0,0.0,,,,1.0
28.825,121.175,11,1900.48,1886.27,0.118833,0.9996,0.027627,0.040524,0.9659,0.0341,,,,0.9659
28.825,121.425,2,1921.24,1895.76,0.106284,0.9986,0.027799,0.041841,0.9301,0.0698,,,,0.9302
28.825,121.675,1,1886.45,1859.33,0.08799,0.9996,0.062516,0.067737,0.276,0.724,,,,0.276
28.825,121.925,6,1885.22,1872.57,6e-06,0.9996,,,0.0,1.0,,,,
28.825,122.175,15,1875.55,1865.42,6.5e-05,0.9986,,,0.0,1.0,,,,
28.825,122.425,35,1865.42,1858.27,0.0,0.9996,,,0.0,1.0,,,,
28.575,114.925,62,1886.47,1863.89,0.00309,0.9996,,,0.0,1.0,,,,
28.575,115.175,94,1894.1,1877.22,0.003931,1.0007,,,0.0,1.0,,,,
28.575,115.425,188,1897.63,1886.24,0.061005,1.0007,,,0.0,1.0,,,,
28.575,115.675,108,1898.14,1886.52,0.124271,0.9996,,,0.0,1.0,,,,
28.575,115.925,23,1897.66,1887.93,0.431413,1.0007,,,0.0,1.0,,,,
28.575,116.175,4,1911.99,1900.6,0.043484,1.0007,,,0.0,1.0,,,,
28.575,116.425,9,1907.18,1896.18,0.016043,0.9996,,,0.0,1.0,,,,
28.575,116.675,97,1899.41,1886.54,0.048195,1.0007,,,0.0,1.0,,,,
28.575,116.925,149,1894.16,1877.65,0.022543,1.0007,,,0.0,1.0,,,,
28.575,117.175,81,1891.04,1873.9,0.014031,0.9996,,,0.0,1.0,,,,
28.575,117.425,94,1889.1,1871.2,0.011872,1.0007,,,0.0,1.0,,,,
28.575,117.675,49,1885.83,1869.39,0.010443,1.0007,,,0.0,1.0,,,,
28.575,117.925,87,1892.42,1878.59,0.097389,0.9996,,,0.0,1.0,,,,
28.575,118.175,182,1892.89,1878.84,0.083602,1.0007,,,0.0,1.0,,,,
28.575,118.425,197,1891.01,1875.92,0.047231,1.0007,0.115934,0.187371,0.461,0.5391,,,,0.4609
28.575,118.675,39,1889.36,1874.63,0.023698,0.9996,0.024964,0.043049,1.0,0.0,,,,1.0
28.575,119.425,2,1882.17,1867.28,0.044598,0.9996,0.015226,0.020323,1.0,0.0,,,,1.0
28.575,119.675,2,1907.97,1891.81,0.006542,1.0007,0.014262,0.017757,0.9996,0.0,,,,1.0
28.575,119.925,3,1884.38,1871.43,0.040927,0.9996,0.00796,0.009648,1.0,0.0,,,,1.0
28.575,120.175,12,1897.52,1879.07,0.018888,1.0007,0.010706,0.01392,1.0,0.0,,,,1.0
28.575,121.175,18,1914.87,1903.3,0.157262,1.0007,0.020823,0.030866,0.9936,0.0064,,,,0.9936
28.575,121.425,29,1900.57,1891.69,0.502954,0.9996,0.005582,0.006242,0.8858,0.1144,,,,0.8856
28.575,121.925,3,1894.13,1880.23,0.000375,1.0007,,,0.0,1.0,,,,
28.575,122.175,14,1862.5,1855.36,0.0,0.9996,,,0.0,1.0,,,,
28.575,122.425,21,1863.7,1856.55,0.0,1.0007,,,0.0,1.0,,,,
28.325,114.925,146,1896.21,1881.97,0.087147,0.9996,,,0.0,1.0,,,,
28.325,115.175,172,1897.09,1884.97,0.031341,1.0007,,,0.0,1.0,,,,
28.325,115.425,132,1902.01,1891.09,0.082296,1.0007,,,0.0,1.0,,,,
28.325,115.675,80,1905.46,1894.46,0.073393,0.9996,,,0.0,1.0,,,,
28.325,115.925,112,1902.3,1890.45,0.064153,1.0007,,,0.0,1.0,,,,
28.325,116.175,82,1901.3,1890.42,0.090659,1.0007,,,0.0,1.0,,,,
28.325,116.425,132,1899.03,1885.27,0.010464,0.9996,,,0.0,1.0,,,,
28.325,116.675,154,1895.75,1880.32,0.05379,1.0007,,,0.0,1.0,,,,
28.325,116.925,163,1892.62,1881.88,0.107347,1.0007,,,0.0,1.0,,,,
28.325,117.175,128,1891.01,1879.51,0.104098,0.9996,,,0.0,1.0,,,,
28.325,117.425,126,1890.65,1876.34,0.041501,1.0007,,,0.0,1.0,,,,
28.325,117.675,125,1894.33,1881.3,0.077533,1.0007,,,0.0,1.0,,,,
28.325,117.925,58,1892.56,1878.51,0.117341,0.9996,,,0.0,1.0,,,,
28.325,118.175,126,1894.55,1881.94,0.070537,1.0007,,,0.0,1.0,,,,
28.325,118.425,13,1899.56,1882.76,0.007591,1.0007,0.016232,0.024797,0.2369,0.7632,,,,0.2368
28.325,119.425,2,1891.56,1875.07,0.010804,0.9996,0.005909,0.007771,1.0,0.0,,,,1.0
28.325,119.675,9,1889.82,1877.91,0.019899,1.0007,0.014199,0.017816,0.9996,0.0,,,,1.0
28.325,119.925,14,1886.6,1875.04,0.067555,0.9996,0.010375,0.012939,1.0,0.0,,,,1.0
28.325,121.425,15,1907.21,1894.98,0.190861,0.9996,0.037536,0.045974,0.6967,0.3032,,,,0.6968
28.325,121.925,9,1870.25,1863.08,0.000234,1.0007,,,0.0,1.0,,,,
28.325,122.175,12,1853.92,1846.81,0.0,0.9996,,,0.0,1.0,,,,
28.325,122.425,14,1855.1,1847.99,0.0,1.0007,,,0.0,1.0,,,,
28.075,114.925,112,1902.08,1887.0,0.013795,0.9986,,,0.0,1.0,,,,
28.075,115.175,197,1900.42,1888.67,0.013847,0.9996,,,0.0,1.0,,,,
28.075,115.425,134,1906.01,1896.16,0.077642,0.9996,,,0.0,1.0,,,,
28.075,115.675,182,1909.86,1898.66,0.089208,0.9986,,,0.0,1.0,,,,
28.075,115.925,167,1903.83,1888.41,0.022497,0.9996,,,0.0,1.0,,,,
28.075,116.175,148,1903.38,1889.42,0.030781,0.9996,,,0.0,1.0,,,,
28.075,116.425,153,1899.16,1888.41,0.091312,0.9986,,,0.0,1.0,,,,
28.075,116.675,168,1894.94,1878.63,0.013531,0.9996,,,0.0,1.0,,,,
28.075,116.925,147,1892.25,1875.57,0.015454,0.9996,,,0.0,1.0,,,,
28.075,117.175,71,1893.76,1877.33,0.003802,0.9986,,,0.0,1.0,,,,
28.075,117.425,9,1885.65,1861.95,0.001456,0.9996,,,0.0,1.0,,,,
28.075,117.675,18,1896.9,1878.73,0.004422,0.9996,,,0.0,1.0,,,,
28.075,117.925,10,1892.09,1875.04,0.002662,0.9986,,,0.0,1.0,,,,
28.075,118.425,13,1888.06,1872.04,0.008797,0.9996,,,0.0,1.0,,,,
28.075,120.675,1,1920.53,1910.77,0.293749,0.9986,0.015715,0.023047,0.8877,0.1123,,,,0.8877
28.075,121.425,6,1868.13,1860.96,0.019292,0.9986,0.016615,0.019433,0.0485,0.9515,,,,0.0485
28.075,121.675,27,1871.9,1863.89,0.0,0.9996,,,0.0,1.0,,,,
28.075,121.925,26,1870.87,1863.7,0.0,0.9996,,,0.0,1.0,,,,
28.075,122.175,12,1853.79,1846.68,0.0,0.9986,,,0.0,1.0,,,,
28.075,122.425,10,1880.04,1872.83,0.0,0.9996,,,0.0,1.0,,,,
27.825,114.925,145,1903.76,1891.07,0.182894,0.9996,,,0.0,1.0,,,,
27.825,115.175,190,1902.36,1888.58,0.015779,1.0007,,,0.0,1.0,,,,
27.825,115.425,107,1910.04,1897.61,0.049946,1.0007,,,0.0,1.0,,,,
27.825,115.675,31,1899.65,1883.24,0.004773,0.9996,,,0.0,1.0,,,,
27.825,115.925,107,1896.52,1879.08,0.006225,1.0007,,,0.0,1.0,,,,
27.825,116.175,156,1900.37,1887.55,0.050447,1.0007,,,0.0,1.0,,,,
27.825,116.425,132,1897.99,1884.16,0.065672,0.9996,,,0.0,1.0,,,,
27.825,116.675,164,1898.73,1883.06,0.035814,1.0007,,,0.0,1.0,,,,
27.825,116.925,41,1894.35,1872.62,0.001546,1.0007,,,0.0,1.0,,,,
27.825,117.175,1,1845.77,1829.48,0.009306,0.9996,,,0.0,1.0,,,,
27.825,117.925,2,1926.71,1912.03,0.023917,0.9996,,,0.0,1.0,,,,
27.825,118.425,5,1894.96,1881.4,0.014906,1.0007,,,0.0,1.0,,,,
27.825,118.675,12,1887.28,1868.51,0.003473,0.9996,0.002487,0.003192,0.0077,0.9923,,,,0.0077
27.825,119.925,8,1893.51,1873.66,0.008123,0.9996,0.017403,0.023956,1.0,0.0,,,,1.0
27.825,120.425,6,1903.95,1891.76,0.068175,1.0007,0.04606,0.084698,1.0,0.0,,,,1.0
27.825,120.675,4,1906.86,1893.97,0.338849,0.9996,0.017465,0.032081,0.8927,0.1072,,,,0.8928
27.825,121.175,4,1860.22,1853.08,0.020172,1.0007,0.013689,0.038923,0.0393,0.9607,,,,0.0393
27.825,121.425,28,1860.25,1853.11,0.0,0.9996,,,0.0,1.0,,,,
27.825,121.675,33,1869.78,1862.61,0.0,1.0007,,,0.0,1.0,,,,
27.825,121.925,19,1872.13,1864.95,0.0,1.0007,,,0.0,1.0,,,,
27.825,122.175,17,1863.14,1856.0,0.0,0.9996,,,0.0,1.0,,,,
27.825,122.425,26,1872.63,1865.44,0.0,1.0007,,,0.0,1.0,,,,
27.575,114.925,165,1899.91,1879.66,0.006502,0.9996,,,0.0,1.0,,,,
27.575,115.175,129,1901.79,1882.89,0.009479,1.0007,,,0.0,1.0,,,,
27.575,115.425,105,1902.9,1884.45,0.012485,1.0007,,,0.0,1.0,,,,
27.575,115.675,94,1897.21,1879.32,0.004812,0.9996,,,0.0,1.0,,,,
27.575,115.925,54,1895.25,1878.33,0.005516,1.0007,,,0.0,1.0,,,,
27.575,116.175,102,1897.51,1878.35,0.018684,1.0007,,,0.0,1.0,,,,
27.575,116.425,30,1897.84,1877.15,0.000972,0.9996,,,0.0,1.0,,,,
27.575,116.675,87,1897.74,1876.96,0.038447,1.0007,,,0.0,1.0,,,,
27.575,116.925,15,1888.46,1863.53,0.00013,1.0007,,,0.0,1.0,,,,
27.575,117.175,18,1891.12,1870.6,0.002677,0.9996,,,0.0,1.0,,,,
27.575,117.425,10,1889.61,1874.56,0.017224,1.0007,,,0.0,1.0,,,,
27.575,117.925,40,1894.81,1873.82,0.022997,0.9996,,,0.0,1.0,,,,
27.575,118.175,24,1892.39,1873.21,0.009738,1.0007,,,0.0,1.0,,,,
27.575,118.675,20,1889.91,1865.04,0.015296,0.9996,,,0.0,1.0,,,,
27.575,120.425,23,1894.49,1883.27,0.210954,1.0007,0.046331,0.088603,1.0,0.0,,,,1.0
27.575,120.675,1,1842.75,1835.68,0.12463,0.9996,0.077053,0.143882,0.3872,0.6129,,,,0.3871
27.575,120.925,5,1858.97,1846.94,0.000144,1.0007,0.0,0.0,0.0004,0.9996,,,,0.0004
27.575,121.175,12,1862.33,1855.19,0.00076,1.0007,0.01588,0.01588,0.0165,0.9835,,,,0.0165
27.575,121.425,43,1861.05,1853.91,0.0,0.9996,,,0.0,1.0,,,,
27.575,121.675,32,1862.56,1855.41,0.0,1.0007,,,0.0,1.0,,,,
27.575,121.925,14,1868.33,1861.17,0.0,1.0007,,,0.0,1.0,,,,
27.575,122.175,18,1873.39,1866.2,0.0,0.9996,,,0.0,1.0,,,,
27.575,122.425,24,1879.27,1872.06,0.0,1.0007,,,0.0,1.0,,,,
27.325,114.925,153,1899.72,1887.27,0.015738,0.9986,,,0.0,1.0,,,,
27.325,115.175,71,1904.77,1887.46,0.040807,0.9996,,,0.0,1.0,,,,
27.325,115.425,164,1896.12,1878.78,0.031615,0.9996,,,0.0,1.0,,,,
27.325,115.675,145,1898.88,1879.26,0.003277,0.9986,,,0.0,1.0,,,,
27.325,115.925,49,1894.46,1877.66,0.018563,0.9996,,,0.0,1.0,,,,
27.325,116.175,10,1891.02,1869.79,0.001422,0.9996,,,0.0,1.0,,,,
27.325,116.425,29,1898.15,1884.09,0.018676,0.9986,,,0.0,1.0,,,,
27.325,116.675,118,1901.45,1881.68,0.009272,0.9996,,,0.0,1.0,,,,
27.325,116.925,89,1886.34,1867.23,0.021904,0.9996,,,0.0,1.0,,,,
27.325,117.175,8,1886.25,1864.61,0.000717,0.9986,,,0.0,1.0,,,,
27.325,117.425,26,1902.81,1882.64,0.036376,0.9996,,,0.0,1.0,,,,
27.325,117.675,7,1907.01,1885.02,0.011965,0.9996,,,0.0,1.0,,,,
27.325,117.925,67,1900.93,1878.03,0.004661,0.9986,,,0.0,1.0,,,,
27.325,118.175,82,1897.5,1877.07,0.052765,0.9996,,,0.0,1.0,,,,
27.325,118.425,2,1913.89,1893.51,0.003466,0.9996,,,0.0,1.0,,,,
27.325,118.925,3,1850.89,1830.35,0.01109,0.9996,,,0.0,1.0,,,,
27.325,119.175,26,1890.68,1868.15,0.002008,0.9996,0.004406,0.005304,0.0653,0.9345,,,,0.0655
27.325,120.175,1,1876.79,1857.49,0.04223,0.9996,0.012542,0.027447,0.2371,0.7627,,,,0.2373
27.325,120.425,2,1880.8,1864.03,0.029889,0.9996,0.012304,0.035982,0.6446,0.3553,,,,0.6447
27.325,120.675,8,1858.89,1851.76,0.013898,0.9986,0.04093,0.097088,0.0888,0.9111,,,,0.0889
27.325,120.925,27,1853.03,1845.93,0.0,0.9996,,,0.0,1.0,,,,
27.325,121.175,37,1861.43,1854.29,7.8e-05,0.9996,0.001604,0.001604,0.0024,0.9976,,,,0.0024
27.325,121.425,38,1858.6,1851.47,0.0,0.9986,,,0.0,1.0,,,,
27.325,121.675,21,1864.19,1857.04,0.0,0.9996,,,0.0,1.0,,,,
27.325,121.925,25,1867.22,1860.06,0.0,0.9996,,,0.0,1.0,,,,
27.325,122.175,15,1876.34,1869.15,0.0,0.9986,,,0.0,1.0,,,,
27.325,122.425,5,1876.52,1869.32,0.0,0.9996,,,0.0,1.0,,,,
27.075,114.925,105,1905.63,1893.37,0.18773,0.9996,,,0.0,1.0,,,,
27.075,115.175,33,1902.0,1880.72,0.023391,1.0007,,,0.0,1.0,,,,
27.075,115.425,104,1898.22,1876.97,0.001953,1.0007,,,0.0,1.0,,,,
27.075,115.675,50,1898.07,1880.62,0.010278,0.9996,,,0.0,1.0,,,,
27.075,115.925,2,1890.93,1869.16,0.001117,1.0007,,,0.0,1.0,,,,
27.075,116.175,9,1902.31,1879.54,0.00064,1.0007,,,0.0,1.0,,,,
27.075,116.425,55,1896.23,1880.4,0.004837,0.9996,,,0.0,1.0,,,,
27.075,116.675,96,1899.63,1880.63,0.002572,1.0007,,,0.0,1.0,,,,
27.075,116.925,20,1891.14,1871.34,0.001371,1.0007,,,0.0,1.0,,,,
27.075,117.175,11,1890.63,1870.01,0.003663,0.9996,,,0.0,1.0,,,,
27.075,117.425,4,1889.04,1864.42,0.000628,1.0007,,,0.0,1.0,,,,
27.075,117.675,15,1887.48,1862.27,0.004443,1.0007,,,0.0,1.0,,,,
27.075,117.925,6,1894.95,1871.1,0.002245,0.9996,,,0.0,1.0,,,,
27.075,118.175,21,1891.21,1870.24,0.013814,1.0007,,,0.0,1.0,,,,
27.075,118.425,24,1906.24,1887.94,0.024675,1.0007,,,0.0,1.0,,,,
27.075,118.675,7,1883.89,1866.47,0.004666,0.9996,,,0.0,1.0,,,,
27.075,118.925,6,1867.18,1848.31,0.003784,1.0007,,,0.0,1.0,,,,
27.075,119.175,3,1890.58,1869.19,0.005385,1.0007,,,0.0,1.0,,,,
27.075,120.425,3,1857.31,1841.41,0.011382,1.0007,0.008382,0.082422,0.0067,0.9933,,,,0.0067
27.075,120.675,16,1875.2,1866.55,5.7e-05,0.9996,,,0.0,1.0,,,,
27.075,120.925,16,1849.85,1842.75,0.0,1.0007,,,0.0,1.0,,,,
27.075,121.175,24,1858.69,1851.56,0.0,1.0007,,,0.0,1.0,,,,
27.075,121.425,25,1859.95,1852.82,0.0,0.9996,,,0.0,1.0,,,,
27.075,121.675,22,1864.09,1856.94,0.0,1.0007,,,0.0,1.0,,,,
27.075,121.925,9,1864.7,1857.54,0.0,1.0007,,,0.0,1.0,,,,
27.075,122.175,1,1849.41,1842.31,0.0,0.9996,,,0.0,1.0,,,,
27.075,122.425,2,1863.21,1856.06,0.0,1.0007,,,0.0,1.0,,,,
