centre_lat,centre_lon,sounding_count,in_box_prefilter,in_box_retrieved,months_observed,ch4_bias_corrected_ppb,within_cell_sd_ppb,weight_by_count,weight_representativeness
35.0750,114.9250,104,2052,329,8,1900.54,17.888,104,0.00304829
35.0750,115.1750,330,2038,501,8,1895.63,18.998,330,0.00275117
35.0750,115.4250,340,2047,510,8,1894.50,17.316,340,0.00330795
35.0750,115.6750,375,2031,531,8,1894.55,18.112,375,0.00302767
35.0750,115.9250,384,2094,535,8,1893.53,19.179,384,0.00270242
35.0750,116.1750,398,2062,549,8,1891.98,18.574,398,0.00288107
35.0750,116.4250,352,2054,601,8,1892.81,20.606,352,0.00234188
35.0750,116.6750,116,2022,467,7,1891.25,21.078,116,0.00221463
35.0750,116.9250,164,2065,463,8,1891.81,21.042,164,0.00223266
35.0750,117.1750,293,2047,519,7,1889.44,17.171,293,0.00335884
35.0750,117.4250,336,2024,513,8,1886.36,15.578,336,0.00407875
35.0750,117.6750,298,2136,556,7,1884.73,16.882,298,0.00347427
35.0750,117.9250,277,2043,546,7,1887.05,16.586,277,0.00359526
35.0750,118.1750,310,2051,521,7,1888.68,15.549,310,0.00409037
35.0750,118.4250,154,2029,442,7,1887.74,17.164,154,0.00333276
35.0750,118.6750,379,2035,555,8,1885.80,15.178,379,0.00429942
35.0750,118.9250,304,2090,519,8,1886.35,14.553,304,0.00466109
35.0750,119.1750,133,2096,411,9,1887.93,13.721,133,0.00513903
35.0750,119.4250,3,2029,38,2,1872.93,2.205,3,0.00350639
35.0750,119.6750,38,2055,53,3,1876.20,12.808,38,0.00537110
35.0750,119.9250,53,2070,128,5,1876.71,19.547,53,0.00251290
35.0750,120.1750,46,2034,55,4,1871.17,9.367,46,0.00943166
35.0750,120.4250,46,2071,64,4,1877.80,22.861,46,0.00184876
35.0750,120.6750,56,2086,78,4,1881.85,30.613,56,0.00105024
35.0750,120.9250,40,2089,66,4,1877.27,23.278,40,0.00177660
35.0750,121.1750,41,2066,51,3,1871.28,15.521,41,0.00382535
35.0750,121.4250,48,2048,58,4,1868.30,12.182,48,0.00602735
35.0750,121.6750,58,2065,72,5,1861.68,12.572,58,0.00579498
35.0750,121.9250,64,2051,78,5,1856.19,11.864,64,0.00649790
35.0750,122.1750,57,2052,66,3,1856.54,15.609,57,0.00387003
35.0750,122.4250,44,2149,61,3,1860.64,15.099,44,0.00404717
34.8250,114.9250,268,2035,467,8,1895.42,19.123,268,0.00271120
34.8250,115.1750,325,2067,510,8,1895.45,18.866,325,0.00278923
34.8250,115.4250,280,2049,536,8,1895.91,20.180,280,0.00243762
34.8250,115.6750,370,2059,547,8,1896.11,18.882,370,0.00278707
34.8250,115.9250,362,2042,541,7,1894.64,18.849,362,0.00279628
34.8250,116.1750,368,2097,529,8,1895.64,18.830,368,0.00280222
34.8250,116.4250,410,2036,592,8,1893.85,19.907,410,0.00251053
34.8250,116.6750,354,2030,586,8,1892.13,19.555,354,0.00259888
34.8250,116.9250,169,2062,471,8,1890.68,20.620,169,0.00232471
34.8250,117.1750,205,2019,526,7,1891.97,19.866,205,0.00250782
34.8250,117.4250,332,2059,535,7,1888.79,16.358,332,0.00370200
34.8250,117.6750,323,2098,527,8,1894.12,17.041,323,0.00341315
34.8250,117.9250,342,2042,577,8,1887.27,17.571,342,0.00321340
34.8250,118.1750,372,2100,538,8,1889.80,15.928,372,0.00390667
34.8250,118.4250,287,2025,509,8,1890.07,14.229,287,0.00486850
34.8250,118.6750,235,2033,464,8,1887.81,14.078,235,0.00495631
34.8250,118.9250,161,2066,461,7,1888.07,13.981,161,0.00498244
34.8250,119.1750,39,2071,232,6,1893.18,13.655,39,0.00480709
34.8250,119.4250,2,2101,59,1,1872.86,2.334,2,0.00234770
34.8250,119.6750,29,2041,37,4,1873.38,13.878,29,0.00451255
34.8250,119.9250,44,2043,61,4,1870.60,16.165,44,0.00356592
34.8250,120.1750,51,2065,68,4,1873.97,10.093,51,0.00844835
34.8250,120.4250,46,2072,69,4,1869.19,16.519,46,0.00343465
34.8250,120.6750,53,2055,79,4,1879.70,25.507,53,0.00150046
34.8250,120.9250,45,2111,69,4,1867.94,26.243,45,0.00141371
34.8250,121.1750,37,2057,54,4,1866.63,14.330,37,0.00438445
34.8250,121.4250,40,2056,49,5,1862.42,12.096,40,0.00597598
34.8250,121.6750,53,2071,59,4,1856.35,12.014,53,0.00624165
34.8250,121.9250,49,2045,68,4,1853.09,11.278,49,0.00692724
34.8250,122.1750,57,2055,78,5,1852.73,17.594,57,0.00308348
34.8250,122.4250,52,2113,66,4,1858.84,18.990,52,0.00265394
34.5750,114.9250,332,2006,492,8,1896.37,19.991,332,0.00248638
34.5750,115.1750,246,2049,475,8,1896.49,20.093,246,0.00245614
34.5750,115.4250,211,2054,479,8,1898.46,19.941,211,0.00248988
34.5750,115.6750,296,2068,519,7,1895.41,17.641,296,0.00318428
34.5750,115.9250,254,2028,495,7,1898.28,17.688,254,0.00316294
34.5750,116.1750,365,2090,531,8,1894.27,18.904,365,0.00278027
34.5750,116.4250,381,2030,543,8,1891.31,19.334,381,0.00265943
34.5750,116.6750,347,2094,534,8,1889.59,19.837,347,0.00252566
34.5750,116.9250,340,2022,538,8,1892.63,16.662,340,0.00357032
34.5750,117.1750,81,2061,344,6,1892.72,21.278,81,0.00215916
34.5750,117.4250,187,2057,459,7,1891.95,17.669,187,0.00315777
34.5750,117.6750,381,2047,532,8,1890.60,20.496,381,0.00236793
34.5750,117.9250,402,2087,548,8,1889.48,17.549,402,0.00322532
34.5750,118.1750,367,2023,545,8,1884.47,14.177,367,0.00491905
34.5750,118.4250,310,2050,529,8,1889.70,13.748,310,0.00521587
34.5750,118.6750,231,2071,517,8,1889.87,16.171,231,0.00377153
34.5750,118.9250,297,2051,506,8,1884.86,13.460,297,0.00543471
34.5750,119.1750,224,2086,406,8,1887.93,14.530,224,0.00465411
34.5750,119.4250,55,2071,216,7,1886.64,14.226,55,0.00459407
34.5750,119.6750,2,2024,46,2,1871.15,5.233,2,0.00223274
34.5750,119.9250,14,2042,66,4,1874.87,10.253,14,0.00605314
34.5750,120.1750,18,2063,37,3,1877.48,8.734,18,0.00812984
34.5750,120.4250,32,2051,44,3,1871.56,14.465,32,0.00424593
34.5750,120.6750,32,2028,51,4,1863.88,16.994,32,0.00317385
34.5750,120.9250,30,2106,47,3,1861.72,21.146,30,0.00210438
34.5750,121.1750,16,2060,40,2,1860.65,15.846,16,0.00329316
34.5750,121.4250,24,2087,36,3,1860.78,14.027,24,0.00431407
34.5750,121.6750,42,2056,49,5,1851.86,12.580,42,0.00560892
34.5750,121.9250,49,2060,62,5,1851.89,12.441,49,0.00581614
34.5750,122.1750,56,2070,73,5,1853.69,19.428,56,0.00254793
34.5750,122.4250,49,2078,69,4,1857.29,20.944,49,0.00219382
34.3250,114.9250,304,2063,485,8,1899.06,21.107,304,0.00223069
34.3250,115.1750,308,2052,440,8,1897.88,22.182,308,0.00202111
34.3250,115.4250,343,2033,482,8,1897.72,21.423,343,0.00216728
34.3250,115.6750,295,2059,467,8,1899.73,19.173,295,0.00269935
34.3250,115.9250,351,2058,475,8,1895.99,19.225,351,0.00268829
34.3250,116.1750,349,2053,478,8,1897.25,19.661,349,0.00257096
34.3250,116.4250,382,2076,512,8,1893.89,18.857,382,0.00279502
34.3250,116.6750,400,2036,534,8,1892.29,17.895,400,0.00310223
34.3250,116.9250,366,2029,517,8,1895.14,18.003,366,0.00306360
34.3250,117.1750,151,2053,414,8,1892.11,18.702,151,0.00281420
34.3250,117.4250,249,2054,450,8,1891.01,18.310,249,0.00295315
34.3250,117.6750,372,2082,529,8,1889.74,18.893,372,0.00278385
34.3250,117.9250,271,2064,473,8,1890.03,14.895,271,0.00444499
34.3250,118.1750,241,2031,511,8,1890.36,13.300,241,0.00554350
34.3250,118.4250,283,2094,492,8,1892.21,11.918,283,0.00689582
34.3250,118.6750,241,2033,441,8,1890.11,13.411,241,0.00545456
34.3250,118.9250,326,2064,504,8,1884.83,14.772,326,0.00452916
34.3250,119.1750,293,2030,427,8,1887.33,14.690,293,0.00457291
34.3250,119.4250,253,2074,430,8,1887.45,13.339,253,0.00551681
34.3250,119.6750,126,2068,346,8,1892.12,14.524,126,0.00459497
34.3250,119.9250,71,2072,232,7,1889.34,17.068,71,0.00329845
34.3250,120.1750,12,2050,183,5,1894.70,23.993,12,0.00154857
34.3250,120.4250,10,2058,72,7,1875.92,19.898,10,0.00208316
34.3250,120.6750,23,2073,40,2,1860.22,25.978,23,0.00140567
34.3250,120.9250,14,2056,24,2,1862.23,8.609,14,0.00745212
34.3250,121.1750,16,2099,33,1,1859.64,7.785,16,0.00883692
34.3250,121.4250,20,2049,31,2,1860.45,11.500,20,0.00573738
34.3250,121.6750,31,2046,39,3,1852.86,10.714,31,0.00704595
34.3250,121.9250,47,2066,61,5,1853.00,15.603,47,0.00382641
34.3250,122.1750,61,2070,76,5,1854.73,19.885,61,0.00244369
34.3250,122.4250,65,2089,74,5,1857.35,18.215,65,0.00290090
34.0750,114.9250,324,2064,456,8,1894.55,20.901,324,0.00227553
34.0750,115.1750,328,2043,446,8,1894.68,22.227,328,0.00201371
34.0750,115.4250,346,2044,489,8,1896.33,21.526,346,0.00214677
34.0750,115.6750,368,2017,469,8,1896.87,20.639,368,0.00233497
34.0750,115.9250,348,2069,469,8,1894.77,20.695,348,0.00232189
34.0750,116.1750,348,2080,457,8,1895.10,20.430,348,0.00238197
34.0750,116.4250,321,2023,461,8,1899.72,20.569,321,0.00234895
34.0750,116.6750,325,2050,473,8,1896.27,18.544,325,0.00288642
34.0750,116.9250,294,2100,455,8,1896.05,20.259,294,0.00241964
34.0750,117.1750,294,2033,490,7,1893.46,17.510,294,0.00323151
34.0750,117.4250,249,2044,475,8,1895.46,19.315,249,0.00265646
34.0750,117.6750,301,2047,524,8,1893.25,16.917,301,0.00346053
34.0750,117.9250,246,2062,575,8,1892.21,16.444,246,0.00365205
34.0750,118.1750,33,2074,270,7,1891.28,15.989,33,0.00355697
34.0750,118.4250,230,2019,479,8,1889.51,13.410,230,0.00544971
34.0750,118.6750,299,2069,480,8,1891.09,13.834,299,0.00514920
34.0750,118.9250,300,2086,454,8,1887.74,16.041,300,0.00384437
34.0750,119.1750,260,2023,380,8,1885.96,15.599,260,0.00405570
34.0750,119.4250,254,2087,390,8,1886.84,13.989,254,0.00502527
34.0750,119.6750,264,2070,395,8,1889.32,16.694,264,0.00354784
34.0750,119.9250,253,2061,399,8,1889.06,17.965,253,0.00306686
34.0750,120.1750,194,2049,426,9,1888.83,18.146,194,0.00299745
34.0750,120.4250,14,2053,198,5,1872.28,26.570,14,0.00130546
34.0750,120.6750,4,2064,16,1,1882.10,6.504,4,0.00395963
34.0750,120.9250,14,2076,29,3,1867.56,12.306,14,0.00472770
34.0750,121.1750,21,2042,31,1,1859.09,7.347,21,0.01063610
34.0750,121.4250,22,2054,40,1,1858.85,3.770,22,0.01906967
34.0750,121.6750,27,2115,45,3,1854.82,8.865,27,0.00911283
34.0750,121.9250,54,2059,81,5,1860.41,19.086,54,0.00263262
34.0750,122.1750,49,2051,77,5,1856.58,23.868,49,0.00170408
34.0750,122.4250,73,2061,87,5,1862.81,15.896,73,0.00378487
33.8250,114.9250,242,2027,414,8,1892.79,23.579,242,0.00178745
33.8250,115.1750,357,2064,461,8,1893.20,21.217,357,0.00220985
33.8250,115.4250,348,2089,459,8,1893.23,22.335,348,0.00199496
33.8250,115.6750,310,2023,452,8,1892.38,18.987,310,0.00275319
33.8250,115.9250,319,2071,440,8,1893.28,18.639,319,0.00285690
33.8250,116.1750,331,2052,472,8,1895.48,21.418,331,0.00216796
33.8250,116.4250,276,2039,449,8,1896.58,19.377,276,0.00264182
33.8250,116.6750,243,2068,437,8,1895.99,18.020,243,0.00304705
33.8250,116.9250,292,2012,471,8,1895.09,18.193,292,0.00299511
33.8250,117.1750,380,2081,516,8,1894.26,17.162,380,0.00336993
33.8250,117.4250,356,2068,471,8,1893.61,17.995,356,0.00306574
33.8250,117.6750,369,2044,467,8,1893.31,15.688,369,0.00402582
33.8250,117.9250,377,2065,495,8,1891.81,15.874,377,0.00393383
33.8250,118.1750,260,2044,476,8,1891.34,14.695,260,0.00456273
33.8250,118.4250,274,2051,443,8,1889.96,14.794,274,0.00450572
33.8250,118.6750,276,2062,450,8,1890.46,13.863,276,0.00512194
33.8250,118.9250,314,2039,451,8,1888.02,18.777,314,0.00281493
33.8250,119.1750,273,2048,399,8,1888.14,16.137,273,0.00379539
33.8250,119.4250,266,2067,367,8,1887.41,13.962,266,0.00504808
33.8250,119.6750,256,2043,370,8,1889.53,15.908,256,0.00390077
33.8250,119.9250,238,2063,376,8,1889.42,17.314,238,0.00329709
33.8250,120.1750,188,2097,354,8,1893.90,19.309,188,0.00265032
33.8250,120.4250,34,2028,224,6,1902.15,25.260,34,0.00150878
33.8250,120.6750,1,2093,56,1,1864.98,,1,
33.8250,120.9250,5,2065,28,1,1863.04,3.098,5,0.00562442
33.8250,121.1750,23,2060,33,1,1858.54,5.976,23,0.01383504
33.8250,121.4250,23,2086,39,3,1860.97,8.509,23,0.00917738
33.8250,121.6750,32,2020,39,3,1862.93,13.666,32,0.00469400
33.8250,121.9250,64,2094,77,5,1857.02,15.843,64,0.00378588
33.8250,122.1750,58,2074,84,5,1859.93,20.337,58,0.00233587
33.8250,122.4250,63,2050,84,5,1867.59,11.384,63,0.00699525
33.5750,114.9250,282,2027,443,8,1894.18,22.820,282,0.00190929
33.5750,115.1750,319,2086,446,8,1894.07,22.074,319,0.00204120
33.5750,115.4250,348,2008,476,8,1892.79,17.073,348,0.00340244
33.5750,115.6750,335,2053,458,8,1892.58,16.053,335,0.00384284
33.5750,115.9250,341,2061,473,8,1895.19,19.153,341,0.00270785
33.5750,116.1750,295,2081,452,8,1893.69,17.935,295,0.00308166
33.5750,116.4250,313,2037,451,8,1897.47,17.296,313,0.00331306
33.5750,116.6750,304,2029,452,8,1899.10,19.027,304,0.00274135
33.5750,116.9250,334,2051,458,8,1897.72,17.989,334,0.00306634
33.5750,117.1750,237,2062,483,8,1900.72,17.323,237,0.00329339
33.5750,117.4250,394,2065,492,8,1894.96,18.048,394,0.00305013
33.5750,117.6750,385,2034,485,8,1893.52,17.551,385,0.00322359
33.5750,117.9250,358,2057,468,8,1894.86,16.354,358,0.00370631
33.5750,118.1750,317,2048,428,8,1891.55,15.491,317,0.00412176
33.5750,118.4250,108,2067,376,8,1890.57,17.442,108,0.00320500
33.5750,118.6750,62,2061,234,7,1891.25,13.111,62,0.00539155
33.5750,118.9250,170,2033,381,7,1890.55,16.708,170,0.00351967
33.5750,119.1750,218,2091,365,7,1892.20,17.157,218,0.00335339
33.5750,119.4250,234,2050,389,8,1889.24,20.417,234,0.00237841
33.5750,119.6750,217,2037,388,7,1892.00,18.127,217,0.00300793
33.5750,119.9250,207,2084,378,8,1893.24,17.551,207,0.00320401
33.5750,120.1750,169,2011,336,8,1895.88,18.144,169,0.00299250
33.5750,120.4250,74,2083,277,7,1897.48,22.806,74,0.00188147
33.5750,120.6750,8,2062,60,4,1895.53,7.774,8,0.00604007
33.5750,120.9250,1,2081,20,1,1880.06,,1,
33.5750,121.1750,11,2054,31,1,1850.52,12.501,11,0.00429669
33.5750,121.4250,18,2034,25,2,1857.69,4.801,18,0.01433316
33.5750,121.6750,32,2068,39,2,1855.30,6.120,32,0.01569019
33.5750,121.9250,56,2068,74,5,1855.51,12.313,56,0.00600141
33.5750,122.1750,49,2082,80,5,1862.64,14.883,49,0.00418995
33.5750,122.4250,36,2063,60,5,1866.98,12.172,36,0.00583023
33.3250,114.9250,306,2019,419,7,1892.14,19.020,306,0.00274336
33.3250,115.1750,317,2039,439,8,1893.72,18.388,317,0.00293439
33.3250,115.4250,325,2039,440,8,1892.82,15.461,325,0.00413862
33.3250,115.6750,339,2100,439,8,1891.76,13.857,339,0.00514163
33.3250,115.9250,347,2041,433,8,1893.90,16.515,347,0.00363401
33.3250,116.1750,336,2039,422,8,1894.65,14.967,336,0.00441477
33.3250,116.4250,372,2062,483,8,1896.78,17.541,372,0.00322629
33.3250,116.6750,341,2021,493,7,1900.04,20.243,341,0.00242571
33.3250,116.9250,365,2070,484,8,1899.21,20.149,365,0.00244922
33.3250,117.1750,357,2040,476,8,1899.01,20.229,357,0.00242974
33.3250,117.4250,338,2070,455,8,1897.81,22.525,338,0.00196124
33.3250,117.6750,274,2047,437,8,1895.01,20.021,274,0.00247572
33.3250,117.9250,150,2049,401,8,1896.43,18.492,150,0.00287709
33.3250,118.1750,135,2030,436,8,1892.63,18.736,135,0.00279901
33.3250,118.4250,42,2077,231,8,1888.89,19.238,42,0.00256331
33.3250,118.6750,0,2043,66,0,,,0,
33.3250,118.9250,53,2046,282,7,1901.58,36.613,53,0.00073726
33.3250,119.1750,78,2061,256,8,1893.09,19.708,78,0.00250499
33.3250,119.4250,167,2091,422,7,1891.14,18.773,167,0.00279758
33.3250,119.6750,183,2024,399,8,1890.89,20.717,183,0.00230528
33.3250,119.9250,182,2044,379,8,1893.31,19.322,182,0.00264567
33.3250,120.1750,154,2053,274,7,1890.34,17.656,154,0.00315273
33.3250,120.4250,166,2104,307,8,1892.85,22.490,166,0.00195751
33.3250,120.6750,21,2068,115,4,1905.14,21.286,21,0.00202788
33.3250,120.9250,0,2054,10,0,,,0,
33.3250,121.1750,0,2067,7,0,,,0,
33.3250,121.4250,9,2027,13,1,1856.04,4.012,9,0.00912904
33.3250,121.6750,28,2104,39,2,1858.42,8.292,28,0.01012285
33.3250,121.9250,43,2041,70,5,1854.59,37.247,43,0.00071078
33.3250,122.1750,64,2079,90,5,1861.10,18.022,64,0.00295930
33.3250,122.4250,43,2069,64,4,1860.10,13.848,43,0.00473184
33.0750,114.9250,337,2017,446,8,1894.81,17.818,337,0.00312521
33.0750,115.1750,324,2018,426,8,1894.37,17.686,324,0.00317061
33.0750,115.4250,352,2074,467,8,1893.93,19.449,352,0.00262693
33.0750,115.6750,330,2034,442,8,1894.66,14.387,330,0.00477238
33.0750,115.9250,329,2078,429,8,1895.60,17.141,329,0.00337400
33.0750,116.1750,320,2056,413,8,1896.94,17.867,320,0.00310687
33.0750,116.4250,348,2046,460,8,1897.06,18.512,348,0.00289771
33.0750,116.6750,374,2024,491,8,1901.15,21.000,374,0.00225609
33.0750,116.9250,198,2040,434,8,1895.02,20.052,198,0.00246104
33.0750,117.1750,205,2048,407,8,1897.62,20.900,205,0.00226802
33.0750,117.4250,236,2048,442,8,1897.98,22.828,236,0.00190587
33.0750,117.6750,139,2055,428,8,1901.54,25.274,139,0.00155086
33.0750,117.9250,61,2087,361,6,1904.62,25.262,61,0.00153380
33.0750,118.1750,67,2016,319,7,1896.38,20.642,67,0.00227966
33.0750,118.4250,57,2054,340,6,1891.62,22.179,57,0.00197368
33.0750,118.6750,49,2066,307,8,1886.21,19.109,49,0.00261569
33.0750,118.9250,90,2083,392,7,1893.26,20.920,90,0.00223715
33.0750,119.1750,64,2059,371,6,1891.44,24.099,64,0.00168373
33.0750,119.4250,116,2076,348,8,1890.12,19.866,116,0.00248802
33.0750,119.6750,152,2031,370,8,1889.47,17.499,152,0.00320772
33.0750,119.9250,139,2015,362,8,1892.77,17.389,139,0.00324241
33.0750,120.1750,209,2081,347,8,1891.72,19.304,209,0.00265482
33.0750,120.4250,190,2023,316,8,1889.97,20.873,190,0.00227218
33.0750,120.6750,99,2088,278,8,1890.58,23.607,99,0.00176744
33.0750,120.9250,5,2067,26,3,1913.12,10.851,5,0.00349725
33.0750,121.1750,0,2068,3,0,,,0,
33.0750,121.4250,7,2043,15,2,1856.39,4.524,7,0.00711184
33.0750,121.6750,28,2069,40,3,1860.20,8.496,28,0.00978242
33.0750,121.9250,42,2080,67,5,1858.82,8.853,42,0.01016231
33.0750,122.1750,47,2043,71,5,1859.17,11.598,47,0.00656123
33.0750,122.4250,45,2077,66,5,1867.35,10.372,45,0.00791907
32.8250,114.9250,285,2074,447,8,1893.74,17.082,285,0.00339259
32.8250,115.1750,332,2019,443,8,1894.06,18.305,332,0.00296213
32.8250,115.4250,347,2038,469,8,1893.66,15.464,347,0.00413961
32.8250,115.6750,321,2040,452,8,1895.23,15.454,321,0.00414195
32.8250,115.9250,345,2086,442,8,1895.54,16.722,345,0.00354516
32.8250,116.1750,224,2027,426,8,1896.31,18.510,224,0.00288717
32.8250,116.4250,177,2048,426,8,1902.07,23.382,177,0.00181330
32.8250,116.6750,167,2038,451,8,1903.05,22.354,167,0.00198124
32.8250,116.9250,188,2038,427,8,1901.50,24.454,188,0.00165976
32.8250,117.1750,145,2076,376,7,1901.16,26.178,145,0.00144697
32.8250,117.4250,243,2048,448,8,1894.26,20.274,243,0.00241266
32.8250,117.6750,223,2073,465,8,1894.54,19.784,223,0.00253056
32.8250,117.9250,142,2091,391,8,1893.58,24.339,142,0.00167133
32.8250,118.1750,127,2005,366,8,1892.03,22.302,127,0.00198419
32.8250,118.4250,200,2048,416,8,1889.38,24.109,200,0.00170806
32.8250,118.6750,189,2054,449,8,1887.71,23.373,189,0.00181570
32.8250,118.9250,202,2065,473,8,1889.27,20.763,202,0.00229734
32.8250,119.1750,7,2090,183,3,1891.73,15.455,7,0.00278541
32.8250,119.4250,31,2044,228,7,1887.73,25.276,31,0.00150148
32.8250,119.6750,244,2083,418,8,1889.23,19.502,244,0.00260577
32.8250,119.9250,222,2021,408,8,1891.35,17.812,222,0.00311466
32.8250,120.1750,198,2043,364,8,1892.45,21.214,198,0.00220119
32.8250,120.4250,181,2070,328,7,1890.49,20.033,181,0.00246321
32.8250,120.6750,157,2098,297,8,1888.56,24.248,157,0.00168537
32.8250,120.9250,19,2028,119,5,1897.28,17.776,19,0.00277587
32.8250,121.1750,0,2058,1,0,,,0,
32.8250,121.4250,2,2046,15,1,1860.04,7.940,2,0.00206808
32.8250,121.6750,26,2043,48,3,1856.06,10.236,26,0.00729272
32.8250,121.9250,40,2094,51,4,1855.18,14.927,40,0.00410084
32.8250,122.1750,49,2064,61,5,1857.49,14.218,49,0.00455962
32.8250,122.4250,40,2078,52,4,1863.06,9.022,40,0.00976281
32.5750,114.9250,298,2024,430,8,1896.29,20.303,298,0.00240943
32.5750,115.1750,345,2029,451,8,1892.65,18.564,345,0.00288128
32.5750,115.4250,342,2055,457,7,1894.73,18.314,342,0.00295986
32.5750,115.6750,315,2074,454,8,1895.62,20.472,315,0.00237095
32.5750,115.9250,226,2035,452,8,1898.11,24.359,226,0.00167487
32.5750,116.1750,161,2054,382,8,1902.36,28.888,161,0.00119081
32.5750,116.4250,135,2104,427,7,1906.13,30.486,135,0.00106881
32.5750,116.6750,105,1991,355,7,1907.11,30.588,105,0.00105970
32.5750,116.9250,85,2047,307,7,1907.46,28.294,85,0.00123391
32.5750,117.1750,171,2062,408,7,1903.97,30.775,171,0.00105039
32.5750,117.4250,227,2028,431,8,1895.21,20.473,227,0.00236487
32.5750,117.6750,213,2093,438,8,1892.40,19.630,213,0.00256883
32.5750,117.9250,245,2041,429,8,1891.12,19.908,245,0.00250138
32.5750,118.1750,283,2074,421,8,1888.01,20.203,283,0.00243234
32.5750,118.4250,297,2012,437,8,1889.33,19.196,297,0.00269310
32.5750,118.6750,244,2023,440,8,1886.90,21.838,244,0.00208176
32.5750,118.9250,219,2082,449,8,1890.95,19.179,219,0.00269062
32.5750,119.1750,218,2083,486,8,1890.55,18.570,218,0.00286780
32.5750,119.4250,64,2061,318,6,1889.05,16.320,64,0.00357822
32.5750,119.6750,247,2027,423,8,1889.71,16.803,247,0.00349950
32.5750,119.9250,248,2047,398,8,1891.48,17.801,248,0.00312252
32.5750,120.1750,203,2044,366,8,1894.50,19.888,203,0.00250205
32.5750,120.4250,147,2111,290,8,1894.20,19.210,147,0.00266859
32.5750,120.6750,146,2030,271,8,1890.34,24.462,146,0.00165527
32.5750,120.9250,40,2074,162,8,1892.79,22.147,40,0.00195501
32.5750,121.1750,2,2094,56,1,1915.91,2.719,2,0.00233703
32.5750,121.4250,3,2015,22,1,1854.01,10.124,3,0.00261210
32.5750,121.6750,27,2036,53,4,1856.21,10.210,27,0.00738649
32.5750,121.9250,39,2086,51,4,1858.17,12.084,39,0.00596686
32.5750,122.1750,47,2067,54,3,1854.41,13.438,47,0.00503879
32.5750,122.4250,26,2094,38,4,1856.58,7.371,26,0.01153620
32.3250,114.9250,305,2060,456,8,1896.96,20.056,305,0.00246913
32.3250,115.1750,284,2020,465,8,1893.59,21.475,284,0.00215445
32.3250,115.4250,298,2037,479,8,1895.44,20.359,298,0.00239637
32.3250,115.6750,296,2068,482,8,1895.16,20.365,296,0.00239468
32.3250,115.9250,236,2019,468,8,1896.63,27.358,236,0.00132972
32.3250,116.1750,54,2086,304,7,1898.59,34.191,54,0.00084418
32.3250,116.4250,40,2068,285,7,1901.23,31.354,40,0.00099589
32.3250,116.6750,86,2036,397,8,1900.23,31.952,86,0.00097022
32.3250,116.9250,15,2017,226,6,1927.21,40.067,15,0.00060190
32.3250,117.1750,221,2019,455,8,1900.04,28.596,221,0.00121725
32.3250,117.4250,264,2118,499,8,1898.82,23.983,264,0.00172899
32.3250,117.6750,230,2040,458,8,1891.91,18.674,230,0.00283786
32.3250,117.9250,268,2071,409,8,1890.03,20.234,268,0.00242401
32.3250,118.1750,243,2048,421,8,1890.19,19.777,243,0.00253438
32.3250,118.4250,187,2015,402,8,1893.55,18.965,187,0.00274591
32.3250,118.6750,259,2041,415,8,1895.30,21.033,259,0.00224406
32.3250,118.9250,227,2081,417,8,1894.02,21.663,227,0.00211421
32.3250,119.1750,153,2067,359,8,1891.89,21.719,153,0.00209547
32.3250,119.4250,133,2072,344,7,1889.61,18.102,133,0.00299389
32.3250,119.6750,84,2061,292,5,1893.26,17.326,84,0.00322366
32.3250,119.9250,165,2038,342,8,1891.64,17.559,165,0.00319077
32.3250,120.1750,233,2042,392,8,1892.26,20.826,233,0.00228658
32.3250,120.4250,174,2063,325,8,1893.77,21.296,174,0.00218175
32.3250,120.6750,148,2041,293,8,1893.11,22.999,148,0.00187044
32.3250,120.9250,131,2077,289,8,1894.70,26.510,131,0.00141001
32.3250,121.1750,87,2101,219,6,1894.80,18.322,87,0.00289544
32.3250,121.4250,4,2035,77,3,1898.69,16.094,4,0.00213105
32.3250,121.6750,11,2034,29,3,1856.33,4.326,11,0.01050756
32.3250,121.9250,34,2029,48,3,1856.21,15.471,34,0.00378684
32.3250,122.1750,43,2109,63,3,1859.99,18.896,43,0.00265530
32.3250,122.4250,26,2082,44,5,1852.73,9.421,26,0.00825701
32.0750,114.9250,257,2067,421,8,1895.01,19.581,257,0.00258598
32.0750,115.1750,303,2036,449,8,1895.11,19.790,303,0.00253532
32.0750,115.4250,322,2020,470,8,1893.84,19.127,322,0.00271397
32.0750,115.6750,296,2024,443,8,1893.15,17.311,296,0.00330562
32.0750,115.9250,295,2112,490,8,1893.19,21.776,295,0.00209617
32.0750,116.1750,258,2050,484,8,1892.53,24.774,258,0.00162067
32.0750,116.4250,227,2076,443,8,1894.08,21.587,227,0.00212899
32.0750,116.6750,282,2036,487,8,1897.85,25.069,282,0.00158371
32.0750,116.9250,306,2022,467,8,1898.02,24.509,306,0.00165717
32.0750,117.1750,290,2025,452,8,1896.59,25.074,290,0.00158322
32.0750,117.4250,278,2038,448,8,1896.43,24.342,278,0.00167911
32.0750,117.6750,318,2082,459,8,1896.57,24.279,318,0.00168888
32.0750,117.9250,260,2072,413,8,1893.77,23.842,260,0.00174924
32.0750,118.1750,250,2024,407,8,1896.24,21.418,250,0.00216414
32.0750,118.4250,241,2051,368,8,1895.28,20.145,241,0.00244321
32.0750,118.6750,133,2043,299,7,1895.94,17.351,133,0.00325320
32.0750,118.9250,185,2056,347,8,1896.10,19.813,185,0.00251818
32.0750,119.1750,218,2041,392,7,1897.55,21.517,218,0.00214209
32.0750,119.4250,231,2064,381,8,1893.04,21.874,231,0.00207428
32.0750,119.6750,181,2082,369,8,1892.99,21.028,181,0.00223806
32.0750,119.9250,77,2025,257,6,1890.32,20.518,77,0.00231536
32.0750,120.1750,146,2053,330,8,1895.22,21.055,146,0.00222690
32.0750,120.4250,60,2024,231,8,1894.73,19.468,60,0.00254448
32.0750,120.6750,37,2118,169,8,1894.63,19.998,37,0.00236597
32.0750,120.9250,67,2071,177,7,1893.01,21.738,67,0.00206137
32.0750,121.1750,114,2060,203,8,1889.42,19.415,114,0.00260192
32.0750,121.4250,65,2073,186,8,1885.51,17.379,65,0.00317502
32.0750,121.6750,7,2015,78,5,1891.27,23.024,7,0.00153790
32.0750,121.9250,20,2040,76,3,1855.70,10.712,20,0.00637753
32.0750,122.1750,34,2061,56,3,1851.78,10.055,34,0.00794673
32.0750,122.4250,23,2096,43,3,1846.53,7.159,23,0.01138689
31.8250,114.9250,250,2092,418,8,1893.50,17.892,250,0.00309146
31.8250,115.1750,282,2016,409,8,1890.73,16.358,282,0.00369578
31.8250,115.4250,232,2026,350,8,1890.66,17.361,232,0.00327841
31.8250,115.6750,134,2029,200,8,1888.99,16.190,134,0.00372576
31.8250,115.9250,226,2051,357,7,1891.35,16.478,226,0.00363322
31.8250,116.1750,312,2065,456,8,1889.90,21.503,312,0.00215014
31.8250,116.4250,261,2076,417,8,1894.70,18.149,261,0.00300647
31.8250,116.6750,273,2042,438,8,1896.67,23.428,273,0.00181179
31.8250,116.9250,307,2025,417,8,1895.09,21.149,307,0.00222220
31.8250,117.1750,162,2040,326,6,1900.48,22.099,162,0.00202605
31.8250,117.4250,132,2025,312,6,1899.13,23.632,132,0.00177034
31.8250,117.6750,230,2081,417,8,1895.91,21.585,230,0.00212955
31.8250,117.9250,194,2065,417,8,1895.37,21.309,194,0.00218146
31.8250,118.1750,224,2038,399,8,1894.89,20.993,224,0.00224998
31.8250,118.4250,132,2044,307,7,1898.04,18.113,132,0.00298992
31.8250,118.6750,167,2029,343,8,1896.93,17.276,167,0.00329500
31.8250,118.9250,173,2032,360,7,1893.26,16.658,173,0.00354181
31.8250,119.1750,228,2095,410,8,1895.80,21.758,228,0.00209609
31.8250,119.4250,282,2057,425,8,1892.89,23.229,282,0.00184316
31.8250,119.6750,186,2099,406,8,1894.40,21.308,186,0.00218069
31.8250,119.9250,66,2029,289,7,1895.17,20.514,66,0.00230639
31.8250,120.1750,122,2037,283,8,1894.90,18.568,122,0.00284371
31.8250,120.4250,121,2030,237,8,1893.17,20.397,121,0.00236405
31.8250,120.6750,97,2076,250,7,1892.81,18.901,97,0.00273273
31.8250,120.9250,10,2058,110,5,1889.23,14.444,10,0.00341610
31.8250,121.1750,16,2095,131,6,1889.58,22.348,16,0.00181160
31.8250,121.4250,19,2060,164,7,1886.74,12.893,19,0.00475084
31.8250,121.6750,39,2034,135,8,1886.23,16.808,39,0.00328873
31.8250,121.9250,6,2056,79,4,1859.55,16.201,6,0.00248364
31.8250,122.1750,20,2024,41,3,1855.05,12.436,20,0.00508367
31.8250,122.4250,19,2102,46,3,1840.50,17.616,19,0.00282005
31.5750,114.9250,87,2085,241,7,1888.80,15.354,87,0.00407463
31.5750,115.1750,33,2025,130,6,1882.10,20.402,33,0.00226391
31.5750,115.4250,21,2035,78,6,1875.38,21.317,21,0.00202244
31.5750,115.6750,54,2014,189,6,1876.73,18.940,54,0.00267156
31.5750,115.9250,42,2033,157,6,1876.32,17.589,42,0.00303594
31.5750,116.1750,156,2104,310,8,1888.47,17.903,156,0.00306843
31.5750,116.4250,267,2051,425,8,1891.02,17.674,267,0.00316936
31.5750,116.6750,314,2034,454,8,1893.96,18.307,314,0.00296012
31.5750,116.9250,305,2049,432,8,1893.83,17.939,305,0.00308113
31.5750,117.1750,142,2029,439,8,1896.68,21.320,142,0.00217177
31.5750,117.4250,18,2039,171,6,1888.37,25.270,18,0.00145928
31.5750,117.6750,5,2052,137,3,1897.23,14.391,5,0.00266455
31.5750,117.9250,126,2063,336,7,1893.78,16.646,126,0.00352391
31.5750,118.1750,223,2086,447,8,1894.61,18.140,223,0.00300438
31.5750,118.4250,115,2010,318,8,1895.37,18.132,115,0.00297539
31.5750,118.6750,202,2038,418,8,1893.53,20.272,202,0.00240886
31.5750,118.9250,78,2049,287,7,1890.87,18.570,78,0.00281207
31.5750,119.1750,241,2051,416,8,1895.76,22.431,241,0.00197386
31.5750,119.4250,134,2071,367,8,1896.71,24.901,134,0.00159656
31.5750,119.6750,42,2090,308,7,1893.37,27.932,42,0.00124969
31.5750,119.9250,32,2049,222,6,1907.09,28.050,32,0.00122993
31.5750,120.1750,50,2035,178,8,1895.86,17.381,50,0.00313542
31.5750,120.4250,66,2023,221,7,1891.40,15.472,66,0.00396645
31.5750,120.6750,18,2021,187,6,1890.14,15.225,18,0.00359056
31.5750,120.9250,71,2145,248,8,1888.81,20.520,71,0.00231000
31.5750,121.1750,58,2046,224,8,1896.15,15.560,58,0.00389678
31.5750,121.4250,9,2039,100,5,1894.79,24.351,9,0.00145683
31.5750,121.6750,1,2048,74,1,1865.55,,1,
31.5750,121.9250,0,2062,33,0,,,0,
31.5750,122.1750,1,2051,16,1,1856.65,,1,
31.5750,122.4250,10,2078,35,2,1844.63,16.884,10,0.00270879
31.3250,114.9250,228,2054,396,8,1885.17,17.684,228,0.00316043
31.3250,115.1750,74,2043,153,8,1887.70,17.519,74,0.00314178
31.3250,115.4250,0,2026,3,0,,,0,
31.3250,115.6750,1,2029,19,1,1914.85,,1,
31.3250,115.9250,0,2033,7,0,,,0,
31.3250,116.1750,27,2060,77,5,1888.32,16.493,27,0.00329845
31.3250,116.4250,82,2058,267,6,1887.00,20.415,82,0.00234188
31.3250,116.6750,164,2061,328,7,1889.43,18.405,164,0.00290798
31.3250,116.9250,203,2039,364,8,1890.82,18.673,203,0.00283421
31.3250,117.1750,233,2023,395,8,1891.29,17.745,233,0.00313988
31.3250,117.4250,209,2051,414,8,1891.17,15.882,209,0.00390221
31.3250,117.6750,220,2038,432,8,1894.14,16.736,220,0.00352212
31.3250,117.9250,201,2051,434,8,1895.39,17.204,201,0.00333156
31.3250,118.1750,128,2101,350,8,1895.80,16.864,128,0.00343694
31.3250,118.4250,159,2028,333,8,1897.35,14.408,159,0.00469735
31.3250,118.6750,247,2046,503,8,1893.40,19.932,247,0.00249563
31.3250,118.9250,43,2023,333,8,1893.93,24.351,43,0.00163262
31.3250,119.1750,208,2035,426,8,1890.27,22.838,208,0.00190252
31.3250,119.4250,173,2116,361,7,1890.45,18.474,173,0.00288879
31.3250,119.6750,93,2077,348,6,1896.04,24.078,93,0.00169845
31.3250,119.9250,15,2058,190,7,1893.68,20.094,15,0.00217477
31.3250,120.1750,2,2021,31,1,1946.60,3.910,2,0.00229470
31.3250,120.4250,14,2038,132,5,1902.27,26.603,14,0.00130244
31.3250,120.6750,24,2063,172,5,1898.83,15.053,24,0.00382231
31.3250,120.9250,31,2057,189,6,1895.53,15.725,31,0.00364407
31.3250,121.1750,97,2068,212,8,1894.45,16.239,97,0.00367151
31.3250,121.4250,49,2082,152,7,1897.37,16.337,49,0.00352024
31.3250,121.6750,6,2045,81,4,1884.51,21.676,6,0.00163930
31.3250,121.9250,0,2033,6,0,,,0,
31.3250,122.1750,3,2074,8,1,1854.10,2.731,3,0.00347472
31.3250,122.4250,8,2045,21,2,1844.35,11.346,8,0.00427603
31.0750,114.9250,170,2080,347,8,1891.90,15.048,170,0.00432200
31.0750,115.1750,21,2045,101,6,1887.84,16.464,21,0.00321444
31.0750,115.4250,26,2023,89,6,1881.62,13.238,26,0.00481728
31.0750,115.6750,0,2043,7,0,,,0,
31.0750,115.9250,0,2035,0,0,,,0,
31.0750,116.1750,0,2023,0,0,,,0,
31.0750,116.4250,0,2071,0,0,,,0,
31.0750,116.6750,0,2070,11,0,,,0,
31.0750,116.9250,86,2001,187,8,1891.85,14.635,86,0.00446490
31.0750,117.1750,220,2065,423,8,1892.63,17.449,220,0.00324378
31.0750,117.4250,179,2029,313,7,1892.33,17.781,179,0.00311675
31.0750,117.6750,152,2033,358,7,1892.88,17.888,152,0.00307222
31.0750,117.9250,96,2102,349,7,1898.29,21.861,96,0.00205487
31.0750,118.1750,197,2088,357,8,1893.50,19.228,197,0.00267378
31.0750,118.4250,258,2044,452,8,1894.80,18.663,258,0.00284453
31.0750,118.6750,190,2002,378,8,1894.81,20.094,190,0.00244979
31.0750,118.9250,44,2036,260,8,1898.05,28.941,44,0.00116731
31.0750,119.1750,156,2039,379,8,1889.96,20.808,156,0.00228131
31.0750,119.4250,181,2066,344,8,1890.39,17.352,181,0.00327070
31.0750,119.6750,40,2078,173,6,1903.70,23.936,40,0.00168357
31.0750,119.9250,39,2062,227,7,1897.66,17.299,39,0.00311699
31.0750,120.1750,5,2039,89,4,1904.80,33.489,5,0.00077536
31.0750,120.4250,0,2031,58,0,,,0,
31.0750,120.6750,24,2061,213,5,1906.75,21.269,24,0.00205157
31.0750,120.9250,25,2032,169,8,1899.41,27.410,25,0.00127400
31.0750,121.1750,90,2077,222,8,1899.44,23.383,90,0.00179824
31.0750,121.4250,46,2087,158,5,1902.95,16.877,46,0.00329890
31.0750,121.6750,62,2019,197,6,1901.78,16.614,62,0.00345300
31.0750,121.9250,3,2077,41,2,1899.63,17.023,3,0.00175400
31.0750,122.1750,11,2027,18,2,1858.63,4.976,11,0.00987990
31.0750,122.4250,12,2072,22,2,1849.27,9.585,12,0.00617440
30.8250,114.9250,176,2066,351,8,1888.64,14.026,176,0.00496259
30.8250,115.1750,100,2059,166,8,1890.29,15.068,100,0.00424686
30.8250,115.4250,45,2017,103,6,1889.53,12.204,45,0.00596577
30.8250,115.6750,35,2056,97,6,1890.13,15.916,35,0.00360546
30.8250,115.9250,0,2039,0,0,,,0,
30.8250,116.1750,0,2026,0,0,,,0,
30.8250,116.4250,2,2081,6,2,1880.11,4.324,2,0.00227687
30.8250,116.6750,119,2054,208,8,1891.32,17.623,119,0.00314832
30.8250,116.9250,145,2075,376,7,1894.06,18.716,145,0.00280837
30.8250,117.1750,26,2006,224,6,1897.60,27.866,26,0.00123633
30.8250,117.4250,42,2044,291,7,1895.81,20.306,42,0.00231296
30.8250,117.6750,65,2034,350,6,1898.32,17.945,65,0.00298530
30.8250,117.9250,118,2022,324,6,1894.64,18.663,118,0.00281356
30.8250,118.1750,169,2098,361,7,1893.85,19.051,169,0.00271804
30.8250,118.4250,189,2048,361,8,1898.16,20.561,189,0.00234070
30.8250,118.6750,151,2048,299,7,1895.94,24.834,151,0.00160696
30.8250,118.9250,150,2026,311,7,1889.30,20.808,150,0.00228016
30.8250,119.1750,135,2052,320,8,1889.10,21.154,135,0.00220404
30.8250,119.4250,90,2043,215,6,1893.15,17.438,90,0.00319064
30.8250,119.6750,153,2080,306,8,1894.03,22.049,153,0.00203404
30.8250,119.9250,100,2051,276,7,1899.02,25.826,100,0.00148059
30.8250,120.1750,92,2027,319,7,1899.32,21.507,92,0.00212009
30.8250,120.4250,103,2065,272,8,1901.71,25.240,103,0.00154987
30.8250,120.6750,110,2049,213,8,1899.14,23.532,110,0.00178128
30.8250,120.9250,111,2040,223,8,1901.23,23.922,111,0.00172461
30.8250,121.1750,117,2102,326,8,1897.12,29.550,117,0.00113587
30.8250,121.4250,34,2071,158,6,1899.07,20.906,34,0.00216551
30.8250,121.6750,10,2072,81,6,1892.58,17.066,10,0.00266424
30.8250,121.9250,0,2019,24,0,,,0,
30.8250,122.1750,4,2052,16,1,1859.42,1.227,4,0.00472243
30.8250,122.4250,6,2053,56,2,1858.62,10.946,6,0.00384648
30.5750,114.9250,89,2064,345,7,1894.93,14.285,89,0.00468365
30.5750,115.1750,196,2062,340,8,1889.97,15.958,196,0.00386197
30.5750,115.4250,147,2042,277,8,1888.00,12.986,147,0.00573545
30.5750,115.6750,32,2012,66,7,1886.49,16.109,32,0.00349915
30.5750,115.9250,4,2047,38,3,1871.58,18.257,4,0.00183964
30.5750,116.1750,8,2057,40,3,1865.12,11.491,8,0.00421642
30.5750,116.4250,124,2025,231,7,1895.48,20.844,124,0.00226629
30.5750,116.6750,262,2103,450,8,1891.94,19.104,262,0.00271618
30.5750,116.9250,131,2031,315,8,1893.88,17.929,131,0.00305013
30.5750,117.1750,9,2031,227,4,1891.49,12.083,9,0.00417624
30.5750,117.4250,77,2029,321,7,1907.69,26.144,77,0.00144008
30.5750,117.6750,49,2030,141,6,1906.78,22.820,49,0.00185904
30.5750,117.9250,52,2070,116,6,1895.64,18.996,52,0.00265233
30.5750,118.1750,31,2091,100,8,1887.07,18.679,31,0.00265924
30.5750,118.4250,38,2036,103,5,1892.18,18.908,38,0.00263416
30.5750,118.6750,7,2025,33,3,1883.92,20.299,7,0.00187906
30.5750,118.9250,97,2045,198,5,1888.07,19.504,97,0.00257011
30.5750,119.1750,61,2047,171,6,1883.00,18.833,61,0.00271400
30.5750,119.4250,39,2043,96,5,1885.56,20.023,39,0.00236686
30.5750,119.6750,57,2065,135,6,1885.85,17.468,57,0.00312615
30.5750,119.9250,57,2071,186,7,1895.76,23.011,57,0.00183729
30.5750,120.1750,107,2062,313,8,1896.35,23.313,107,0.00181370
30.5750,120.4250,119,2026,250,7,1900.61,22.900,119,0.00188156
30.5750,120.6750,102,2063,215,6,1906.14,21.995,102,0.00203239
30.5750,120.9250,60,2063,220,7,1899.38,21.918,60,0.00202256
30.5750,121.1750,2,2043,57,2,1911.75,26.698,2,0.00088241
30.5750,121.4250,10,2088,33,4,1868.29,9.613,10,0.00566571
30.5750,121.6750,5,2047,77,4,1914.14,51.806,5,0.00035062
30.5750,121.9250,3,2054,23,2,1886.59,46.579,3,0.00040818
30.5750,122.1750,1,2041,42,1,1944.91,,1,
30.5750,122.4250,1,2031,64,1,1853.81,,1,
30.3250,114.9250,38,2015,236,6,1900.59,17.784,38,0.00295499
30.3250,115.1750,77,2081,305,8,1892.40,14.927,77,0.00427811
30.3250,115.4250,172,2045,308,8,1892.02,16.198,172,0.00374156
30.3250,115.6750,67,2023,177,6,1887.42,14.356,67,0.00457335
30.3250,115.9250,18,2049,41,5,1892.61,21.808,18,0.00191454
30.3250,116.1750,136,2018,259,7,1894.27,19.145,136,0.00268292
30.3250,116.4250,162,2071,405,7,1895.35,20.161,162,0.00242929
30.3250,116.6750,65,2093,338,8,1896.24,18.594,65,0.00278812
30.3250,116.9250,42,2016,375,6,1903.08,27.538,42,0.00128478
30.3250,117.1750,78,2046,253,8,1899.89,26.682,78,0.00138369
30.3250,117.4250,14,2025,59,7,1897.51,28.536,14,0.00114366
30.3250,117.6750,5,2039,21,4,1887.60,31.650,5,0.00085474
30.3250,117.9250,2,2039,41,1,1864.81,54.677,2,0.00029325
30.3250,118.1750,12,2060,52,4,1879.36,23.054,12,0.00166226
30.3250,118.4250,9,2065,39,5,1884.95,25.309,9,0.00136238
30.3250,118.6750,9,2039,46,3,1875.52,15.262,9,0.00306403
30.3250,118.9250,7,2044,36,4,1880.31,12.678,7,0.00356019
30.3250,119.1750,9,2040,46,4,1874.02,13.748,9,0.00354046
30.3250,119.4250,33,2057,67,5,1884.80,18.397,33,0.00274767
30.3250,119.6750,48,2023,108,7,1894.73,19.355,48,0.00255007
30.3250,119.9250,108,2102,263,7,1896.90,24.169,108,0.00168939
30.3250,120.1750,60,2050,171,5,1910.21,25.076,60,0.00155570
30.3250,120.4250,17,2057,136,4,1907.64,16.891,17,0.00298694
30.3250,120.6750,2,2048,54,2,1916.05,20.540,2,0.00118712
30.3250,120.9250,2,2020,75,1,1881.75,1.882,2,0.00235825
30.3250,121.1750,15,2064,80,3,1896.86,11.839,15,0.00509623
30.3250,121.4250,6,2124,68,3,1900.40,15.899,6,0.00254497
30.3250,121.6750,4,2024,23,2,1897.86,23.286,4,0.00132891
30.3250,121.9250,3,2072,58,2,1864.09,22.186,3,0.00129438
30.3250,122.1750,3,2021,48,3,1895.45,56.166,3,0.00029113
30.3250,122.4250,0,2059,55,0,,,0,
30.0750,114.9250,74,2046,167,7,1897.83,22.138,74,0.00199412
30.0750,115.1750,3,2076,120,2,1905.70,21.146,3,0.00137461
30.0750,115.4250,77,2050,295,7,1895.13,15.572,77,0.00394633
30.0750,115.6750,67,2039,252,6,1893.37,15.902,67,0.00376761
30.0750,115.9250,80,2023,283,7,1899.71,24.293,80,0.00166477
30.0750,116.1750,63,2045,288,7,1894.96,18.075,63,0.00294058
30.0750,116.4250,5,2050,198,4,1924.23,27.110,5,0.00110722
30.0750,116.6750,29,2053,268,5,1905.12,23.842,29,0.00167377
30.0750,116.9250,40,2047,191,7,1895.92,19.475,40,0.00249821
30.0750,117.1750,16,2043,92,5,1888.50,18.569,16,0.00251653
30.0750,117.4250,1,2050,6,1,1875.57,,1,
30.0750,117.6750,3,2046,32,2,1876.23,13.790,3,0.00212536
30.0750,117.9250,11,2048,85,6,1893.42,26.384,11,0.00129439
30.0750,118.1750,0,2015,1,0,,,0,
30.0750,118.4250,24,2089,82,6,1887.51,22.078,24,0.00191401
30.0750,118.6750,9,2029,37,4,1887.71,20.923,9,0.00188247
30.0750,118.9250,0,2054,0,0,,,0,
30.0750,119.1750,18,2067,50,4,1886.31,17.879,18,0.00272940
30.0750,119.4250,17,2017,77,5,1892.48,23.593,17,0.00164992
30.0750,119.6750,34,2070,116,5,1895.06,19.816,34,0.00239565
30.0750,119.9250,26,2087,165,5,1908.51,24.035,26,0.00163930
30.0750,120.1750,34,2060,126,5,1903.14,27.293,34,0.00129932
30.0750,120.4250,80,2058,165,5,1904.35,16.939,80,0.00336218
30.0750,120.6750,76,2023,194,5,1907.02,20.900,76,0.00223283
30.0750,120.9250,66,2051,190,5,1904.61,25.320,66,0.00152937
30.0750,121.1750,67,2064,155,4,1901.15,16.500,67,0.00351105
30.0750,121.4250,49,2078,193,5,1900.09,21.762,49,0.00203770
30.0750,121.6750,3,2051,47,3,1912.05,39.706,3,0.00053854
30.0750,121.9250,0,2054,32,0,,,0,
30.0750,122.1750,0,2074,41,0,,,0,
30.0750,122.4250,1,2057,66,1,1860.31,,1,
29.8250,114.9250,20,2072,69,4,1891.56,13.112,20,0.00467322
29.8250,115.1750,60,2056,274,8,1893.18,18.500,60,0.00280700
29.8250,115.4250,10,2019,119,5,1895.16,21.813,10,0.00178595
29.8250,115.6750,7,2052,132,3,1893.43,8.636,7,0.00513561
29.8250,115.9250,37,2031,258,6,1898.15,20.530,37,0.00225114
29.8250,116.1750,0,2044,132,0,,,0,
29.8250,116.4250,51,2034,223,7,1892.46,25.776,51,0.00146868
29.8250,116.6750,95,2049,274,7,1893.90,24.910,95,0.00158891
29.8250,116.9250,70,2056,212,6,1887.97,20.802,70,0.00224850
29.8250,117.1750,94,2013,196,7,1889.92,21.479,94,0.00212639
29.8250,117.4250,118,2058,287,7,1888.80,23.875,118,0.00173264
29.8250,117.6750,79,2040,154,6,1892.59,20.348,79,0.00235463
29.8250,117.9250,106,2051,219,7,1886.65,20.490,106,0.00233775
29.8250,118.1750,97,2028,175,8,1891.01,19.646,97,0.00253387
29.8250,118.4250,121,2091,289,8,1890.21,21.831,121,0.00206800
29.8250,118.6750,12,2048,45,4,1888.74,20.628,12,0.00201769
29.8250,118.9250,0,2039,3,0,,,0,
29.8250,119.1750,2,2036,21,2,1898.64,35.835,2,0.00058664
29.8250,119.4250,0,2055,2,0,,,0,
29.8250,119.6750,11,2071,65,3,1895.30,17.120,11,0.00270611
29.8250,119.9250,0,2062,29,0,,,0,
29.8250,120.1750,55,2038,145,5,1907.20,22.908,55,0.00185158
29.8250,120.4250,71,2071,150,6,1907.93,23.945,71,0.00170881
29.8250,120.6750,11,2040,91,3,1909.00,18.501,11,0.00238810
29.8250,120.9250,49,2059,114,6,1902.37,28.192,49,0.00123161
29.8250,121.1750,2,2046,12,2,1943.68,31.232,2,0.00071635
29.8250,121.4250,76,2061,139,5,1897.04,21.586,76,0.00209641
29.8250,121.6750,26,2062,99,4,1907.93,29.504,26,0.00110765
29.8250,121.9250,0,2025,28,0,,,0,
29.8250,122.1750,0,2070,11,0,,,0,
29.8250,122.4250,1,2051,20,1,1879.66,,1,
29.5750,114.9250,21,2026,54,4,1891.52,13.923,21,0.00427532
29.5750,115.1750,7,2062,34,4,1882.21,31.460,7,0.00090098
29.5750,115.4250,3,2049,45,3,1891.99,10.415,3,0.00257191
29.5750,115.6750,84,2015,243,5,1899.81,17.679,84,0.00310028
29.5750,115.9250,31,2047,119,5,1892.64,18.306,31,0.00276048
29.5750,116.1750,10,2045,121,4,1889.39,24.654,10,0.00144525
29.5750,116.4250,134,2050,276,5,1892.89,23.365,134,0.00181097
29.5750,116.6750,203,2029,322,6,1893.39,19.498,203,0.00260196
29.5750,116.9250,121,2084,240,7,1892.38,19.362,121,0.00261905
29.5750,117.1750,108,2033,222,7,1885.90,22.744,108,0.00190450
29.5750,117.4250,65,2036,155,6,1889.48,22.476,65,0.00193002
29.5750,117.6750,0,2041,6,0,,,0,
29.5750,117.9250,0,2051,23,0,,,0,
29.5750,118.1750,54,2053,116,7,1891.37,18.932,54,0.00267390
29.5750,118.4250,13,2026,35,5,1883.01,18.283,13,0.00250657
29.5750,118.6750,10,2065,72,5,1898.49,26.277,10,0.00129100
29.5750,118.9250,0,2053,103,0,,,0,
29.5750,119.1750,0,2028,26,0,,,0,
29.5750,119.4250,11,2046,48,5,1897.92,23.255,11,0.00162013
29.5750,119.6750,3,2028,11,3,1903.35,27.045,3,0.00098837
29.5750,119.9250,23,2087,110,5,1899.32,24.605,23,0.00155776
29.5750,120.1750,61,2048,149,5,1901.55,24.749,61,0.00159662
29.5750,120.4250,26,2028,56,5,1902.71,18.612,26,0.00264024
29.5750,120.6750,37,2067,93,5,1904.18,24.583,37,0.00159482
29.5750,120.9250,61,2061,116,5,1902.95,24.009,61,0.00169435
29.5750,121.1750,0,2061,12,0,,,0,
29.5750,121.4250,12,2039,36,5,1901.22,26.105,12,0.00133055
29.5750,121.6750,1,2084,14,1,1862.07,,1,
29.5750,121.9250,0,2054,49,0,,,0,
29.5750,122.1750,1,2048,83,1,1844.01,,1,
29.5750,122.4250,32,2052,52,3,1852.74,15.437,32,0.00377941
29.3250,114.9250,37,2024,89,5,1884.10,17.174,37,0.00314788
29.3250,115.1750,13,2074,114,4,1890.97,14.135,13,0.00378072
29.3250,115.4250,41,2029,204,4,1891.03,20.616,41,0.00224445
29.3250,115.6750,165,2040,267,6,1897.62,16.397,165,0.00365039
29.3250,115.9250,36,2053,169,5,1894.86,13.803,36,0.00467521
29.3250,116.1750,3,2027,70,2,1858.81,30.000,3,0.00084723
29.3250,116.4250,81,2051,220,6,1896.91,22.698,81,0.00190273
29.3250,116.6750,68,2014,250,6,1893.04,17.243,68,0.00322917
29.3250,116.9250,171,2032,308,8,1890.67,18.490,171,0.00288347
29.3250,117.1750,179,2075,276,7,1891.43,18.504,179,0.00288103
29.3250,117.4250,109,2025,236,8,1886.53,19.717,109,0.00252224
29.3250,117.6750,165,2057,297,8,1886.38,19.590,165,0.00257152
29.3250,117.9250,107,2033,210,7,1885.61,21.040,107,0.00221949
29.3250,118.1750,0,2056,0,0,,,0,
29.3250,118.4250,1,2060,49,1,1883.36,,1,
29.3250,118.6750,18,2045,85,5,1884.09,25.051,18,0.00148304
29.3250,118.9250,0,2055,19,0,,,0,
29.3250,119.1750,20,2038,112,7,1889.30,30.364,20,0.00103731
29.3250,119.4250,79,2040,175,7,1886.73,23.009,79,0.00185167
29.3250,119.6750,19,2033,64,5,1888.01,23.573,19,0.00166683
29.3250,119.9250,59,2078,138,5,1897.55,19.416,59,0.00255611
29.3250,120.1750,44,2054,85,4,1898.78,19.575,44,0.00248566
29.3250,120.4250,15,2042,64,5,1900.30,14.679,15,0.00368270
29.3250,120.6750,6,2073,66,4,1907.34,19.094,6,0.00198124
29.3250,120.9250,9,2032,57,5,1889.66,23.137,9,0.00159038
29.3250,121.1750,0,2084,12,0,,,0,
29.3250,121.4250,7,2025,54,4,1907.83,26.399,7,0.00122390
29.3250,121.6750,2,2051,37,1,1880.67,0.707,2,0.00237530
29.3250,121.9250,0,2071,36,0,,,0,
29.3250,122.1750,10,2025,70,3,1874.47,12.587,10,0.00412320
29.3250,122.4250,28,2069,58,3,1861.98,18.057,28,0.00280829
29.0750,114.9250,21,2057,52,4,1885.90,26.568,21,0.00134065
29.0750,115.1750,0,2008,0,0,,,0,
29.0750,115.4250,4,2031,28,3,1885.26,20.275,4,0.00160951
29.0750,115.6750,129,2059,245,6,1895.33,15.779,129,0.00391397
29.0750,115.9250,61,2021,269,7,1903.43,20.120,61,0.00238887
29.0750,116.1750,15,2063,141,5,1916.62,27.038,15,0.00127050
29.0750,116.4250,0,2061,29,0,,,0,
29.0750,116.6750,10,2042,157,4,1897.83,18.973,10,0.00225185
29.0750,116.9250,181,2058,345,8,1892.63,19.731,181,0.00253822
29.0750,117.1750,175,2031,285,7,1892.18,20.973,175,0.00224877
29.0750,117.4250,173,2064,278,8,1888.89,20.222,173,0.00241676
29.0750,117.6750,106,2034,277,8,1886.24,19.804,106,0.00249924
29.0750,117.9250,79,2028,260,8,1884.65,21.565,79,0.00210214
29.0750,118.1750,7,2042,110,4,1890.50,23.076,7,0.00153222
29.0750,118.4250,40,2081,117,6,1885.22,18.061,40,0.00288002
29.0750,118.6750,50,2021,105,6,1887.48,18.064,50,0.00291443
29.0750,118.9250,108,2038,236,8,1895.36,24.578,108,0.00163435
29.0750,119.1750,178,2064,375,8,1889.12,24.066,178,0.00171260
29.0750,119.4250,138,2046,296,8,1887.24,18.459,138,0.00288316
29.0750,119.6750,75,2074,194,8,1893.36,21.850,75,0.00204644
29.0750,119.9250,30,2010,117,5,1898.24,20.052,30,0.00232492
29.0750,120.1750,42,2040,119,5,1895.68,20.992,42,0.00217069
29.0750,120.4250,14,2056,42,4,1900.00,14.171,14,0.00383294
29.0750,120.6750,3,2034,20,2,1916.97,8.410,3,0.00284844
29.0750,120.9250,10,2083,61,4,1897.12,18.329,10,0.00238065
29.0750,121.1750,0,2061,20,0,,,0,
29.0750,121.4250,1,2059,17,1,1861.03,,1,
29.0750,121.6750,2,2058,41,1,1844.78,34.459,2,0.00062192
29.0750,121.9250,0,2055,21,0,,,0,
29.0750,122.1750,24,2055,55,3,1882.27,9.361,24,0.00815246
29.0750,122.4250,22,2055,51,5,1880.96,33.211,22,0.00087628
28.8250,114.9250,0,2049,0,0,,,0,
28.8250,115.1750,20,2032,54,4,1892.45,14.653,20,0.00389447
28.8250,115.4250,168,2058,282,8,1897.54,16.568,168,0.00357792
28.8250,115.6750,99,2039,178,6,1898.57,18.126,99,0.00296690
28.8250,115.9250,65,2035,290,7,1907.74,21.152,65,0.00217228
28.8250,116.1750,45,2052,369,7,1903.75,21.484,45,0.00208232
28.8250,116.4250,8,2031,205,3,1899.53,13.799,8,0.00338357
28.8250,116.6750,103,2067,333,8,1898.27,15.750,103,0.00390274
28.8250,116.9250,189,2050,306,8,1895.49,18.162,189,0.00299111
28.8250,117.1750,148,2019,264,7,1892.38,19.569,148,0.00257305
28.8250,117.4250,145,2049,266,7,1889.18,17.458,145,0.00321984
28.8250,117.6750,43,2028,99,5,1885.48,24.857,43,0.00156884
28.8250,117.9250,0,2055,5,0,,,0,
28.8250,118.1750,15,2052,47,6,1891.42,18.317,15,0.00255386
28.8250,118.4250,140,2033,278,8,1888.05,18.656,140,0.00282431
28.8250,118.6750,92,2014,225,8,1890.70,18.147,92,0.00295468
28.8250,118.9250,63,2040,162,7,1899.92,20.502,63,0.00230584
28.8250,119.1750,6,2073,47,4,1896.19,23.640,6,0.00143056
28.8250,119.4250,0,2042,0,0,,,0,
28.8250,119.6750,21,2055,54,6,1892.07,19.076,21,0.00247569
28.8250,119.9250,46,2040,93,6,1896.79,22.661,46,0.00188034
28.8250,120.1750,39,2056,100,4,1889.18,23.612,39,0.00172690
28.8250,120.4250,1,2051,9,1,1878.35,,1,
28.8250,120.6750,3,2045,27,1,1899.39,15.986,3,0.00186604
28.8250,120.9250,14,2057,56,5,1889.32,25.822,14,0.00137576
28.8250,121.1750,11,2034,34,5,1900.48,21.116,11,0.00191444
28.8250,121.4250,2,2083,56,2,1921.24,56.583,2,0.00027608
28.8250,121.6750,1,2068,84,1,1886.45,,1,
28.8250,121.9250,6,2027,81,2,1885.22,28.446,6,0.00105339
28.8250,122.1750,15,2074,64,4,1875.55,26.554,15,0.00131376
28.8250,122.4250,29,2049,54,3,1865.59,7.997,29,0.01075824
28.5750,114.9250,62,2039,122,4,1886.47,17.842,62,0.00301301
28.5750,115.1750,94,2065,192,6,1894.10,19.708,94,0.00251657
28.5750,115.4250,188,2037,292,7,1897.63,19.181,188,0.00268547
28.5750,115.6750,108,1999,254,5,1898.14,18.247,108,0.00293473
28.5750,115.9250,23,2076,232,5,1897.66,15.929,23,0.00344488
28.5750,116.1750,4,2024,185,3,1911.99,20.635,4,0.00157220
28.5750,116.4250,9,2022,127,4,1907.18,16.341,9,0.00277401
28.5750,116.6750,97,2063,258,6,1899.41,18.168,97,0.00295212
28.5750,116.9250,149,2056,258,6,1894.16,19.926,149,0.00248334
28.5750,117.1750,81,1997,186,6,1891.04,20.889,81,0.00223844
28.5750,117.4250,94,2043,195,6,1889.10,17.474,94,0.00318182
28.5750,117.6750,49,2062,91,5,1885.83,14.054,49,0.00465802
28.5750,117.9250,87,2044,214,7,1892.42,15.928,87,0.00379696
28.5750,118.1750,182,2045,340,8,1892.89,17.613,182,0.00317617
28.5750,118.4250,197,2046,365,8,1891.01,21.184,197,0.00220733
28.5750,118.6750,39,2043,102,5,1889.36,21.444,39,0.00207721
28.5750,118.9250,0,2048,0,0,,,0,
28.5750,119.1750,0,2029,3,0,,,0,
28.5750,119.4250,2,2080,16,2,1882.17,6.718,2,0.00214761
28.5750,119.6750,2,2036,4,1,1907.97,0.783,2,0.00237466
28.5750,119.9250,3,2082,12,3,1884.38,31.382,3,0.00079043
28.5750,120.1750,12,2040,28,4,1897.52,16.574,12,0.00290046
28.5750,120.4250,0,2020,0,0,,,0,
28.5750,120.6750,0,2086,0,0,,,0,
28.5750,120.9250,0,2029,2,0,,,0,
28.5750,121.1750,18,2047,58,4,1914.87,22.210,18,0.00185185
28.5750,121.4250,29,2053,130,4,1900.57,18.551,29,0.00267995
28.5750,121.6750,0,2097,77,0,,,0,
28.5750,121.9250,3,2019,115,2,1894.13,38.647,3,0.00056373
28.5750,122.1750,14,2036,26,2,1862.50,12.656,14,0.00454014
28.5750,122.4250,18,2067,28,3,1864.36,18.959,18,0.00246201
28.3250,114.9250,146,2047,260,7,1896.21,15.622,146,0.00400319
28.3250,115.1750,172,2068,295,7,1897.09,19.853,172,0.00250607
28.3250,115.4250,132,2034,286,6,1902.01,17.319,132,0.00326442
28.3250,115.6750,80,2002,292,6,1905.46,18.450,80,0.00284962
28.3250,115.9250,112,2054,317,7,1902.30,18.915,112,0.00273766
28.3250,116.1750,82,2036,237,5,1901.30,17.710,82,0.00308745
28.3250,116.4250,132,2057,274,7,1899.03,18.106,132,0.00299213
28.3250,116.6750,154,2027,251,6,1895.75,17.447,154,0.00322742
28.3250,116.9250,163,2055,285,7,1892.62,17.322,163,0.00327624
28.3250,117.1750,128,2043,322,6,1891.01,16.749,128,0.00348321
28.3250,117.4250,126,2026,303,7,1890.65,15.824,126,0.00389004
28.3250,117.6750,125,2039,320,8,1894.33,15.921,125,0.00384310
28.3250,117.9250,58,2070,248,7,1892.56,20.529,58,0.00229399
28.3250,118.1750,126,2057,217,7,1894.55,17.677,126,0.00313322
28.3250,118.4250,13,2030,53,5,1899.56,21.611,13,0.00188073
28.3250,118.6750,0,2037,0,0,,,0,
28.3250,118.9250,0,2013,0,0,,,0,
28.3250,119.1750,0,2068,0,0,,,0,
28.3250,119.4250,2,2059,7,2,1891.56,3.276,2,0.00231894
28.3250,119.6750,9,2042,30,3,1889.82,17.051,9,0.00260294
28.3250,119.9250,14,2059,26,4,1886.60,23.189,14,0.00167285
28.3250,120.1750,0,2067,0,0,,,0,
28.3250,120.4250,0,2003,0,0,,,0,
28.3250,120.6750,0,2062,0,0,,,0,
28.3250,120.9250,0,2039,10,0,,,0,
28.3250,121.1750,0,2072,27,0,,,0,
28.3250,121.4250,15,2037,95,5,1907.21,23.717,15,0.00161665
28.3250,121.6750,0,2082,50,0,,,0,
28.3250,121.9250,9,2021,65,3,1870.25,22.750,9,0.00163661
28.3250,122.1750,12,2042,21,1,1853.92,4.290,12,0.01130127
28.3250,122.4250,12,2072,27,2,1855.47,11.708,12,0.00482698
28.0750,114.9250,112,2047,188,7,1902.08,17.060,112,0.00334950
28.0750,115.1750,197,2035,306,8,1900.42,19.095,197,0.00271079
28.0750,115.4250,134,2070,295,8,1906.01,18.472,134,0.00287785
28.0750,115.6750,182,2017,313,7,1909.86,19.039,182,0.00272412
28.0750,115.9250,167,2000,265,8,1903.83,18.970,167,0.00274059
28.0750,116.1750,148,2075,273,6,1903.38,17.408,148,0.00323922
28.0750,116.4250,153,2041,284,6,1899.16,17.711,153,0.00313319
28.0750,116.6750,168,2045,305,6,1894.94,20.474,168,0.00235734
28.0750,116.9250,147,2047,281,6,1892.25,20.405,147,0.00236921
28.0750,117.1750,71,2005,165,5,1893.76,17.745,71,0.00306069
28.0750,117.4250,9,2025,48,4,1885.65,27.070,9,0.00121035
28.0750,117.6750,18,2043,80,5,1896.90,13.109,18,0.00457516
28.0750,117.9250,10,2053,38,4,1892.09,10.600,10,0.00508999
28.0750,118.1750,0,2055,0,0,,,0,
28.0750,118.4250,13,2070,35,5,1888.06,21.105,13,0.00196035
28.0750,118.6750,0,2033,18,0,,,0,
28.0750,118.9250,0,2012,3,0,,,0,
28.0750,119.1750,0,2069,8,0,,,0,
28.0750,119.4250,0,2024,0,0,,,0,
28.0750,119.6750,0,2064,2,0,,,0,
28.0750,119.9250,0,2037,0,0,,,0,
28.0750,120.1750,0,2095,0,0,,,0,
28.0750,120.4250,0,2038,7,0,,,0,
28.0750,120.6750,1,2004,34,1,1920.53,,1,
28.0750,120.9250,0,2081,21,0,,,0,
28.0750,121.1750,0,2056,35,0,,,0,
28.0750,121.4250,6,2073,73,3,1868.13,14.917,6,0.00275724
28.0750,121.6750,27,2056,52,5,1871.90,23.584,27,0.00170250
28.0750,121.9250,26,2028,35,3,1870.87,19.652,26,0.00238932
28.0750,122.1750,12,2041,18,2,1853.79,6.246,12,0.00916601
28.0750,122.4250,8,2039,15,3,1881.88,20.103,8,0.00196362
27.8250,114.9250,145,2040,248,7,1903.76,17.529,145,0.00319409
27.8250,115.1750,190,2047,308,8,1902.36,20.649,190,0.00232117
27.8250,115.4250,107,2063,219,6,1910.04,21.726,107,0.00208380
27.8250,115.6750,31,2010,60,5,1899.65,22.555,31,0.00186620
27.8250,115.9250,107,1986,189,5,1896.52,20.027,107,0.00244538
27.8250,116.1750,156,2046,256,6,1900.37,17.738,156,0.00312483
27.8250,116.4250,132,2065,265,5,1897.99,18.382,132,0.00290460
27.8250,116.6750,164,2069,297,6,1898.73,21.019,164,0.00223750
27.8250,116.9250,41,2034,102,4,1894.35,20.797,41,0.00220734
27.8250,117.1750,1,2029,4,1,1845.77,,1,
27.8250,117.4250,0,2008,19,0,,,0,
27.8250,117.6750,0,2042,0,0,,,0,
27.8250,117.9250,2,2028,12,2,1926.71,25.017,2,0.00095570
27.8250,118.1750,0,2069,1,0,,,0,
27.8250,118.4250,5,2059,41,3,1894.96,34.106,5,0.00075109
27.8250,118.6750,12,2059,41,6,1887.28,27.146,12,0.00123919
27.8250,118.9250,0,2031,9,0,,,0,
27.8250,119.1750,0,2018,0,0,,,0,
27.8250,119.4250,0,2073,0,0,,,0,
27.8250,119.6750,0,2043,0,0,,,0,
27.8250,119.9250,8,2066,19,2,1893.51,14.921,8,0.00305102
27.8250,120.1750,0,2066,0,0,,,0,
27.8250,120.4250,6,2015,37,3,1903.95,14.220,6,0.00292066
27.8250,120.6750,4,2011,54,2,1906.86,13.373,4,0.00257015
27.8250,120.9250,0,2056,46,0,,,0,
27.8250,121.1750,4,2086,98,3,1860.22,11.957,4,0.00283110
27.8250,121.4250,28,2068,48,4,1860.25,15.113,28,0.00386942
27.8250,121.6750,33,2047,59,3,1869.78,19.683,33,0.00242191
27.8250,121.9250,19,2057,27,3,1872.13,21.683,19,0.00194394
27.8250,122.1750,17,2033,21,2,1863.14,16.096,17,0.00324096
27.8250,122.4250,21,2066,27,3,1871.18,22.318,21,0.00185820
27.5750,114.9250,165,2046,289,7,1899.91,22.003,165,0.00204400
27.5750,115.1750,129,2064,264,6,1901.79,23.043,129,0.00186048
27.5750,115.4250,105,2035,203,6,1902.90,22.651,105,0.00191913
27.5750,115.6750,94,2036,180,6,1897.21,23.929,94,0.00171951
27.5750,115.9250,54,2021,112,5,1895.25,21.294,54,0.00213221
27.5750,116.1750,102,2031,200,5,1897.51,19.945,102,0.00246271
27.5750,116.4250,30,2043,97,4,1897.84,24.945,30,0.00153780
27.5750,116.6750,87,2061,216,5,1897.74,25.597,87,0.00150406
27.5750,116.9250,15,2059,57,4,1888.46,27.755,15,0.00121004
27.5750,117.1750,18,2039,74,3,1891.12,11.253,18,0.00576838
27.5750,117.4250,10,2016,33,3,1889.61,28.970,10,0.00108299
27.5750,117.6750,0,2028,0,0,,,0,
27.5750,117.9250,40,2059,148,6,1894.81,23.613,40,0.00172826
27.5750,118.1750,24,2038,93,6,1892.39,26.409,24,0.00136520
27.5750,118.4250,0,2038,7,0,,,0,
27.5750,118.6750,20,2103,77,5,1889.91,20.374,20,0.00218738
27.5750,118.9250,0,1991,9,0,,,0,
27.5750,119.1750,0,1995,6,0,,,0,
27.5750,119.4250,0,2054,9,0,,,0,
27.5750,119.6750,0,2074,1,0,,,0,
27.5750,119.9250,0,2064,0,0,,,0,
27.5750,120.1750,0,2032,0,0,,,0,
27.5750,120.4250,23,2043,76,5,1894.49,23.840,23,0.00165315
27.5750,120.6750,1,2042,54,1,1842.75,,1,
27.5750,120.9250,5,2020,120,2,1858.97,17.485,5,0.00211006
27.5750,121.1750,12,2051,113,3,1862.33,12.267,12,0.00453373
27.5750,121.4250,43,2061,71,3,1861.05,16.731,43,0.00333915
27.5750,121.6750,32,2084,46,3,1862.56,18.866,32,0.00261627
27.5750,121.9250,14,2054,20,3,1868.33,17.529,14,0.00272240
27.5750,122.1750,18,2030,22,3,1873.39,18.202,18,0.00264517
27.5750,122.4250,18,2049,21,3,1877.80,18.733,18,0.00251472
27.3250,114.9250,153,2060,292,8,1899.72,25.718,153,0.00149949
27.3250,115.1750,71,2062,145,7,1904.77,28.312,71,0.00122941
27.3250,115.4250,164,2054,247,7,1896.12,25.661,164,0.00150695
27.3250,115.6750,145,2011,208,5,1898.88,21.252,145,0.00218604
27.3250,115.9250,49,2034,105,4,1894.46,21.077,49,0.00216736
27.3250,116.1750,10,2018,52,4,1891.02,32.558,10,0.00087403
27.3250,116.4250,29,2065,88,4,1898.15,16.563,29,0.00329658
27.3250,116.6750,118,2042,290,7,1901.45,22.661,118,0.00192063
27.3250,116.9250,89,2054,246,5,1886.34,23.510,89,0.00177885
27.3250,117.1750,8,2090,31,3,1886.25,10.685,8,0.00456013
27.3250,117.4250,26,1975,55,4,1902.81,23.301,26,0.00173825
27.3250,117.6750,7,2029,46,2,1907.01,18.915,7,0.00209241
27.3250,117.9250,67,2049,192,6,1900.93,21.933,67,0.00202594
27.3250,118.1750,82,2063,206,6,1897.50,25.884,82,0.00147006
27.3250,118.4250,2,2056,17,1,1913.89,19.492,2,0.00124931
27.3250,118.6750,0,2036,35,0,,,0,
27.3250,118.9250,3,2046,16,3,1850.89,27.205,3,0.00097996
27.3250,119.1750,26,2017,105,6,1890.68,17.716,26,0.00288837
27.3250,119.4250,0,2041,0,0,,,0,
27.3250,119.6750,0,2061,4,0,,,0,
27.3250,119.9250,0,2066,6,0,,,0,
27.3250,120.1750,1,2060,35,1,1876.79,,1,
27.3250,120.4250,2,2030,49,2,1880.80,27.565,2,0.00084723
27.3250,120.6750,8,2039,82,4,1858.89,19.518,8,0.00205732
27.3250,120.9250,27,2031,56,4,1853.03,12.276,27,0.00549889
27.3250,121.1750,37,2080,70,2,1861.43,11.331,37,0.00661716
27.3250,121.4250,38,2055,68,2,1858.60,21.978,38,0.00197963
27.3250,121.6750,21,2058,30,4,1864.19,22.106,21,0.00189128
27.3250,121.9250,25,2101,26,4,1867.22,17.835,25,0.00284318
27.3250,122.1750,15,1998,19,3,1876.34,15.062,15,0.00353438
27.3250,122.4250,4,2025,12,2,1878.02,11.498,4,0.00292011
27.0750,114.9250,131,2084,279,8,1905.67,23.768,131,0.00175026
27.0750,115.1750,49,2045,167,6,1903.01,20.949,49,0.00219284
27.0750,115.4250,136,2060,251,5,1898.74,23.795,136,0.00174704
27.0750,115.6750,59,2077,122,4,1897.89,20.788,59,0.00224023
27.0750,115.9250,2,1995,11,2,1890.93,8.280,2,0.00204477
27.0750,116.1750,10,2007,64,3,1901.42,25.388,10,0.00137240
27.0750,116.4250,67,2047,210,6,1896.59,21.510,67,0.00210424
27.0750,116.6750,100,2056,211,7,1899.03,24.108,100,0.00169601
27.0750,116.9250,21,2056,68,4,1891.11,15.664,21,0.00350372
27.0750,117.1750,18,2056,49,4,1895.21,25.541,18,0.00143050
27.0750,117.4250,8,2019,47,3,1883.59,15.482,8,0.00290020
27.0750,117.6750,16,2014,57,3,1888.88,28.878,16,0.00112803
27.0750,117.9250,6,2036,24,4,1894.95,43.201,6,0.00049839
27.0750,118.1750,25,2045,100,5,1886.90,30.653,25,0.00102750
27.0750,118.4250,24,2068,115,5,1906.24,19.209,24,0.00247509
27.0750,118.6750,7,2060,63,5,1883.89,28.697,7,0.00105970
27.0750,118.9250,6,2014,44,4,1867.18,31.096,6,0.00090324
27.0750,119.1750,3,2025,14,3,1890.58,26.328,3,0.00102723
27.0750,119.4250,0,2014,0,0,,,0,
27.0750,119.6750,0,2090,18,0,,,0,
27.0750,119.9250,0,2037,0,0,,,0,
27.0750,120.1750,0,2072,13,0,,,0,
27.0750,120.4250,7,2072,107,3,1859.29,6.388,7,0.00621299
27.0750,120.6750,19,1995,90,5,1875.82,29.050,19,0.00112593
27.0750,120.9250,21,2055,53,4,1852.17,11.267,21,0.00598817
27.0750,121.1750,29,2026,65,4,1859.09,13.600,29,0.00467394
27.0750,121.4250,33,2085,71,4,1861.64,17.170,33,0.00312219
27.0750,121.6750,29,2054,47,4,1862.25,19.178,29,0.00252011
27.0750,121.9250,11,2067,16,3,1863.79,17.242,11,0.00267564
27.0750,122.1750,1,2037,10,1,1849.41,,1,
27.0750,122.4250,2,2032,14,1,1863.21,2.582,2,0.00234101
