granule,acquired,pixel_size,soundings_read,soundings_valid_global,in_box_total,in_box_retrieved,in_box_passed,no_retrieval_share,threshold_rejected_share
S5P_RPRO_L2__CH4____20180430T034250_20180430T052420_02820_03_020400_20221107T155112.nc,2018-04-30T03:42:50,7.0x7.0 km2,697675,43860,5617,426,273,0.924159,0.359155
S5P_RPRO_L2__CH4____20180430T052420_20180430T070550_02821_03_020400_20221107T155135.nc,2018-04-30T05:24:20,7.0x7.0 km2,697675,24587,753,0,0,1.000000,
S5P_RPRO_L2__CH4____20180501T032352_20180501T050523_02834_03_020400_20221107T155313.nc,2018-05-01T03:23:52,7.0x7.0 km2,697890,11319,2235,1,0,0.999553,1.000000
S5P_RPRO_L2__CH4____20180501T050523_20180501T064653_02835_03_020400_20221107T155315.nc,2018-05-01T05:05:23,7.0x7.0 km2,697890,26838,3840,4,0,0.998958,1.000000
S5P_RPRO_L2__CH4____20180502T030455_20180502T044625_02848_03_020400_20221107T155512.nc,2018-05-02T03:04:55,7.0x7.0 km2,624575,11775,192,0,0,1.000000,
S5P_RPRO_L2__CH4____20180502T044625_20180502T062755_02849_03_020400_20221107T155514.nc,2018-05-02T04:46:25,7.0x7.0 km2,697675,31583,7903,189,4,0.976085,0.978836
S5P_RPRO_L2__CH4____20180502T062755_20180502T080925_02850_03_020400_20221107T155516.nc,2018-05-02T06:27:55,7.0x7.0 km2,697675,11972,0,0,0,,
S5P_RPRO_L2__CH4____20180503T024557_20180503T042727_02862_03_020400_20221107T155656.nc,2018-05-03T02:45:57,7.0x7.0 km2,697675,17406,0,0,0,,
S5P_RPRO_L2__CH4____20180503T042727_20180503T060857_02863_03_020400_20221107T155718.nc,2018-05-03T04:27:27,7.0x7.0 km2,624575,40264,11762,3658,2423,0.688998,0.337616
S5P_RPRO_L2__CH4____20180503T060857_20180503T075028_02864_03_020400_20221107T155719.nc,2018-05-03T06:08:57,7.0x7.0 km2,697675,13346,0,0,0,,
S5P_RPRO_L2__CH4____20180504T040830_20180504T055000_02877_03_020400_20221107T185945.nc,2018-05-04T04:08:30,7.0x7.0 km2,697890,42557,11051,1226,379,0.889060,0.690865
S5P_RPRO_L2__CH4____20180504T055000_20180504T073130_02878_03_020400_20221107T185946.nc,2018-05-04T05:50:00,7.0x7.0 km2,624575,18731,0,0,0,,
S5P_RPRO_L2__CH4____20180505T034932_20180505T053102_02891_03_020400_20221107T205041.nc,2018-05-05T03:49:32,7.0x7.0 km2,697675,53606,6860,0,0,1.000000,
S5P_RPRO_L2__CH4____20180505T053102_20180505T071232_02892_03_020400_20221107T205042.nc,2018-05-05T05:31:02,7.0x7.0 km2,697675,35939,115,0,0,1.000000,
S5P_RPRO_L2__CH4____20180506T033034_20180506T051204_02905_03_020400_20221107T223310.nc,2018-05-06T03:30:34,7.0x7.0 km2,697675,56175,3286,0,0,1.000000,
S5P_RPRO_L2__CH4____20180506T051204_20180506T065334_02906_03_020400_20221107T223312.nc,2018-05-06T05:12:04,7.0x7.0 km2,697675,39618,2591,20,0,0.992281,1.000000
S5P_RPRO_L2__CH4____20180507T031136_20180507T045306_02919_03_020400_20221108T154026.nc,2018-05-07T03:11:36,7.0x7.0 km2,697675,27201,634,0,0,1.000000,
S5P_RPRO_L2__CH4____20180507T045306_20180507T063436_02920_03_020400_20221108T001540.nc,2018-05-07T04:53:06,7.0x7.0 km2,697675,48823,6502,0,0,1.000000,
S5P_RPRO_L2__CH4____20180507T063436_20180507T081606_02921_03_020400_20221108T001541.nc,2018-05-07T06:34:36,7.0x7.0 km2,697675,21331,0,0,0,,
S5P_RPRO_L2__CH4____20180508T025238_20180508T043408_02933_03_020400_20221108T013231.nc,2018-05-08T02:52:38,7.0x7.0 km2,697890,15999,0,0,0,,
S5P_RPRO_L2__CH4____20180508T043408_20180508T061538_02934_03_020400_20221108T014936.nc,2018-05-08T04:34:08,7.0x7.0 km2,697890,57706,10790,2073,1208,0.807878,0.417270
S5P_RPRO_L2__CH4____20180508T061538_20180508T075708_02935_03_020400_20221108T015808.nc,2018-05-08T06:15:38,7.0x7.0 km2,697675,24458,0,0,0,,
S5P_RPRO_L2__CH4____20180509T041510_20180509T055640_02948_03_020400_20221108T031457.nc,2018-05-09T04:15:10,7.0x7.0 km2,697890,60490,11910,3208,1434,0.730647,0.552993
S5P_RPRO_L2__CH4____20180509T055640_20180509T073810_02949_03_020400_20221108T032332.nc,2018-05-09T05:56:40,7.0x7.0 km2,697890,27596,0,0,0,,
S5P_RPRO_L2__CH4____20180510T035611_20180510T053741_02962_03_020400_20221108T050607.nc,2018-05-10T03:56:11,7.0x7.0 km2,697890,53515,8273,999,424,0.879246,0.575576
S5P_RPRO_L2__CH4____20180510T053741_20180510T071912_02963_03_020400_20221108T051442.nc,2018-05-10T05:37:41,7.0x7.0 km2,697675,21601,0,0,0,,
S5P_RPRO_L2__CH4____20180511T033713_20180511T051843_02976_03_020400_20221108T070600.nc,2018-05-11T03:37:13,7.0x7.0 km2,697675,46670,4413,83,4,0.981192,0.951807
S5P_RPRO_L2__CH4____20180511T051843_20180511T070013_02977_03_020400_20221108T070603.nc,2018-05-11T05:18:43,7.0x7.0 km2,697890,29007,1593,0,0,1.000000,
S5P_RPRO_L2__CH4____20180512T031814_20180512T045944_02990_03_020400_20221108T085719.nc,2018-05-12T03:18:14,7.0x7.0 km2,697675,39807,1328,0,0,1.000000,
S5P_RPRO_L2__CH4____20180512T045944_20180512T064115_02991_03_020400_20221108T090550.nc,2018-05-12T04:59:44,7.0x7.0 km2,697675,43514,5279,0,0,1.000000,
S5P_RPRO_L2__CH4____20180512T064115_20180512T082245_02992_03_020400_20221108T090552.nc,2018-05-12T06:41:15,7.0x7.0 km2,697890,14644,0,0,0,,
S5P_RPRO_L2__CH4____20180513T025916_20180513T044046_03004_03_020400_20221108T094016.nc,2018-05-13T02:59:16,7.0x7.0 km2,697890,21164,10,0,0,1.000000,
S5P_RPRO_L2__CH4____20180513T044046_20180513T062216_03005_03_020400_20221108T094017.nc,2018-05-13T04:40:46,7.0x7.0 km2,697675,56939,9453,2689,1809,0.715540,0.327259
S5P_RPRO_L2__CH4____20180513T062216_20180513T080346_03006_03_020400_20221108T094019.nc,2018-05-13T06:22:16,7.0x7.0 km2,697675,4717,0,0,0,,
S5P_RPRO_L2__CH4____20180514T042147_20180514T060317_03019_03_020400_20221109T092730.nc,2018-05-14T04:21:47,7.0x7.0 km2,624575,64891,12179,410,31,0.966335,0.924390
S5P_RPRO_L2__CH4____20180514T060317_20180514T074447_03020_03_020400_20221109T092733.nc,2018-05-14T06:03:17,7.0x7.0 km2,697890,6963,0,0,0,,
S5P_RPRO_L2__CH4____20180515T040248_20180515T054418_03033_03_020400_20221109T092807.nc,2018-05-15T04:02:48,7.0x7.0 km2,697890,56466,9717,1070,418,0.889884,0.609346
S5P_RPRO_L2__CH4____20180515T054418_20180515T072549_03034_03_020400_20221109T092809.nc,2018-05-15T05:44:18,7.0x7.0 km2,697890,16786,0,0,0,,
S5P_RPRO_L2__CH4____20180516T034349_20180516T052519_03047_03_020400_20221109T092839.nc,2018-05-16T03:43:49,7.0x7.0 km2,697675,57674,5556,930,330,0.832613,0.645161
S5P_RPRO_L2__CH4____20180516T052519_20180516T070650_03048_03_020400_20221109T092844.nc,2018-05-16T05:25:19,7.0x7.0 km2,697675,28690,788,7,0,0.991117,1.000000
S5P_RPRO_L2__CH4____20180517T032450_20180517T050620_03061_03_020400_20221109T092932.nc,2018-05-17T03:24:50,7.0x7.0 km2,695740,39293,2188,3,0,0.998629,1.000000
S5P_RPRO_L2__CH4____20180517T050620_20180517T064750_03062_03_020400_20221109T092934.nc,2018-05-17T05:06:20,7.0x7.0 km2,697890,36573,3917,60,0,0.984682,1.000000
S5P_RPRO_L2__CH4____20180518T030551_20180518T044721_03075_03_020400_20221109T100733.nc,2018-05-18T03:05:51,7.0x7.0 km2,697890,27411,176,0,0,1.000000,
S5P_RPRO_L2__CH4____20180518T044721_20180518T062851_03076_03_020400_20221109T100735.nc,2018-05-18T04:47:21,7.0x7.0 km2,697675,30689,7979,41,0,0.994862,1.000000
S5P_RPRO_L2__CH4____20180518T062851_20180518T081021_03077_03_020400_20221109T100737.nc,2018-05-18T06:28:51,7.0x7.0 km2,697890,15749,0,0,0,,
S5P_RPRO_L2__CH4____20180519T024652_20180519T042822_03089_03_020400_20221109T100739.nc,2018-05-19T02:46:52,7.0x7.0 km2,624575,15862,0,0,0,,
S5P_RPRO_L2__CH4____20180519T042822_20180519T060952_03090_03_020400_20221108T105506.nc,2018-05-19T04:28:22,7.0x7.0 km2,697675,43000,11795,371,139,0.968546,0.625337
S5P_RPRO_L2__CH4____20180519T060952_20180519T075122_03091_03_020400_20221109T100744.nc,2018-05-19T06:09:52,7.0x7.0 km2,697675,14268,0,0,0,,
S5P_RPRO_L2__CH4____20180520T040923_20180520T055053_03104_03_020400_20221109T100807.nc,2018-05-20T04:09:23,7.0x7.0 km2,697890,48310,10989,38,0,0.996542,1.000000
S5P_RPRO_L2__CH4____20180520T055053_20180520T073223_03105_03_020400_20221109T100810.nc,2018-05-20T05:50:53,7.0x7.0 km2,697890,15742,0,0,0,,
S5P_RPRO_L2__CH4____20180521T035023_20180521T053153_03118_03_020400_20221109T100834.nc,2018-05-21T03:50:23,7.0x7.0 km2,624575,50144,6804,151,74,0.977807,0.509934
S5P_RPRO_L2__CH4____20180521T053153_20180521T071323_03119_03_020400_20221108T110526.nc,2018-05-21T05:31:53,7.0x7.0 km2,697675,25911,144,0,0,1.000000,
S5P_RPRO_L2__CH4____20180522T033124_20180522T051254_03132_03_020400_20221109T110746.nc,2018-05-22T03:31:24,7.0x7.0 km2,697890,40029,3229,3,0,0.999071,1.000000
S5P_RPRO_L2__CH4____20180522T051254_20180522T065424_03133_03_020400_20221109T110747.nc,2018-05-22T05:12:54,7.0x7.0 km2,624790,39757,2650,1,0,0.999623,1.000000
S5P_RPRO_L2__CH4____20180523T031224_20180523T045354_03146_03_020400_20221109T110813.nc,2018-05-23T03:12:24,7.0x7.0 km2,697890,26427,603,0,0,1.000000,
S5P_RPRO_L2__CH4____20180523T045354_20180523T063524_03147_03_020400_20221109T110816.nc,2018-05-23T04:53:54,7.0x7.0 km2,697675,45297,6577,1667,904,0.746541,0.457708
S5P_RPRO_L2__CH4____20180523T063524_20180523T081654_03148_03_020400_20221109T110818.nc,2018-05-23T06:35:24,7.0x7.0 km2,624790,8675,0,0,0,,
S5P_RPRO_L2__CH4____20180524T025324_20180524T043454_03160_03_020400_20221109T114947.nc,2018-05-24T02:53:24,7.0x7.0 km2,697675,12722,0,0,0,,
S5P_RPRO_L2__CH4____20180524T043454_20180524T061624_03161_03_020400_20221109T120008.nc,2018-05-24T04:34:54,7.0x7.0 km2,697675,52133,10858,827,194,0.923835,0.765417
S5P_RPRO_L2__CH4____20180524T061624_20180524T075754_03162_03_020400_20221109T120010.nc,2018-05-24T06:16:24,7.0x7.0 km2,697675,3164,0,0,0,,
S5P_RPRO_L2__CH4____20180525T041554_20180525T055724_03175_03_020400_20221109T124146.nc,2018-05-25T04:15:54,7.0x7.0 km2,697675,54008,11880,944,0,0.920539,1.000000
S5P_RPRO_L2__CH4____20180525T055724_20180525T073854_03176_03_020400_20221109T124147.nc,2018-05-25T05:57:24,7.0x7.0 km2,697675,6646,0,0,0,,
S5P_RPRO_L2__CH4____20180526T035654_20180526T053824_03189_03_020400_20221109T132315.nc,2018-05-26T03:56:54,7.0x7.0 km2,697675,34787,8194,372,195,0.954601,0.475806
S5P_RPRO_L2__CH4____20180526T053824_20180526T071954_03190_03_020400_20221109T132317.nc,2018-05-26T05:38:24,7.0x7.0 km2,697675,13177,0,0,0,,
S5P_RPRO_L2__CH4____20180527T033754_20180527T051924_03203_03_020400_20221108T114735.nc,2018-05-27T03:37:54,7.0x7.0 km2,697675,15818,4349,7,0,0.998390,1.000000
S5P_RPRO_L2__CH4____20180527T051924_20180527T070054_03204_03_020400_20221108T114737.nc,2018-05-27T05:19:24,7.0x7.0 km2,697890,32525,1643,4,0,0.997565,1.000000
S5P_RPRO_L2__CH4____20180528T031853_20180528T050023_03217_03_020400_20221108T114811.nc,2018-05-28T03:18:53,7.0x7.0 km2,697675,14768,1294,0,0,1.000000,
S5P_RPRO_L2__CH4____20180528T050023_20180528T064153_03218_03_020400_20221110T082403.nc,2018-05-28T05:00:23,7.0x7.0 km2,697675,48097,5338,576,211,0.892094,0.633681
S5P_RPRO_L2__CH4____20180528T064153_20180528T082323_03219_03_020400_20221110T082405.nc,2018-05-28T06:41:53,7.0x7.0 km2,697890,11838,0,0,0,,
S5P_RPRO_L2__CH4____20180529T025953_20180529T044123_03231_03_020400_20221110T082558.nc,2018-05-29T02:59:53,7.0x7.0 km2,697675,13460,7,0,0,1.000000,
S5P_RPRO_L2__CH4____20180529T044123_20180529T062253_03232_03_020400_20221110T082559.nc,2018-05-29T04:41:23,7.0x7.0 km2,697675,56320,9534,27,2,0.997168,0.925926
S5P_RPRO_L2__CH4____20180529T062253_20180529T080423_03233_03_020400_20221110T082621.nc,2018-05-29T06:22:53,7.0x7.0 km2,697675,5864,0,0,0,,
S5P_RPRO_L2__CH4____20180530T042222_20180530T060352_03246_03_020400_20221110T082834.nc,2018-05-30T04:22:22,7.0x7.0 km2,697890,65438,12179,92,13,0.992446,0.858696
S5P_RPRO_L2__CH4____20180530T060352_20180530T074522_03247_03_020400_20221110T082841.nc,2018-05-30T06:03:52,7.0x7.0 km2,697675,4042,0,0,0,,
S5P_RPRO_L2__CH4____20180531T040322_20180531T054452_03260_03_020400_20221110T091918.nc,2018-05-31T04:03:22,7.0x7.0 km2,697890,55439,9642,927,550,0.903858,0.406688
S5P_RPRO_L2__CH4____20180531T054452_20180531T072622_03261_03_020400_20221110T091920.nc,2018-05-31T05:44:52,7.0x7.0 km2,697675,3734,0,0,0,,
S5P_RPRO_L2__CH4____20180601T034421_20180601T052551_03274_03_020400_20221110T091944.nc,2018-06-01T03:44:21,7.0x7.0 km2,697675,61476,5498,1034,454,0.811932,0.560928
S5P_RPRO_L2__CH4____20180601T052551_20180601T070721_03275_03_020400_20221110T091946.nc,2018-06-01T05:25:51,7.0x7.0 km2,697675,12534,828,0,0,1.000000,
S5P_RPRO_L2__CH4____20180602T032520_20180602T050650_03288_03_020400_20221110T100801.nc,2018-06-02T03:25:20,7.0x7.0 km2,697675,49781,2136,0,0,1.000000,
S5P_RPRO_L2__CH4____20180602T050650_20180602T064820_03289_03_020400_20221110T100802.nc,2018-06-02T05:06:50,7.0x7.0 km2,697675,32496,3992,0,0,1.000000,
S5P_RPRO_L2__CH4____20180603T030619_20180603T044749_03302_03_020400_20221110T100830.nc,2018-06-03T03:06:19,7.0x7.0 km2,697675,33564,162,0,0,1.000000,
S5P_RPRO_L2__CH4____20180603T044749_20180603T062919_03303_03_020400_20221110T100832.nc,2018-06-03T04:47:49,7.0x7.0 km2,697890,55486,8064,810,207,0.899554,0.744444
S5P_RPRO_L2__CH4____20180603T062919_20180603T081049_03304_03_020400_20221110T100836.nc,2018-06-03T06:29:19,7.0x7.0 km2,697675,5609,0,0,0,,
S5P_RPRO_L2__CH4____20180604T024718_20180604T042848_03316_03_020400_20221110T101911.nc,2018-06-04T02:47:18,7.0x7.0 km2,697675,18212,0,0,0,,
S5P_RPRO_L2__CH4____20180604T042848_20180604T061018_03317_03_020400_20221110T102922.nc,2018-06-04T04:28:48,7.0x7.0 km2,697675,54220,11840,93,20,0.992145,0.784946
S5P_RPRO_L2__CH4____20180604T061018_20180604T075148_03318_03_020400_20221110T102924.nc,2018-06-04T06:10:18,7.0x7.0 km2,697890,4489,0,0,0,,
S5P_RPRO_L2__CH4____20180605T040947_20180605T055117_03331_03_020400_20221110T111041.nc,2018-06-05T04:09:47,7.0x7.0 km2,697675,50935,10927,431,213,0.960556,0.505800
S5P_RPRO_L2__CH4____20180605T055117_20180605T073247_03332_03_020400_20221110T111042.nc,2018-06-05T05:51:17,7.0x7.0 km2,697890,7115,0,0,0,,
S5P_RPRO_L2__CH4____20180606T035045_20180606T053215_03345_03_020400_20221110T111103.nc,2018-06-06T03:50:45,7.0x7.0 km2,697675,46430,6721,1806,1055,0.731290,0.415836
S5P_RPRO_L2__CH4____20180606T053215_20180606T071345_03346_03_020400_20221110T111105.nc,2018-06-06T05:32:15,7.0x7.0 km2,697675,7651,174,0,0,1.000000,
S5P_RPRO_L2__CH4____20180607T033144_20180607T051314_03359_03_020400_20221110T112204.nc,2018-06-07T03:31:44,7.0x7.0 km2,624790,37926,3168,301,77,0.904987,0.744186
S5P_RPRO_L2__CH4____20180607T051314_20180607T065444_03360_03_020400_20221110T113245.nc,2018-06-07T05:13:14,7.0x7.0 km2,697675,11276,2724,259,103,0.904919,0.602317
S5P_RPRO_L2__CH4____20180608T031242_20180608T045412_03373_03_020400_20221110T123812.nc,2018-06-08T03:12:42,7.0x7.0 km2,624575,25157,575,0,0,1.000000,
S5P_RPRO_L2__CH4____20180608T045412_20180608T063542_03374_03_020400_20221110T123814.nc,2018-06-08T04:54:12,7.0x7.0 km2,697675,19359,6656,175,20,0.973708,0.885714
S5P_RPRO_L2__CH4____20180608T063542_20180608T081712_03375_03_020400_20221110T123816.nc,2018-06-08T06:35:42,7.0x7.0 km2,697675,6824,0,0,0,,
S5P_RPRO_L2__CH4____20180609T025340_20180609T043510_03387_03_020400_20221110T132155.nc,2018-06-09T02:53:40,7.0x7.0 km2,697245,15396,0,0,0,,
S5P_RPRO_L2__CH4____20180609T043510_20180609T061640_03388_03_020400_20221110T132156.nc,2018-06-09T04:35:10,7.0x7.0 km2,624790,28611,10922,78,27,0.992858,0.653846
S5P_RPRO_L2__CH4____20180609T061640_20180609T075810_03389_03_020400_20221110T132158.nc,2018-06-09T06:16:40,7.0x7.0 km2,697675,6596,0,0,0,,
S5P_RPRO_L2__CH4____20180610T041608_20180610T055738_03402_03_020400_20221110T142723.nc,2018-06-10T04:16:08,7.0x7.0 km2,697890,38984,11836,84,3,0.992903,0.964286
S5P_RPRO_L2__CH4____20180610T055738_20180610T073908_03403_03_020400_20221110T143812.nc,2018-06-10T05:57:38,7.0x7.0 km2,624575,12269,0,0,0,,
S5P_RPRO_L2__CH4____20180611T035707_20180611T053836_03416_03_020400_20221110T153227.nc,2018-06-11T03:57:07,7.0x7.0 km2,697890,43029,8104,2668,1253,0.670780,0.530360
S5P_RPRO_L2__CH4____20180611T053836_20180611T072006_03417_03_020400_20221110T153229.nc,2018-06-11T05:38:36,7.0x7.0 km2,695310,18056,0,0,0,,
S5P_RPRO_L2__CH4____20180612T033804_20180612T051934_03430_03_020400_20221110T161536.nc,2018-06-12T03:38:04,7.0x7.0 km2,697675,35922,4287,782,305,0.817588,0.609974
S5P_RPRO_L2__CH4____20180612T051934_20180612T070104_03431_03_020400_20221110T161538.nc,2018-06-12T05:19:34,7.0x7.0 km2,697675,25230,1696,256,172,0.849057,0.328125
S5P_RPRO_L2__CH4____20180613T031902_20180613T050032_03444_03_020400_20221110T164815.nc,2018-06-13T03:19:02,7.0x7.0 km2,697675,13571,1247,0,0,1.000000,
S5P_RPRO_L2__CH4____20180613T050032_20180613T064202_03445_03_020400_20221110T164816.nc,2018-06-13T05:00:32,7.0x7.0 km2,697675,37943,5406,784,333,0.854976,0.575255
S5P_RPRO_L2__CH4____20180613T064202_20180613T082332_03446_03_020400_20221110T165913.nc,2018-06-13T06:42:02,7.0x7.0 km2,697890,3634,0,0,0,,
S5P_RPRO_L2__CH4____20180615T042227_20180615T060357_03473_03_020400_20221110T174253.nc,2018-06-15T04:22:27,7.0x7.0 km2,697890,0,12181,1167,0,0.904195,1.000000
S5P_RPRO_L2__CH4____20180615T060357_20180615T074527_03474_03_020400_20221110T175345.nc,2018-06-15T06:03:57,7.0x7.0 km2,697890,0,0,0,0,,
S5P_RPRO_L2__CH4____20180616T040326_20180616T054456_03487_03_020400_20221110T182613.nc,2018-06-16T04:03:26,7.0x7.0 km2,697675,35396,9549,653,152,0.931616,0.767228
S5P_RPRO_L2__CH4____20180616T054456_20180616T072626_03488_03_020400_20221110T182614.nc,2018-06-16T05:44:56,7.0x7.0 km2,697675,15547,0,0,0,,
S5P_RPRO_L2__CH4____20180617T034425_20180617T052555_03501_03_020400_20221110T192036.nc,2018-06-17T03:44:25,7.0x7.0 km2,697675,42538,5435,380,66,0.930083,0.826316
S5P_RPRO_L2__CH4____20180617T052555_20180617T070725_03502_03_020400_20221110T192050.nc,2018-06-17T05:25:55,7.0x7.0 km2,697675,29518,870,0,0,1.000000,
S5P_RPRO_L2__CH4____20180618T032524_20180618T050654_03515_03_020400_20221110T194247.nc,2018-06-18T03:25:24,7.0x7.0 km2,697675,37491,2093,7,0,0.996656,1.000000
S5P_RPRO_L2__CH4____20180618T050654_20180618T064824_03516_03_020400_20221110T194249.nc,2018-06-18T05:06:54,7.0x7.0 km2,697890,28052,4053,268,30,0.933876,0.888060
S5P_RPRO_L2__CH4____20180619T030623_20180619T044753_03529_03_020400_20221110T201517.nc,2018-06-19T03:06:23,7.0x7.0 km2,697675,21793,151,0,0,1.000000,
S5P_RPRO_L2__CH4____20180619T044753_20180619T062923_03530_03_020400_20221110T201518.nc,2018-06-19T04:47:53,7.0x7.0 km2,697675,28215,8118,124,18,0.984725,0.854839
S5P_RPRO_L2__CH4____20180619T062923_20180619T081053_03531_03_020400_20221110T201520.nc,2018-06-19T06:29:23,7.0x7.0 km2,697890,9690,0,0,0,,
S5P_RPRO_L2__CH4____20180620T024722_20180620T042851_03543_03_020400_20221110T204756.nc,2018-06-20T02:47:22,7.0x7.0 km2,697675,8453,0,0,0,,
S5P_RPRO_L2__CH4____20180620T042851_20180620T061021_03544_03_020400_20221110T204759.nc,2018-06-20T04:28:51,7.0x7.0 km2,697675,43463,11865,26,3,0.997809,0.884615
S5P_RPRO_L2__CH4____20180620T061021_20180620T075151_03545_03_020400_20221110T204801.nc,2018-06-20T06:10:21,7.0x7.0 km2,697890,5681,0,0,0,,
S5P_RPRO_L2__CH4____20180621T040950_20180621T055120_03558_03_020400_20221110T212043.nc,2018-06-21T04:09:50,7.0x7.0 km2,697675,57283,10891,371,38,0.965935,0.897574
S5P_RPRO_L2__CH4____20180621T055120_20180621T073250_03559_03_020400_20221110T213133.nc,2018-06-21T05:51:20,7.0x7.0 km2,624790,8644,0,0,0,,
S5P_RPRO_L2__CH4____20180622T035049_20180622T053218_03572_03_020400_20221110T221515.nc,2018-06-22T03:50:49,7.0x7.0 km2,697890,49734,6687,126,10,0.981157,0.920635
S5P_RPRO_L2__CH4____20180622T053218_20180622T071348_03573_03_020400_20221110T221517.nc,2018-06-22T05:32:18,7.0x7.0 km2,697890,13366,189,0,0,1.000000,
S5P_RPRO_L2__CH4____20180623T033147_20180623T051317_03586_03_020400_20221110T224740.nc,2018-06-23T03:31:47,7.0x7.0 km2,697675,31157,3143,320,170,0.898186,0.468750
S5P_RPRO_L2__CH4____20180623T051317_20180623T065447_03587_03_020400_20221110T224741.nc,2018-06-23T05:13:17,7.0x7.0 km2,697675,24888,2738,65,8,0.976260,0.876923
S5P_RPRO_L2__CH4____20180624T031245_20180624T045415_03600_03_020400_20221110T234204.nc,2018-06-24T03:12:45,7.0x7.0 km2,697890,19342,562,0,0,1.000000,
S5P_RPRO_L2__CH4____20180624T045415_20180624T063545_03601_03_020400_20221110T234206.nc,2018-06-24T04:54:15,7.0x7.0 km2,697675,31170,6675,979,499,0.853333,0.490296
S5P_RPRO_L2__CH4____20180624T063545_20180624T081715_03602_03_020400_20221110T234207.nc,2018-06-24T06:35:45,7.0x7.0 km2,697675,6625,0,0,0,,
S5P_RPRO_L2__CH4____20180625T025343_20180625T043513_03614_03_020400_20221111T001414.nc,2018-06-25T02:53:43,7.0x7.0 km2,697675,8666,0,0,0,,
S5P_RPRO_L2__CH4____20180625T043513_20180625T061643_03615_03_020400_20221111T001416.nc,2018-06-25T04:35:13,7.0x7.0 km2,697675,37167,10934,493,32,0.954911,0.935091
S5P_RPRO_L2__CH4____20180625T061643_20180625T075813_03616_03_020400_20221111T001418.nc,2018-06-25T06:16:43,7.0x7.0 km2,697675,6944,0,0,0,,
S5P_RPRO_L2__CH4____20180626T041611_20180626T055741_03629_03_020400_20221111T090612.nc,2018-06-26T04:16:11,7.0x7.0 km2,624575,39059,11837,365,129,0.969164,0.646575
S5P_RPRO_L2__CH4____20180626T055741_20180626T073911_03630_03_020400_20221111T090613.nc,2018-06-26T05:57:41,7.0x7.0 km2,697675,12874,0,0,0,,
S5P_RPRO_L2__CH4____20180627T035709_20180627T053839_03643_03_020400_20221111T090636.nc,2018-06-27T03:57:09,7.0x7.0 km2,624575,43610,8100,284,26,0.964938,0.908451
S5P_RPRO_L2__CH4____20180627T053839_20180627T072009_03644_03_020400_20221111T090639.nc,2018-06-27T05:38:39,7.0x7.0 km2,697675,22499,0,0,0,,
S5P_RPRO_L2__CH4____20180628T033807_20180628T051937_03657_03_020400_20221111T091639.nc,2018-06-28T03:38:07,7.0x7.0 km2,697675,28081,4284,126,49,0.970588,0.611111
S5P_RPRO_L2__CH4____20180628T051937_20180628T070107_03658_03_020400_20221111T091642.nc,2018-06-28T05:19:37,7.0x7.0 km2,624575,30923,1692,75,33,0.955674,0.560000
S5P_RPRO_L2__CH4____20180629T031905_20180629T050035_03671_03_020400_20221111T100522.nc,2018-06-29T03:19:05,7.0x7.0 km2,697675,12756,1255,0,0,1.000000,
S5P_RPRO_L2__CH4____20180629T050035_20180629T064205_03672_03_020400_20221111T100524.nc,2018-06-29T05:00:35,7.0x7.0 km2,697675,25973,5397,10,0,0.998147,1.000000
S5P_RPRO_L2__CH4____20180629T064205_20180629T082334_03673_03_020400_20221111T100526.nc,2018-06-29T06:42:05,7.0x7.0 km2,624790,7972,0,0,0,,
S5P_RPRO_L2__CH4____20180630T030003_20180630T044132_03685_03_020400_20221111T100546.nc,2018-06-30T03:00:03,7.0x7.0 km2,697890,12650,5,0,0,1.000000,
S5P_RPRO_L2__CH4____20180630T044132_20180630T062302_03686_03_020400_20221111T100548.nc,2018-06-30T04:41:32,7.0x7.0 km2,697675,35855,9596,26,1,0.997291,0.961538
S5P_RPRO_L2__CH4____20180630T062302_20180630T080432_03687_03_020400_20221111T100550.nc,2018-06-30T06:23:02,7.0x7.0 km2,697675,14086,0,0,0,,
S5P_RPRO_L2__CH4____20180701T042230_20180701T060400_03700_03_020400_20221111T101618.nc,2018-07-01T04:22:30,7.0x7.0 km2,697890,49003,12187,183,14,0.984984,0.923497
S5P_RPRO_L2__CH4____20180701T060400_20180701T074529_03701_03_020400_20221111T102645.nc,2018-07-01T06:04:00,7.0x7.0 km2,697890,9207,0,0,0,,
S5P_RPRO_L2__CH4____20180702T040327_20180702T054457_03714_03_020400_20221111T110837.nc,2018-07-02T04:03:27,7.0x7.0 km2,697675,49624,9588,54,1,0.994368,0.981481
S5P_RPRO_L2__CH4____20180702T054457_20180702T072627_03715_03_020400_20221111T110838.nc,2018-07-02T05:44:57,7.0x7.0 km2,697890,6175,0,0,0,,
S5P_RPRO_L2__CH4____20180703T034425_20180703T052554_03728_03_020400_20221111T110858.nc,2018-07-03T03:44:25,7.0x7.0 km2,697890,40863,5449,53,12,0.990273,0.773585
S5P_RPRO_L2__CH4____20180703T052554_20180703T070724_03729_03_020400_20221111T110859.nc,2018-07-03T05:25:54,7.0x7.0 km2,697890,11686,856,0,0,1.000000,
S5P_RPRO_L2__CH4____20180704T032522_20180704T050651_03742_03_020400_20221111T110925.nc,2018-07-04T03:25:22,7.0x7.0 km2,697675,38078,2111,0,0,1.000000,
S5P_RPRO_L2__CH4____20180704T050651_20180704T064821_03743_03_020400_20221111T110929.nc,2018-07-04T05:06:51,7.0x7.0 km2,697675,19804,4034,79,13,0.980416,0.835443
S5P_RPRO_L2__CH4____20180705T030619_20180705T044748_03756_03_020400_20221111T120324.nc,2018-07-05T03:06:19,7.0x7.0 km2,697675,20682,154,0,0,1.000000,
S5P_RPRO_L2__CH4____20180705T044748_20180705T062918_03757_03_020400_20221111T120326.nc,2018-07-05T04:47:48,7.0x7.0 km2,697675,33652,8094,120,59,0.985174,0.508333
S5P_RPRO_L2__CH4____20180705T062918_20180705T081048_03758_03_020400_20221111T122447.nc,2018-07-05T06:29:18,7.0x7.0 km2,697675,15778,0,0,0,,
S5P_RPRO_L2__CH4____20180706T024716_20180706T042845_03770_03_020400_20221111T130748.nc,2018-07-06T02:47:16,7.0x7.0 km2,697675,7144,0,0,0,,
S5P_RPRO_L2__CH4____20180706T042845_20180706T061015_03771_03_020400_20221111T131831.nc,2018-07-06T04:28:45,7.0x7.0 km2,697675,47528,11856,51,3,0.995698,0.941176
S5P_RPRO_L2__CH4____20180706T061015_20180706T075145_03772_03_020400_20221111T131833.nc,2018-07-06T06:10:15,7.0x7.0 km2,697675,15121,0,0,0,,
S5P_RPRO_L2__CH4____20180707T040942_20180707T055112_03785_03_020400_20221111T135052.nc,2018-07-07T04:09:42,7.0x7.0 km2,697675,46602,10916,150,32,0.986259,0.786667
S5P_RPRO_L2__CH4____20180707T055112_20180707T073242_03786_03_020400_20221111T135054.nc,2018-07-07T05:51:12,7.0x7.0 km2,697675,19903,0,0,0,,
S5P_RPRO_L2__CH4____20180708T035039_20180708T053209_03799_03_020400_20221111T144443.nc,2018-07-08T03:50:39,7.0x7.0 km2,697675,49356,6714,110,11,0.983616,0.900000
S5P_RPRO_L2__CH4____20180708T053209_20180708T071339_03800_03_020400_20221111T144445.nc,2018-07-08T05:32:09,7.0x7.0 km2,697675,31112,181,0,0,1.000000,
S5P_RPRO_L2__CH4____20180709T033136_20180709T051305_03813_03_020400_20221111T152741.nc,2018-07-09T03:31:36,7.0x7.0 km2,697890,39981,3159,5,0,0.998417,1.000000
S5P_RPRO_L2__CH4____20180709T051305_20180709T065435_03814_03_020400_20221111T152743.nc,2018-07-09T05:13:05,7.0x7.0 km2,697890,44253,2729,13,0,0.995236,1.000000
S5P_RPRO_L2__CH4____20180710T031232_20180710T045402_03827_03_020400_20221111T161042.nc,2018-07-10T03:12:32,7.0x7.0 km2,697675,33491,572,0,0,1.000000,
S5P_RPRO_L2__CH4____20180710T045402_20180710T063532_03828_03_020400_20221111T161044.nc,2018-07-10T04:54:02,7.0x7.0 km2,697675,52367,6649,513,41,0.922846,0.920078
S5P_RPRO_L2__CH4____20180710T063532_20180710T081702_03829_03_020400_20221111T161046.nc,2018-07-10T06:35:32,7.0x7.0 km2,697675,24385,0,0,0,,
S5P_RPRO_L2__CH4____20180711T025329_20180711T043458_03841_03_020400_20221111T164303.nc,2018-07-11T02:53:29,7.0x7.0 km2,697675,11120,0,0,0,,
S5P_RPRO_L2__CH4____20180711T043458_20180711T061628_03842_03_020400_20221111T164305.nc,2018-07-11T04:34:58,7.0x7.0 km2,697675,53038,10917,457,91,0.958139,0.800875
S5P_RPRO_L2__CH4____20180711T061628_20180711T075758_03843_03_020400_20221111T164307.nc,2018-07-11T06:16:28,7.0x7.0 km2,697675,21330,0,0,0,,
S5P_RPRO_L2__CH4____20180712T041555_20180712T055725_03856_03_020400_20221111T173655.nc,2018-07-12T04:15:55,7.0x7.0 km2,697675,59417,11841,778,107,0.934296,0.862468
S5P_RPRO_L2__CH4____20180712T055725_20180712T073854_03857_03_020400_20221111T174734.nc,2018-07-12T05:57:25,7.0x7.0 km2,697675,18702,0,0,0,,
S5P_RPRO_L2__CH4____20180713T035651_20180713T053821_03870_03_020400_20221111T180918.nc,2018-07-13T03:56:51,7.0x7.0 km2,697675,66176,8129,2286,1252,0.718785,0.452318
S5P_RPRO_L2__CH4____20180713T053821_20180713T071951_03871_03_020400_20221111T182003.nc,2018-07-13T05:38:21,7.0x7.0 km2,697675,21879,0,0,0,,
S5P_RPRO_L2__CH4____20180714T033747_20180714T051917_03884_03_020400_20221111T191345.nc,2018-07-14T03:37:47,7.0x7.0 km2,697675,62355,4304,822,322,0.809015,0.608273
S5P_RPRO_L2__CH4____20180714T051917_20180714T070047_03885_03_020400_20221111T191346.nc,2018-07-14T05:19:17,7.0x7.0 km2,697675,30853,1680,29,1,0.982738,0.965517
S5P_RPRO_L2__CH4____20180715T031843_20180715T050013_03898_03_020400_20221111T194623.nc,2018-07-15T03:18:43,7.0x7.0 km2,624790,40558,1261,0,0,1.000000,
S5P_RPRO_L2__CH4____20180715T050013_20180715T064143_03899_03_020400_20221111T195638.nc,2018-07-15T05:00:13,7.0x7.0 km2,624575,43471,5377,426,26,0.920774,0.938967
S5P_RPRO_L2__CH4____20180715T064143_20180715T082313_03900_03_020400_20221111T195640.nc,2018-07-15T06:41:43,7.0x7.0 km2,697675,22798,0,0,0,,
S5P_RPRO_L2__CH4____20180716T025939_20180716T044109_03912_03_020400_20221111T202901.nc,2018-07-16T02:59:39,7.0x7.0 km2,697675,19836,5,0,0,1.000000,
S5P_RPRO_L2__CH4____20180716T044109_20180716T062239_03913_03_020400_20221111T202902.nc,2018-07-16T04:41:09,7.0x7.0 km2,624575,58858,9575,781,256,0.918433,0.672215
S5P_RPRO_L2__CH4____20180716T062239_20180716T080408_03914_03_020400_20221111T202903.nc,2018-07-16T06:22:39,7.0x7.0 km2,697675,19900,0,0,0,,
S5P_RPRO_L2__CH4____20180717T042205_20180717T060334_03927_03_020400_20221111T211210.nc,2018-07-17T04:22:05,7.0x7.0 km2,697675,60013,12182,390,30,0.967986,0.923077
S5P_RPRO_L2__CH4____20180717T060334_20180717T074504_03928_03_020400_20221111T211212.nc,2018-07-17T06:03:34,7.0x7.0 km2,624790,14649,0,0,0,,
S5P_RPRO_L2__CH4____20180718T040301_20180718T054430_03941_03_020400_20221111T220554.nc,2018-07-18T04:03:01,7.0x7.0 km2,697675,68053,9597,2715,1193,0.717099,0.560589
S5P_RPRO_L2__CH4____20180718T054430_20180718T072600_03942_03_020400_20221111T220555.nc,2018-07-18T05:44:30,7.0x7.0 km2,697675,11923,0,0,0,,
S5P_RPRO_L2__CH4____20180719T034356_20180719T052526_03955_03_020400_20221111T224900.nc,2018-07-19T03:43:56,7.0x7.0 km2,697675,45835,5465,743,58,0.864044,0.921938
S5P_RPRO_L2__CH4____20180719T052526_20180719T070656_03956_03_020400_20221111T225939.nc,2018-07-19T05:25:26,7.0x7.0 km2,697675,22500,845,0,0,1.000000,
S5P_RPRO_L2__CH4____20180720T032452_20180720T050622_03969_03_020400_20221111T233207.nc,2018-07-20T03:24:52,7.0x7.0 km2,697675,20638,2123,47,14,0.977862,0.702128
S5P_RPRO_L2__CH4____20180720T050622_20180720T064751_03970_03_020400_20221111T234245.nc,2018-07-20T05:06:22,7.0x7.0 km2,697890,45967,4008,425,27,0.893962,0.936471
S5P_RPRO_L2__CH4____20180721T030547_20180721T044717_03983_03_020400_20221112T001516.nc,2018-07-21T03:05:47,7.0x7.0 km2,697675,23800,157,0,0,1.000000,
S5P_RPRO_L2__CH4____20180721T044717_20180721T062847_03984_03_020400_20221112T001517.nc,2018-07-21T04:47:17,7.0x7.0 km2,697675,56838,8080,1201,415,0.851361,0.654455
S5P_RPRO_L2__CH4____20180721T062847_20180721T081016_03985_03_020400_20221112T002555.nc,2018-07-21T06:28:47,7.0x7.0 km2,697675,18690,0,0,0,,
S5P_RPRO_L2__CH4____20180722T024643_20180722T042812_03997_03_020400_20221112T010857.nc,2018-07-22T02:46:43,7.0x7.0 km2,697675,13884,0,0,0,,
S5P_RPRO_L2__CH4____20180722T042812_20180722T060942_03998_03_020400_20221112T010859.nc,2018-07-22T04:28:12,7.0x7.0 km2,697675,57540,11840,270,8,0.977196,0.970370
S5P_RPRO_L2__CH4____20180722T060942_20180722T075112_03999_03_020400_20221112T010900.nc,2018-07-22T06:09:42,7.0x7.0 km2,697890,17359,0,0,0,,
S5P_RPRO_L2__CH4____20180723T040908_20180723T055037_04012_03_020400_20221112T014122.nc,2018-07-23T04:09:08,7.0x7.0 km2,697675,50018,10923,446,37,0.959169,0.917040
S5P_RPRO_L2__CH4____20180723T055037_20180723T073207_04013_03_020400_20221112T014123.nc,2018-07-23T05:50:37,7.0x7.0 km2,697675,16173,0,0,0,,
S5P_RPRO_L2__CH4____20180724T035003_20180724T053133_04026_03_020400_20221112T091151.nc,2018-07-24T03:50:03,7.0x7.0 km2,697675,50406,6727,643,226,0.904415,0.648523
S5P_RPRO_L2__CH4____20180724T053133_20180724T071302_04027_03_020400_20221112T091153.nc,2018-07-24T05:31:33,7.0x7.0 km2,697675,28033,175,0,0,1.000000,
S5P_RPRO_L2__CH4____20180725T033058_20180725T051228_04040_03_020400_20221112T091214.nc,2018-07-25T03:30:58,7.0x7.0 km2,697675,34596,3174,128,11,0.959672,0.914062
S5P_RPRO_L2__CH4____20180725T051228_20180725T065357_04041_03_020400_20221112T091215.nc,2018-07-25T05:12:28,7.0x7.0 km2,697890,39905,2711,224,84,0.917374,0.625000
S5P_RPRO_L2__CH4____20180726T031153_20180726T045323_04054_03_020400_20221112T091236.nc,2018-07-26T03:11:53,7.0x7.0 km2,697675,26615,579,0,0,1.000000,
S5P_RPRO_L2__CH4____20180726T045323_20180726T063453_04055_03_020400_20221112T092313.nc,2018-07-26T04:53:23,7.0x7.0 km2,697675,28295,6643,441,43,0.933614,0.902494
S5P_RPRO_L2__CH4____20180726T063453_20180726T081622_04056_03_020400_20221112T093346.nc,2018-07-26T06:34:53,7.0x7.0 km2,697890,17157,0,0,0,,
S5P_RPRO_L2__CH4____20180727T025248_20180727T043418_04068_03_020400_20221112T100551.nc,2018-07-27T02:52:48,7.0x7.0 km2,697675,17687,0,0,0,,
S5P_RPRO_L2__CH4____20180727T043418_20180727T061547_04069_03_020400_20221112T100552.nc,2018-07-27T04:34:18,7.0x7.0 km2,697675,36806,10902,543,67,0.950193,0.876611
S5P_RPRO_L2__CH4____20180727T061547_20180727T075717_04070_03_020400_20221112T100554.nc,2018-07-27T06:15:47,7.0x7.0 km2,697675,11715,0,0,0,,
S5P_RPRO_L2__CH4____20180728T041513_20180728T055642_04083_03_020400_20221112T100618.nc,2018-07-28T04:15:13,7.0x7.0 km2,697675,36766,11849,1297,163,0.890539,0.874325
S5P_RPRO_L2__CH4____20180728T055642_20180728T073812_04084_03_020400_20221112T100620.nc,2018-07-28T05:56:42,7.0x7.0 km2,697675,11850,0,0,0,,
S5P_RPRO_L2__CH4____20180729T035608_20180729T053737_04097_03_020400_20221112T100643.nc,2018-07-29T03:56:08,7.0x7.0 km2,697890,39419,8148,847,167,0.896048,0.802834
S5P_RPRO_L2__CH4____20180729T053737_20180729T071907_04098_03_020400_20221112T101759.nc,2018-07-29T05:37:37,7.0x7.0 km2,697890,16800,0,0,0,,
S5P_RPRO_L2__CH4____20180730T033702_20180730T051832_04111_03_020400_20221112T110823.nc,2018-07-30T03:37:02,7.0x7.0 km2,697675,49087,4312,178,8,0.958720,0.955056
S5P_RPRO_L2__CH4____20180730T051832_20180730T070002_04112_03_020400_20221112T110825.nc,2018-07-30T05:18:32,7.0x7.0 km2,697675,20955,1670,156,6,0.906587,0.961538
S5P_RPRO_L2__CH4____20180731T031757_20180731T045927_04125_03_020400_20221112T110845.nc,2018-07-31T03:17:57,7.0x7.0 km2,697890,32624,1271,0,0,1.000000,
S5P_RPRO_L2__CH4____20180731T045927_20180731T064056_04126_03_020400_20221112T110852.nc,2018-07-31T04:59:27,7.0x7.0 km2,697675,25078,5373,950,244,0.823190,0.743158
S5P_RPRO_L2__CH4____20180731T064056_20180731T082226_04127_03_020400_20221112T110854.nc,2018-07-31T06:40:56,7.0x7.0 km2,697675,14749,0,0,0,,
S5P_RPRO_L2__CH4____20180801T025852_20180801T044021_04139_03_020400_20221112T110913.nc,2018-08-01T02:58:52,7.0x7.0 km2,697675,23698,6,0,0,1.000000,
S5P_RPRO_L2__CH4____20180801T044021_20180801T062151_04140_03_020400_20221112T110915.nc,2018-08-01T04:40:21,7.0x7.0 km2,697675,36048,9558,750,40,0.921532,0.946667
S5P_RPRO_L2__CH4____20180801T062151_20180801T080321_04141_03_020400_20221112T111958.nc,2018-08-01T06:21:51,7.0x7.0 km2,697675,8990,0,0,0,,
S5P_RPRO_L2__CH4____20180802T042116_20180802T060245_04154_03_020400_20221112T121530.nc,2018-08-02T04:21:16,7.0x7.0 km2,697890,24099,12176,1125,114,0.907605,0.898667
S5P_RPRO_L2__CH4____20180802T060245_20180802T074415_04155_03_020400_20221112T121531.nc,2018-08-02T06:02:45,7.0x7.0 km2,697890,4072,0,0,0,,
S5P_RPRO_L2__CH4____20180803T040210_20180803T054340_04168_03_020400_20221112T131130.nc,2018-08-03T04:02:10,7.0x7.0 km2,624575,45828,9617,356,96,0.962982,0.730337
S5P_RPRO_L2__CH4____20180803T054340_20180803T072509_04169_03_020400_20221112T131132.nc,2018-08-03T05:43:40,7.0x7.0 km2,624790,10937,0,0,0,,
S5P_RPRO_L2__CH4____20180804T034305_20180804T052434_04182_03_020400_20221112T134502.nc,2018-08-04T03:43:05,7.0x7.0 km2,697675,43573,5483,151,43,0.972460,0.715232
S5P_RPRO_L2__CH4____20180804T052434_20180804T070604_04183_03_020400_20221112T134504.nc,2018-08-04T05:24:34,7.0x7.0 km2,624790,15504,837,2,0,0.997611,1.000000
S5P_RPRO_L2__CH4____20180805T032359_20180805T050528_04196_03_020400_20221112T142954.nc,2018-08-05T03:23:59,7.0x7.0 km2,697675,34841,2134,31,2,0.985473,0.935484
S5P_RPRO_L2__CH4____20180805T050528_20180805T064658_04197_03_020400_20221112T142955.nc,2018-08-05T05:05:28,7.0x7.0 km2,697675,26726,3996,106,0,0.973473,1.000000
S5P_RPRO_L2__CH4____20180806T030453_20180806T044623_04210_03_020400_20221112T150330.nc,2018-08-06T03:04:53,7.0x7.0 km2,697675,28228,161,0,0,1.000000,
S5P_RPRO_L2__CH4____20180806T044623_20180806T062752_04211_03_020400_20221112T150332.nc,2018-08-06T04:46:23,7.0x7.0 km2,697890,39869,8062,930,114,0.884644,0.877419
S5P_RPRO_L2__CH4____20180806T062752_20180806T080922_04212_03_020400_20221112T150333.nc,2018-08-06T06:27:52,7.0x7.0 km2,697675,10191,0,0,0,,
S5P_RPRO_L2__CH4____20180807T024547_20180807T042717_04224_03_020400_20221112T155923.nc,2018-08-07T02:45:47,7.0x7.0 km2,697675,16731,0,0,0,,
S5P_RPRO_L2__CH4____20180807T042717_20180807T060846_04225_03_020400_20221112T155924.nc,2018-08-07T04:27:17,7.0x7.0 km2,697890,50990,11831,1630,225,0.862226,0.861963
S5P_RPRO_L2__CH4____20180807T060846_20180807T075016_04226_03_020400_20221112T161028.nc,2018-08-07T06:08:46,7.0x7.0 km2,697675,9261,0,0,0,,
S5P_RPRO_L2__CH4____20180808T040811_20180808T054940_04239_03_020400_20221112T164343.nc,2018-08-08T04:08:11,7.0x7.0 km2,697675,54847,10937,1731,265,0.841730,0.846909
S5P_RPRO_L2__CH4____20180808T054940_20180808T073110_04240_03_020400_20221112T165445.nc,2018-08-08T05:49:40,7.0x7.0 km2,697675,15665,0,0,0,,
S5P_RPRO_L2__CH4____20180809T034905_20180809T053034_04253_03_020400_20221112T171717.nc,2018-08-09T03:49:05,7.0x7.0 km2,697675,62533,6740,1142,190,0.830564,0.833625
S5P_RPRO_L2__CH4____20180809T053034_20180809T071204_04254_03_020400_20221112T172823.nc,2018-08-09T05:30:34,7.0x7.0 km2,697890,17906,168,0,0,1.000000,
S5P_RPRO_L2__CH4____20180810T032959_20180810T051128_04267_03_020400_20221112T180207.nc,2018-08-10T03:29:59,7.0x7.0 km2,697675,53221,3191,132,11,0.958634,0.916667
S5P_RPRO_L2__CH4____20180810T051128_20180810T065258_04268_03_020400_20221112T180208.nc,2018-08-10T05:11:28,7.0x7.0 km2,697675,28571,2707,205,4,0.924270,0.980488
S5P_RPRO_L2__CH4____20180811T031053_20180811T045222_04281_03_020400_20221112T183551.nc,2018-08-11T03:10:53,7.0x7.0 km2,697890,22361,584,0,0,1.000000,
S5P_RPRO_L2__CH4____20180811T045222_20180811T063352_04282_03_020400_20221112T184655.nc,2018-08-11T04:52:22,7.0x7.0 km2,697890,44342,6619,1125,246,0.830035,0.781333
S5P_RPRO_L2__CH4____20180811T063352_20180811T081521_04283_03_020400_20221112T184656.nc,2018-08-11T06:33:52,7.0x7.0 km2,697675,2917,0,0,0,,
S5P_RPRO_L2__CH4____20180812T061445_20180812T075615_04297_03_020400_20221112T184659.nc,2018-08-12T06:14:45,7.0x7.0 km2,697890,3426,0,0,0,,
S5P_RPRO_L2__CH4____20180813T041410_20180813T055539_04310_03_020400_20221112T193144.nc,2018-08-13T04:14:10,7.0x7.0 km2,697890,65060,11855,67,10,0.994348,0.850746
S5P_RPRO_L2__CH4____20180813T055539_20180813T073709_04311_03_020400_20221112T193146.nc,2018-08-13T05:55:39,7.0x7.0 km2,697675,10575,0,0,0,,
S5P_RPRO_L2__CH4____20180814T035503_20180814T053633_04324_03_020400_20221112T201633.nc,2018-08-14T03:55:03,7.0x7.0 km2,697675,73604,8160,473,69,0.942034,0.854123
S5P_RPRO_L2__CH4____20180814T053633_20180814T071802_04325_03_020400_20221112T201634.nc,2018-08-14T05:36:33,7.0x7.0 km2,697675,13622,0,0,0,,
S5P_RPRO_L2__CH4____20180815T033557_20180815T051726_04338_03_020400_20221112T210130.nc,2018-08-15T03:35:57,7.0x7.0 km2,697675,52390,4328,64,0,0.985213,1.000000
S5P_RPRO_L2__CH4____20180815T051726_20180815T065856_04339_03_020400_20221112T211220.nc,2018-08-15T05:17:26,7.0x7.0 km2,697675,23429,1657,22,0,0.986723,1.000000
S5P_RPRO_L2__CH4____20180816T031650_20180816T045820_04352_03_020400_20221112T213452.nc,2018-08-16T03:16:50,7.0x7.0 km2,697890,36411,1283,0,0,1.000000,
S5P_RPRO_L2__CH4____20180816T045820_20180816T063950_04353_03_020400_20221112T213453.nc,2018-08-16T04:58:20,7.0x7.0 km2,697675,39069,5350,55,0,0.989720,1.000000
S5P_RPRO_L2__CH4____20180816T063950_20180816T082119_04354_03_020400_20221112T213455.nc,2018-08-16T06:39:50,7.0x7.0 km2,697675,14161,0,0,0,,
S5P_RPRO_L2__CH4____20180817T025744_20180817T043913_04366_03_020400_20221112T221931.nc,2018-08-17T02:57:44,7.0x7.0 km2,697675,18049,7,0,0,1.000000,
S5P_RPRO_L2__CH4____20180817T043913_20180817T062043_04367_03_020400_20221112T221933.nc,2018-08-17T04:39:13,7.0x7.0 km2,697675,49136,9540,4,0,0.999581,1.000000
S5P_RPRO_L2__CH4____20180817T062043_20180817T080213_04368_03_020400_20221112T221934.nc,2018-08-17T06:20:43,7.0x7.0 km2,697675,13396,0,0,0,,
S5P_RPRO_L2__CH4____20180818T042007_20180818T060136_04381_03_020400_20221112T225315.nc,2018-08-18T04:20:07,7.0x7.0 km2,697675,56964,12177,35,1,0.997126,0.971429
S5P_RPRO_L2__CH4____20180818T060136_20180818T074306_04382_03_020400_20221112T225316.nc,2018-08-18T06:01:36,7.0x7.0 km2,697675,17252,0,0,0,,
S5P_RPRO_L2__CH4____20180819T040100_20180819T054230_04395_03_020400_20221112T232718.nc,2018-08-19T04:01:00,7.0x7.0 km2,697675,60904,9633,264,69,0.972594,0.738636
S5P_RPRO_L2__CH4____20180819T054230_20180819T072359_04396_03_020400_20221112T233828.nc,2018-08-19T05:42:30,7.0x7.0 km2,697890,17518,0,0,0,,
S5P_RPRO_L2__CH4____20180820T034154_20180820T052323_04409_03_020400_20221113T002322.nc,2018-08-20T03:41:54,7.0x7.0 km2,697890,53824,5499,45,1,0.991817,0.977778
S5P_RPRO_L2__CH4____20180820T052323_20180820T070453_04410_03_020400_20221113T002324.nc,2018-08-20T05:23:23,7.0x7.0 km2,697675,26180,829,0,0,1.000000,
S5P_RPRO_L2__CH4____20180821T032247_20180821T050416_04423_03_020400_20221113T075513.nc,2018-08-21T03:22:47,7.0x7.0 km2,624575,40442,2140,8,0,0.996262,1.000000
S5P_RPRO_L2__CH4____20180821T050416_20180821T064546_04424_03_020400_20221113T075514.nc,2018-08-21T05:04:16,7.0x7.0 km2,697675,37305,3982,89,7,0.977649,0.921348
S5P_RPRO_L2__CH4____20180821T064546_20180821T082715_04425_03_020400_20221113T075516.nc,2018-08-21T06:45:46,7.0x7.0 km2,697890,10983,0,0,0,,
S5P_RPRO_L2__CH4____20180822T030340_20180822T044509_04437_03_020400_20221113T091904.nc,2018-08-22T03:03:40,7.0x7.0 km2,697675,28146,165,0,0,1.000000,
S5P_RPRO_L2__CH4____20180822T044509_20180822T062639_04438_03_020400_20221113T091906.nc,2018-08-22T04:45:09,7.0x7.0 km2,624790,43912,8046,105,1,0.986950,0.990476
S5P_RPRO_L2__CH4____20180822T062639_20180822T080809_04439_03_020400_20221113T091907.nc,2018-08-22T06:26:39,7.0x7.0 km2,624575,12671,0,0,0,,
S5P_RPRO_L2__CH4____20180823T024433_20180823T042603_04451_03_020400_20221113T091927.nc,2018-08-23T02:44:33,7.0x7.0 km2,697675,13308,0,0,0,,
S5P_RPRO_L2__CH4____20180823T042603_20180823T060732_04452_03_020400_20221113T091929.nc,2018-08-23T04:26:03,7.0x7.0 km2,697890,55124,11826,2852,1676,0.758836,0.412342
S5P_RPRO_L2__CH4____20180823T060732_20180823T074902_04453_03_020400_20221113T091931.nc,2018-08-23T06:07:32,7.0x7.0 km2,624575,10034,0,0,0,,
S5P_RPRO_L2__CH4____20180824T040656_20180824T054825_04466_03_020400_20221113T092946.nc,2018-08-24T04:06:56,7.0x7.0 km2,697890,48229,10952,3149,1370,0.712473,0.564941
S5P_RPRO_L2__CH4____20180824T054825_20180824T072955_04467_03_020400_20221113T092947.nc,2018-08-24T05:48:25,7.0x7.0 km2,697675,19497,0,0,0,,
S5P_RPRO_L2__CH4____20180825T034749_20180825T052918_04480_03_020400_20221113T100949.nc,2018-08-25T03:47:49,7.0x7.0 km2,697675,56239,6749,693,226,0.897318,0.673882
S5P_RPRO_L2__CH4____20180825T052918_20180825T071048_04481_03_020400_20221113T100951.nc,2018-08-25T05:29:18,7.0x7.0 km2,697675,26668,162,0,0,1.000000,
S5P_RPRO_L2__CH4____20180826T032842_20180826T051011_04494_03_020400_20221113T101011.nc,2018-08-26T03:28:42,7.0x7.0 km2,697890,44951,3195,24,4,0.992488,0.833333
S5P_RPRO_L2__CH4____20180826T051011_20180826T065141_04495_03_020400_20221113T101013.nc,2018-08-26T05:10:11,7.0x7.0 km2,697675,34956,2686,137,32,0.948995,0.766423
S5P_RPRO_L2__CH4____20180827T030935_20180827T045104_04508_03_020400_20221113T104156.nc,2018-08-27T03:09:35,7.0x7.0 km2,697890,39194,588,0,0,1.000000,
S5P_RPRO_L2__CH4____20180827T045104_20180827T063233_04509_03_020400_20221113T105235.nc,2018-08-27T04:51:04,7.0x7.0 km2,697675,53189,6615,499,302,0.924565,0.394790
S5P_RPRO_L2__CH4____20180827T063233_20180827T081403_04510_03_020400_20221113T105236.nc,2018-08-27T06:32:33,7.0x7.0 km2,697675,11657,0,0,0,,
S5P_RPRO_L2__CH4____20180828T025027_20180828T043157_04522_03_020400_20221113T111425.nc,2018-08-28T02:50:27,7.0x7.0 km2,697675,15697,0,0,0,,
S5P_RPRO_L2__CH4____20180828T043157_20180828T061326_04523_03_020400_20221113T111427.nc,2018-08-28T04:31:57,7.0x7.0 km2,697675,58855,10879,397,19,0.963508,0.952141
S5P_RPRO_L2__CH4____20180828T061326_20180828T075456_04524_03_020400_20221113T111428.nc,2018-08-28T06:13:26,7.0x7.0 km2,697675,12562,0,0,0,,
S5P_RPRO_L2__CH4____20180829T041250_20180829T055419_04537_03_020400_20221113T111453.nc,2018-08-29T04:12:50,7.0x7.0 km2,697675,40986,11865,835,77,0.929625,0.907784
S5P_RPRO_L2__CH4____20180829T055419_20180829T073549_04538_03_020400_20221113T111454.nc,2018-08-29T05:54:19,7.0x7.0 km2,697675,5170,0,0,0,,
S5P_RPRO_L2__CH4____20180830T035342_20180830T053512_04551_03_020400_20221113T113726.nc,2018-08-30T03:53:42,7.0x7.0 km2,697675,32881,8175,872,324,0.893333,0.628440
S5P_RPRO_L2__CH4____20180830T053512_20180830T071641_04552_03_020400_20221113T114840.nc,2018-08-30T05:35:12,7.0x7.0 km2,697675,7283,0,0,0,,
S5P_RPRO_L2__CH4____20180831T033435_20180831T051605_04565_03_020400_20221113T123323.nc,2018-08-31T03:34:35,7.0x7.0 km2,697675,25133,4335,69,4,0.984083,0.942029
S5P_RPRO_L2__CH4____20180831T051605_20180831T065734_04566_03_020400_20221113T123325.nc,2018-08-31T05:16:05,7.0x7.0 km2,697675,13875,1654,0,0,1.000000,
S5P_RPRO_L2__CH4____20180901T031528_20180901T045657_04579_03_020400_20221113T132910.nc,2018-09-01T03:15:28,7.0x7.0 km2,697675,25690,1287,0,0,1.000000,
S5P_RPRO_L2__CH4____20180901T045657_20180901T063827_04580_03_020400_20221113T132911.nc,2018-09-01T04:56:57,7.0x7.0 km2,697675,32616,5346,233,36,0.956416,0.845494
S5P_RPRO_L2__CH4____20180901T063827_20180901T081956_04581_03_020400_20221113T134001.nc,2018-09-01T06:38:27,7.0x7.0 km2,697675,17091,0,0,0,,
S5P_RPRO_L2__CH4____20180902T025620_20180902T043750_04593_03_020400_20221113T141310.nc,2018-09-02T02:56:20,7.0x7.0 km2,697675,12882,7,0,0,1.000000,
S5P_RPRO_L2__CH4____20180902T043750_20180902T061919_04594_03_020400_20221113T141312.nc,2018-09-02T04:37:50,7.0x7.0 km2,697890,43276,9533,167,2,0.982482,0.988024
S5P_RPRO_L2__CH4____20180902T061919_20180902T080049_04595_03_020400_20221113T141317.nc,2018-09-02T06:19:19,7.0x7.0 km2,697890,7697,0,0,0,,
S5P_RPRO_L2__CH4____20180903T041842_20180903T060012_04608_03_020400_20221113T145756.nc,2018-09-03T04:18:42,7.0x7.0 km2,697675,57930,12181,2084,1018,0.828914,0.511516
S5P_RPRO_L2__CH4____20180903T060012_20180903T074141_04609_03_020400_20221113T145758.nc,2018-09-03T06:00:12,7.0x7.0 km2,697890,10209,0,0,0,,
S5P_RPRO_L2__CH4____20180904T035935_20180904T054104_04622_03_020400_20221113T153130.nc,2018-09-04T03:59:35,7.0x7.0 km2,697675,65683,9639,3945,2734,0.590725,0.306971
S5P_RPRO_L2__CH4____20180904T054104_20180904T072234_04623_03_020400_20221113T153131.nc,2018-09-04T05:41:04,7.0x7.0 km2,697675,16339,0,0,0,,
S5P_RPRO_L2__CH4____20180905T034027_20180905T052157_04636_03_020400_20221113T160508.nc,2018-09-05T03:40:27,7.0x7.0 km2,697675,38099,5498,329,64,0.940160,0.805471
S5P_RPRO_L2__CH4____20180905T052157_20180905T070326_04637_03_020400_20221113T160510.nc,2018-09-05T05:21:57,7.0x7.0 km2,697675,26248,823,8,0,0.990279,1.000000
S5P_RPRO_L2__CH4____20180906T032120_20180906T050249_04650_03_020400_20221113T170311.nc,2018-09-06T03:21:20,7.0x7.0 km2,697890,17326,2149,3,0,0.998604,1.000000
S5P_RPRO_L2__CH4____20180906T050249_20180906T064419_04651_03_020400_20221113T171300.nc,2018-09-06T05:02:49,7.0x7.0 km2,697675,43292,3973,94,13,0.976340,0.861702
S5P_RPRO_L2__CH4____20180906T064419_20180906T082548_04652_03_020400_20221113T171302.nc,2018-09-06T06:44:19,7.0x7.0 km2,697675,16731,0,0,0,,
S5P_RPRO_L2__CH4____20180907T030212_20180907T044342_04664_03_020400_20221113T172312.nc,2018-09-07T03:02:12,7.0x7.0 km2,697675,14182,166,0,0,1.000000,
S5P_RPRO_L2__CH4____20180907T044342_20180907T062511_04665_03_020400_20221113T174323.nc,2018-09-07T04:43:42,7.0x7.0 km2,697890,61399,8035,859,516,0.893093,0.399302
S5P_RPRO_L2__CH4____20180907T062511_20180907T080641_04666_03_020400_20221113T174325.nc,2018-09-07T06:25:11,7.0x7.0 km2,697675,12445,0,0,0,,
S5P_RPRO_L2__CH4____20180908T042434_20180908T060603_04679_03_020400_20221113T181410.nc,2018-09-08T04:24:34,7.0x7.0 km2,697675,65973,11830,1785,782,0.849112,0.561905
S5P_RPRO_L2__CH4____20180908T060603_20180908T074733_04680_03_020400_20221113T182416.nc,2018-09-08T06:06:03,7.0x7.0 km2,697675,8349,0,0,0,,
S5P_RPRO_L2__CH4____20180909T040526_20180909T054656_04693_03_020400_20221113T184459.nc,2018-09-09T04:05:26,7.0x7.0 km2,624790,72737,10952,1195,179,0.890888,0.850209
S5P_RPRO_L2__CH4____20180909T054656_20180909T072825_04694_03_020400_20221113T185510.nc,2018-09-09T05:46:56,7.0x7.0 km2,697675,11646,0,0,0,,
S5P_RPRO_L2__CH4____20180910T034619_20180910T052748_04707_03_020400_20221113T194525.nc,2018-09-10T03:46:19,7.0x7.0 km2,697890,77490,6762,119,5,0.982402,0.957983
S5P_RPRO_L2__CH4____20180910T052748_20180910T070917_04708_03_020400_20221113T194526.nc,2018-09-10T05:27:48,7.0x7.0 km2,624790,15993,159,0,0,1.000000,
S5P_RPRO_L2__CH4____20180911T032711_20180911T050840_04721_03_020400_20221113T202547.nc,2018-09-11T03:27:11,7.0x7.0 km2,697675,65070,3206,21,1,0.993450,0.952381
S5P_RPRO_L2__CH4____20180911T050840_20180911T065010_04722_03_020400_20221113T202549.nc,2018-09-11T05:08:40,7.0x7.0 km2,697675,35419,2690,99,21,0.963197,0.787879
S5P_RPRO_L2__CH4____20180912T030803_20180912T044932_04735_03_020400_20221113T210552.nc,2018-09-12T03:08:03,7.0x7.0 km2,697675,26334,596,0,0,1.000000,
S5P_RPRO_L2__CH4____20180912T044932_20180912T063102_04736_03_020400_20221113T210554.nc,2018-09-12T04:49:32,7.0x7.0 km2,697675,51947,6612,2,0,0.999698,1.000000
S5P_RPRO_L2__CH4____20180912T063102_20180912T081231_04737_03_020400_20221113T210555.nc,2018-09-12T06:31:02,7.0x7.0 km2,697675,10044,0,0,0,,
S5P_RPRO_L2__CH4____20180913T024855_20180913T043024_04749_03_020400_20221113T212603.nc,2018-09-13T02:48:55,7.0x7.0 km2,697675,20177,0,0,0,,
S5P_RPRO_L2__CH4____20180913T043024_20180913T061154_04750_03_020400_20221113T212604.nc,2018-09-13T04:30:24,7.0x7.0 km2,697675,53111,10878,86,0,0.992094,1.000000
S5P_RPRO_L2__CH4____20180913T061154_20180913T075323_04751_03_020400_20221113T213559.nc,2018-09-13T06:11:54,7.0x7.0 km2,697890,9426,0,0,0,,
S5P_RPRO_L2__CH4____20180914T041117_20180914T055246_04764_03_020400_20221113T221557.nc,2018-09-14T04:11:17,7.0x7.0 km2,697890,53649,11866,758,107,0.936120,0.858839
S5P_RPRO_L2__CH4____20180914T055246_20180914T073415_04765_03_020400_20221113T221558.nc,2018-09-14T05:52:46,7.0x7.0 km2,697675,21967,0,0,0,,
S5P_RPRO_L2__CH4____20180915T035209_20180915T053338_04778_03_020400_20221113T224557.nc,2018-09-15T03:52:09,7.0x7.0 km2,697675,54002,8175,403,50,0.950703,0.875931
S5P_RPRO_L2__CH4____20180915T053338_20180915T071508_04779_03_020400_20221113T224558.nc,2018-09-15T05:33:38,7.0x7.0 km2,697675,37694,0,0,0,,
S5P_RPRO_L2__CH4____20180916T033301_20180916T051430_04792_03_020400_20221113T233557.nc,2018-09-16T03:33:01,7.0x7.0 km2,697675,62625,4339,4,0,0.999078,1.000000
S5P_RPRO_L2__CH4____20180916T051430_20180916T065600_04793_03_020400_20221113T233600.nc,2018-09-16T05:14:30,7.0x7.0 km2,697675,51693,1649,5,0,0.996968,1.000000
S5P_RPRO_L2__CH4____20180917T031353_20180917T045522_04806_03_020400_20221114T114631.nc,2018-09-17T03:13:53,7.0x7.0 km2,697675,47933,1286,0,0,1.000000,
S5P_RPRO_L2__CH4____20180917T045522_20180917T063651_04807_03_020400_20221114T114633.nc,2018-09-17T04:55:22,7.0x7.0 km2,697675,38478,5352,90,7,0.983184,0.922222
S5P_RPRO_L2__CH4____20180917T063651_20180917T081821_04808_03_020400_20221114T114634.nc,2018-09-17T06:36:51,7.0x7.0 km2,697675,17362,0,0,0,,
S5P_RPRO_L2__CH4____20180918T025445_20180918T043614_04820_03_020400_20221114T114813.nc,2018-09-18T02:54:45,7.0x7.0 km2,697890,19696,7,0,0,1.000000,
S5P_RPRO_L2__CH4____20180918T043614_20180918T061743_04821_03_020400_20221114T114835.nc,2018-09-18T04:36:14,7.0x7.0 km2,697675,38776,9534,87,0,0.990875,1.000000
S5P_RPRO_L2__CH4____20180918T061743_20180918T075913_04822_03_020400_20221114T114836.nc,2018-09-18T06:17:43,7.0x7.0 km2,697675,22383,0,0,0,,
S5P_RPRO_L2__CH4____20180919T041706_20180919T055835_04835_03_020400_20221114T120322.nc,2018-09-19T04:17:06,7.0x7.0 km2,697675,45624,12182,510,25,0.958135,0.950980
S5P_RPRO_L2__CH4____20180919T055835_20180919T074005_04836_03_020400_20221114T120346.nc,2018-09-19T05:58:35,7.0x7.0 km2,697675,26592,0,0,0,,
S5P_RPRO_L2__CH4____20180920T035758_20180920T053927_04849_03_020400_20221114T120538.nc,2018-09-20T03:57:58,7.0x7.0 km2,697675,54224,9646,391,70,0.959465,0.820972
S5P_RPRO_L2__CH4____20180920T053927_20180920T072057_04850_03_020400_20221114T120539.nc,2018-09-20T05:39:27,7.0x7.0 km2,697675,34948,0,0,0,,
S5P_RPRO_L2__CH4____20180921T033850_20180921T052019_04863_03_020400_20221114T123109.nc,2018-09-21T03:38:50,7.0x7.0 km2,697890,44683,5503,328,227,0.940396,0.307927
S5P_RPRO_L2__CH4____20180921T052019_20180921T070149_04864_03_020400_20221114T123111.nc,2018-09-21T05:20:19,7.0x7.0 km2,697675,44901,818,0,0,1.000000,
S5P_RPRO_L2__CH4____20180922T031942_20180922T050111_04877_03_020400_20221114T123302.nc,2018-09-22T03:19:42,7.0x7.0 km2,697890,24748,2151,0,0,1.000000,
S5P_RPRO_L2__CH4____20180922T050111_20180922T064240_04878_03_020400_20221114T123326.nc,2018-09-22T05:01:11,7.0x7.0 km2,697675,49373,3966,311,143,0.921583,0.540193
S5P_RPRO_L2__CH4____20180922T064240_20180922T082410_04879_03_020400_20221114T123328.nc,2018-09-22T06:42:40,7.0x7.0 km2,697675,7387,0,0,0,,
S5P_RPRO_L2__CH4____20180923T030033_20180923T044203_04891_03_020400_20221114T123517.nc,2018-09-23T03:00:33,7.0x7.0 km2,697675,25917,168,0,0,1.000000,
S5P_RPRO_L2__CH4____20180923T044203_20180923T062332_04892_03_020400_20221114T123518.nc,2018-09-23T04:42:03,7.0x7.0 km2,697675,63916,8033,2079,1614,0.741193,0.223665
S5P_RPRO_L2__CH4____20180923T062332_20180923T080502_04893_03_020400_20221114T123540.nc,2018-09-23T06:23:32,7.0x7.0 km2,697675,4505,0,0,0,,
S5P_RPRO_L2__CH4____20180924T042255_20180924T060424_04906_03_020400_20221114T123725.nc,2018-09-24T04:22:55,7.0x7.0 km2,697890,68253,11829,2294,931,0.806070,0.594159
S5P_RPRO_L2__CH4____20180924T060424_20180924T074553_04907_03_020400_20221114T123727.nc,2018-09-24T06:04:24,7.0x7.0 km2,697675,7345,0,0,0,,
S5P_RPRO_L2__CH4____20180925T040346_20180925T054516_04920_03_020400_20221114T123946.nc,2018-09-25T04:03:46,7.0x7.0 km2,697675,67460,10961,176,26,0.983943,0.852273
S5P_RPRO_L2__CH4____20180925T054516_20180925T072645_04921_03_020400_20221114T123947.nc,2018-09-25T05:45:16,7.0x7.0 km2,697890,10879,0,0,0,,
S5P_RPRO_L2__CH4____20180926T034438_20180926T052608_04934_03_020400_20221114T132455.nc,2018-09-26T03:44:38,7.0x7.0 km2,697675,55246,6767,143,18,0.978868,0.874126
S5P_RPRO_L2__CH4____20180926T052608_20180926T070737_04935_03_020400_20221114T133504.nc,2018-09-26T05:26:08,7.0x7.0 km2,697890,16197,159,0,0,1.000000,
S5P_RPRO_L2__CH4____20180927T032530_20180927T050659_04948_03_020400_20221114T141548.nc,2018-09-27T03:25:30,7.0x7.0 km2,624575,42930,3207,68,29,0.978796,0.573529
S5P_RPRO_L2__CH4____20180927T050659_20180927T064829_04949_03_020400_20221114T141549.nc,2018-09-27T05:06:59,7.0x7.0 km2,697675,31453,2688,12,0,0.995536,1.000000
S5P_RPRO_L2__CH4____20180928T030622_20180928T044751_04962_03_020400_20221114T145508.nc,2018-09-28T03:06:22,7.0x7.0 km2,697890,17865,594,0,0,1.000000,
S5P_RPRO_L2__CH4____20180928T044751_20180928T062920_04963_03_020400_20221114T145510.nc,2018-09-28T04:47:51,7.0x7.0 km2,624575,36679,6606,247,25,0.962610,0.898785
S5P_RPRO_L2__CH4____20180928T062920_20180928T081050_04964_03_020400_20221114T145511.nc,2018-09-28T06:29:20,7.0x7.0 km2,697890,17296,0,0,0,,
S5P_RPRO_L2__CH4____20180929T024713_20180929T042843_04976_03_020400_20221114T153554.nc,2018-09-29T02:47:13,7.0x7.0 km2,697675,16600,0,0,0,,
S5P_RPRO_L2__CH4____20180929T042843_20180929T061012_04977_03_020400_20221114T153555.nc,2018-09-29T04:28:43,7.0x7.0 km2,697675,41374,10888,2971,2187,0.727131,0.263884
S5P_RPRO_L2__CH4____20180929T061012_20180929T075142_04978_03_020400_20221114T154600.nc,2018-09-29T06:10:12,7.0x7.0 km2,624790,13093,0,0,0,,
S5P_RPRO_L2__CH4____20180930T040935_20180930T055104_04991_03_020400_20221114T161628.nc,2018-09-30T04:09:35,7.0x7.0 km2,697675,47241,11864,5424,3764,0.542819,0.306047
S5P_RPRO_L2__CH4____20180930T055104_20180930T073234_04992_03_020400_20221114T161629.nc,2018-09-30T05:51:04,7.0x7.0 km2,697890,22124,0,0,0,,
S5P_RPRO_L2__CH4____20181001T035027_20181001T053156_05005_03_020400_20221114T163655.nc,2018-10-01T03:50:27,7.0x7.0 km2,697675,51829,8174,2874,2016,0.648397,0.298539
S5P_RPRO_L2__CH4____20181001T053156_20181001T071326_05006_03_020400_20221114T164708.nc,2018-10-01T05:31:56,7.0x7.0 km2,697675,25608,0,0,0,,
S5P_RPRO_L2__CH4____20181002T033119_20181002T051248_05019_03_020400_20221114T212151.nc,2018-10-02T03:31:19,7.0x7.0 km2,697890,40881,4338,940,469,0.783310,0.501064
S5P_RPRO_L2__CH4____20181002T051248_20181002T065418_05020_03_020400_20221114T212153.nc,2018-10-02T05:12:48,7.0x7.0 km2,697890,31570,1647,211,108,0.871888,0.488152
S5P_RPRO_L2__CH4____20181003T031211_20181003T045341_05033_03_020400_20221114T212410.nc,2018-10-03T03:12:11,7.0x7.0 km2,697675,36545,1289,0,0,1.000000,
S5P_RPRO_L2__CH4____20181003T045341_20181003T063510_05034_03_020400_20221114T212443.nc,2018-10-03T04:53:41,7.0x7.0 km2,697890,35847,5338,1526,623,0.714125,0.591743
S5P_RPRO_L2__CH4____20181003T063510_20181003T081640_05035_03_020400_20221114T212445.nc,2018-10-03T06:35:10,7.0x7.0 km2,697675,25250,0,0,0,,
S5P_RPRO_L2__CH4____20181004T025303_20181004T043432_05047_03_020400_20221114T212702.nc,2018-10-04T02:53:03,7.0x7.0 km2,697890,24043,7,0,0,1.000000,
S5P_RPRO_L2__CH4____20181004T043432_20181004T061602_05048_03_020400_20221114T212703.nc,2018-10-04T04:34:32,7.0x7.0 km2,697675,48407,9524,3145,1588,0.669782,0.495072
S5P_RPRO_L2__CH4____20181004T061602_20181004T075731_05049_03_020400_20221114T212732.nc,2018-10-04T06:16:02,7.0x7.0 km2,697890,26923,0,0,0,,
S5P_RPRO_L2__CH4____20181005T041524_20181005T055653_05062_03_020400_20221114T212948.nc,2018-10-05T04:15:24,7.0x7.0 km2,697890,44685,12178,4611,3186,0.621366,0.309044
S5P_RPRO_L2__CH4____20181005T055653_20181005T073823_05063_03_020400_20221114T212950.nc,2018-10-05T05:56:53,7.0x7.0 km2,697675,27398,0,0,0,,
S5P_RPRO_L2__CH4____20181006T035615_20181006T053745_05076_03_020400_20221114T215752.nc,2018-10-06T03:56:15,7.0x7.0 km2,697675,45598,9661,4731,3348,0.510299,0.292327
S5P_RPRO_L2__CH4____20181006T053745_20181006T071914_05077_03_020400_20221114T220232.nc,2018-10-06T05:37:45,7.0x7.0 km2,697675,35006,0,0,0,,
S5P_RPRO_L2__CH4____20181007T033707_20181007T051836_05090_03_020400_20221114T223814.nc,2018-10-07T03:37:07,7.0x7.0 km2,697675,47462,5514,742,293,0.865433,0.605121
S5P_RPRO_L2__CH4____20181007T051836_20181007T070006_05091_03_020400_20221114T224131.nc,2018-10-07T05:18:36,7.0x7.0 km2,697675,41439,808,24,15,0.970297,0.375000
S5P_RPRO_L2__CH4____20181008T031758_20181008T045928_05104_03_020400_20221114T234446.nc,2018-10-08T03:17:58,7.0x7.0 km2,697890,23686,2155,2,0,0.999072,1.000000
S5P_RPRO_L2__CH4____20181008T045928_20181008T064057_05105_03_020400_20221114T234447.nc,2018-10-08T04:59:28,7.0x7.0 km2,697675,41922,3953,371,146,0.906147,0.606469
S5P_RPRO_L2__CH4____20181008T064057_20181008T082226_05106_03_020400_20221114T234449.nc,2018-10-08T06:40:57,7.0x7.0 km2,697890,21895,0,0,0,,
S5P_RPRO_L2__CH4____20181009T025850_20181009T044019_05118_03_020400_20221115T001616.nc,2018-10-09T02:58:50,7.0x7.0 km2,697675,8128,171,0,0,1.000000,
S5P_RPRO_L2__CH4____20181009T044019_20181009T062148_05119_03_020400_20221115T001617.nc,2018-10-09T04:40:19,7.0x7.0 km2,697675,36695,8014,79,8,0.990142,0.898734
S5P_RPRO_L2__CH4____20181009T062148_20181009T080318_05120_03_020400_20221115T001619.nc,2018-10-09T06:21:48,7.0x7.0 km2,697675,23382,0,0,0,,
S5P_RPRO_L2__CH4____20181010T042110_20181010T060240_05133_03_020400_20221115T003725.nc,2018-10-10T04:21:10,7.0x7.0 km2,697675,39477,11810,2660,2028,0.774767,0.237594
S5P_RPRO_L2__CH4____20181010T060240_20181010T074409_05134_03_020400_20221115T003726.nc,2018-10-10T06:02:40,7.0x7.0 km2,697675,18884,0,0,0,,
S5P_RPRO_L2__CH4____20181011T040202_20181011T054331_05147_03_020400_20221115T010901.nc,2018-10-11T04:02:02,7.0x7.0 km2,697675,41651,10979,4121,2843,0.624647,0.310119
S5P_RPRO_L2__CH4____20181011T054331_20181011T072501_05148_03_020400_20221115T010902.nc,2018-10-11T05:43:31,7.0x7.0 km2,697890,18596,0,0,0,,
S5P_RPRO_L2__CH4____20181012T034254_20181012T052423_05161_03_020400_20221115T015043.nc,2018-10-12T03:42:54,7.0x7.0 km2,697890,37458,6787,2251,1194,0.668337,0.469569
S5P_RPRO_L2__CH4____20181012T052423_20181012T070552_05162_03_020400_20221115T015045.nc,2018-10-12T05:24:23,7.0x7.0 km2,697675,24843,145,0,0,1.000000,
S5P_RPRO_L2__CH4____20181013T032345_20181013T050514_05175_03_020400_20221115T023253.nc,2018-10-13T03:23:45,7.0x7.0 km2,697675,29128,3225,241,66,0.925271,0.726141
S5P_RPRO_L2__CH4____20181013T050514_20181013T064644_05176_03_020400_20221115T024324.nc,2018-10-13T05:05:14,7.0x7.0 km2,697890,24456,2647,0,0,1.000000,
S5P_RPRO_L2__CH4____20181014T030436_20181014T044606_05189_03_020400_20221115T030439.nc,2018-10-14T03:04:36,7.0x7.0 km2,697890,13205,607,0,0,1.000000,
S5P_RPRO_L2__CH4____20181014T044606_20181014T062735_05190_03_020400_20221115T030441.nc,2018-10-14T04:46:06,7.0x7.0 km2,697890,37584,6565,0,0,1.000000,
S5P_RPRO_L2__CH4____20181014T062735_20181014T080905_05191_03_020400_20221115T030443.nc,2018-10-14T06:27:35,7.0x7.0 km2,697675,8782,0,0,0,,
S5P_RPRO_L2__CH4____20181015T024528_20181015T042657_05203_03_020400_20221115T033615.nc,2018-10-15T02:45:28,7.0x7.0 km2,624575,11071,0,0,0,,
S5P_RPRO_L2__CH4____20181015T042657_20181015T060827_05204_03_020400_20221115T033616.nc,2018-10-15T04:26:57,7.0x7.0 km2,697675,58058,10842,0,0,1.000000,
S5P_RPRO_L2__CH4____20181015T060827_20181015T074956_05205_03_020400_20221115T034642.nc,2018-10-15T06:08:27,7.0x7.0 km2,697890,14477,0,0,0,,
S5P_RPRO_L2__CH4____20181016T040749_20181016T054918_05218_03_020400_20221115T090827.nc,2018-10-16T04:07:49,7.0x7.0 km2,624575,62813,11884,74,1,0.993773,0.986486
S5P_RPRO_L2__CH4____20181016T054918_20181016T073048_05219_03_020400_20221115T090829.nc,2018-10-16T05:49:18,7.0x7.0 km2,697675,18740,0,0,0,,
S5P_RPRO_L2__CH4____20181017T034840_20181017T053010_05232_03_020400_20221115T090850.nc,2018-10-17T03:48:40,7.0x7.0 km2,697675,58606,8216,551,188,0.932936,0.658802
S5P_RPRO_L2__CH4____20181017T053010_20181017T071139_05233_03_020400_20221115T090852.nc,2018-10-17T05:30:10,7.0x7.0 km2,624790,27536,0,0,0,,
S5P_RPRO_L2__CH4____20181018T032932_20181018T051101_05246_03_020400_20221115T093707.nc,2018-10-18T03:29:32,7.0x7.0 km2,697675,45831,4376,548,259,0.874771,0.527372
S5P_RPRO_L2__CH4____20181018T051101_20181018T065231_05247_03_020400_20221115T093708.nc,2018-10-18T05:11:01,7.0x7.0 km2,697675,28674,1618,90,13,0.944376,0.855556
S5P_RPRO_L2__CH4____20181019T031024_20181019T045153_05260_03_020400_20221115T100521.nc,2018-10-19T03:10:24,7.0x7.0 km2,697675,25539,1311,0,0,1.000000,
S5P_RPRO_L2__CH4____20181019T045153_20181019T063322_05261_03_020400_20221115T100522.nc,2018-10-19T04:51:53,7.0x7.0 km2,697675,37317,5301,210,54,0.960385,0.742857
S5P_RPRO_L2__CH4____20181019T063322_20181019T081452_05262_03_020400_20221115T100524.nc,2018-10-19T06:33:22,7.0x7.0 km2,697890,17148,0,0,0,,
S5P_RPRO_L2__CH4____20181020T025115_20181020T043244_05274_03_020400_20221115T100545.nc,2018-10-20T02:51:15,7.0x7.0 km2,697675,11644,9,0,0,1.000000,
S5P_RPRO_L2__CH4____20181020T043244_20181020T061414_05275_03_020400_20221115T100548.nc,2018-10-20T04:32:44,7.0x7.0 km2,697890,42179,9474,4,0,0.999578,1.000000
S5P_RPRO_L2__CH4____20181020T061414_20181020T075543_05276_03_020400_20221115T100549.nc,2018-10-20T06:14:14,7.0x7.0 km2,697675,9308,0,0,0,,
S5P_RPRO_L2__CH4____20181021T041336_20181021T055506_05289_03_020400_20221115T103530.nc,2018-10-21T04:13:36,7.0x7.0 km2,697675,45782,12181,6,0,0.999507,1.000000
S5P_RPRO_L2__CH4____20181021T055506_20181021T073635_05290_03_020400_20221115T103532.nc,2018-10-21T05:55:06,7.0x7.0 km2,697890,17743,0,0,0,,
S5P_RPRO_L2__CH4____20181022T035428_20181022T053557_05303_03_020400_20221115T110543.nc,2018-10-22T03:54:28,7.0x7.0 km2,697675,39050,9707,237,126,0.975585,0.468354
S5P_RPRO_L2__CH4____20181022T053557_20181022T071727_05304_03_020400_20221115T110546.nc,2018-10-22T05:35:57,7.0x7.0 km2,697675,28711,0,0,0,,
S5P_RPRO_L2__CH4____20181023T033520_20181023T051649_05317_03_020400_20221115T110611.nc,2018-10-23T03:35:20,7.0x7.0 km2,697675,35699,5554,622,166,0.888009,0.733119
S5P_RPRO_L2__CH4____20181023T051649_20181023T065818_05318_03_020400_20221115T110612.nc,2018-10-23T05:16:49,7.0x7.0 km2,697675,40695,787,0,0,1.000000,
S5P_RPRO_L2__CH4____20181024T031611_20181024T045741_05331_03_020400_20221115T110635.nc,2018-10-24T03:16:11,7.0x7.0 km2,697890,20362,2185,36,2,0.983524,0.944444
S5P_RPRO_L2__CH4____20181024T045741_20181024T063910_05332_03_020400_20221115T111700.nc,2018-10-24T04:57:41,7.0x7.0 km2,697675,35491,3903,881,378,0.774276,0.570942
S5P_RPRO_L2__CH4____20181024T063910_20181024T082040_05333_03_020400_20221115T111707.nc,2018-10-24T06:39:10,7.0x7.0 km2,697675,44074,0,0,0,,
S5P_RPRO_L2__CH4____20181025T025703_20181025T043833_05345_03_020400_20221115T115903.nc,2018-10-25T02:57:03,7.0x7.0 km2,697675,20754,178,0,0,1.000000,
S5P_RPRO_L2__CH4____20181025T043833_20181025T062002_05346_03_020400_20221115T115904.nc,2018-10-25T04:38:33,7.0x7.0 km2,697890,24169,7964,0,0,1.000000,
S5P_RPRO_L2__CH4____20181025T062002_20181025T080131_05347_03_020400_20221115T115906.nc,2018-10-25T06:20:02,7.0x7.0 km2,697675,37223,0,0,0,,
S5P_RPRO_L2__CH4____20181026T041924_20181026T060054_05360_03_020400_20221115T124041.nc,2018-10-26T04:19:24,7.0x7.0 km2,697675,31215,11795,4644,3396,0.606274,0.268734
S5P_RPRO_L2__CH4____20181026T060054_20181026T074223_05361_03_020400_20221115T124042.nc,2018-10-26T06:00:54,7.0x7.0 km2,697675,35011,0,0,0,,
S5P_RPRO_L2__CH4____20181027T040016_20181027T054146_05374_03_020400_20221115T133257.nc,2018-10-27T04:00:16,7.0x7.0 km2,697675,30512,11010,5882,4327,0.465758,0.264366
S5P_RPRO_L2__CH4____20181027T054146_20181027T072315_05375_03_020400_20221115T133259.nc,2018-10-27T05:41:46,7.0x7.0 km2,697890,38004,0,0,0,,
S5P_RPRO_L2__CH4____20181028T034108_20181028T052238_05388_03_020400_20221115T141455.nc,2018-10-28T03:41:08,7.0x7.0 km2,694450,32824,6828,3340,2148,0.510838,0.356886
S5P_RPRO_L2__CH4____20181028T052238_20181028T070407_05389_03_020400_20221115T142515.nc,2018-10-28T05:22:38,7.0x7.0 km2,697675,38536,131,0,0,1.000000,
S5P_RPRO_L2__CH4____20181029T032200_20181029T050330_05402_03_020400_20221115T145634.nc,2018-10-29T03:22:00,7.0x7.0 km2,697675,35344,3262,811,443,0.751380,0.453761
S5P_RPRO_L2__CH4____20181029T050330_20181029T064459_05403_03_020400_20221115T145636.nc,2018-10-29T05:03:30,7.0x7.0 km2,697890,49574,2620,1165,711,0.555344,0.389700
S5P_RPRO_L2__CH4____20181029T064459_20181029T082629_05404_03_020400_20221115T145637.nc,2018-10-29T06:44:59,7.0x7.0 km2,697675,26955,0,0,0,,
S5P_RPRO_L2__CH4____20181030T030252_20181030T044422_05416_03_020400_20221115T153835.nc,2018-10-30T03:02:52,7.0x7.0 km2,697675,0,625,0,0,1.000000,
S5P_RPRO_L2__CH4____20181030T044422_20181030T062551_05417_03_020400_20221115T153837.nc,2018-10-30T04:44:22,7.0x7.0 km2,697890,49329,6521,1326,597,0.796657,0.549774
S5P_RPRO_L2__CH4____20181030T062551_20181030T080721_05418_03_020400_20221115T154904.nc,2018-10-30T06:25:51,7.0x7.0 km2,697675,20253,0,0,0,,
S5P_RPRO_L2__CH4____20181031T024345_20181031T042514_05430_03_020400_20221115T162514.nc,2018-10-31T02:43:45,7.0x7.0 km2,697890,10246,0,0,0,,
S5P_RPRO_L2__CH4____20181031T042514_20181031T060643_05431_03_020400_20221115T162516.nc,2018-10-31T04:25:14,7.0x7.0 km2,697675,39454,10809,4911,3442,0.545656,0.299124
S5P_RPRO_L2__CH4____20181031T060643_20181031T074813_05432_03_020400_20221115T163630.nc,2018-10-31T06:06:43,7.0x7.0 km2,697675,22932,0,0,0,,
S5P_RPRO_L2__CH4____20181101T040606_20181101T054736_05445_03_020400_20221115T171045.nc,2018-11-01T04:06:06,7.0x7.0 km2,697675,29993,11904,4465,2888,0.624916,0.353191
S5P_RPRO_L2__CH4____20181101T054736_20181101T072905_05446_03_020400_20221115T172412.nc,2018-11-01T05:47:36,7.0x7.0 km2,697890,20611,0,0,0,,
S5P_RPRO_L2__CH4____20181102T034658_20181102T052828_05459_03_020400_20221115T181150.nc,2018-11-02T03:46:58,7.0x7.0 km2,697675,22879,8268,1673,894,0.797654,0.465631
S5P_RPRO_L2__CH4____20181102T052828_20181102T070957_05460_03_020400_20221115T181152.nc,2018-11-02T05:28:28,7.0x7.0 km2,697890,26330,0,0,0,,
S5P_RPRO_L2__CH4____20181103T032751_20181103T050920_05473_03_020400_20221115T183414.nc,2018-11-03T03:27:51,7.0x7.0 km2,624575,21210,4408,130,49,0.970508,0.623077
S5P_RPRO_L2__CH4____20181103T050920_20181103T065050_05474_03_020400_20221115T184443.nc,2018-11-03T05:09:20,7.0x7.0 km2,697890,29336,1594,161,55,0.898996,0.658385
S5P_RPRO_L2__CH4____20181104T030843_20181104T045012_05487_03_020400_20221115T195759.nc,2018-11-04T03:08:43,7.0x7.0 km2,697675,20086,1331,1,0,0.999249,1.000000
S5P_RPRO_L2__CH4____20181104T045012_20181104T063142_05488_03_020400_20221115T195800.nc,2018-11-04T04:50:12,7.0x7.0 km2,624575,42142,5267,114,28,0.978356,0.754386
S5P_RPRO_L2__CH4____20181104T063142_20181104T081312_05489_03_020400_20221115T195802.nc,2018-11-04T06:31:42,7.0x7.0 km2,697675,24183,0,0,0,,
S5P_RPRO_L2__CH4____20181105T024936_20181105T043105_05501_03_020400_20221115T202943.nc,2018-11-05T02:49:36,7.0x7.0 km2,697890,18151,10,0,0,1.000000,
S5P_RPRO_L2__CH4____20181105T043105_20181105T061234_05502_03_020400_20221115T202945.nc,2018-11-05T04:31:05,7.0x7.0 km2,697675,34602,9443,12,0,0.998729,1.000000
S5P_RPRO_L2__CH4____20181105T061234_20181105T075404_05503_03_020400_20221118T094924.nc,2018-11-05T06:12:34,7.0x7.0 km2,624790,30437,0,0,0,,
S5P_RPRO_L2__CH4____20181106T041158_20181106T055327_05516_03_020400_20221115T205020.nc,2018-11-06T04:11:58,7.0x7.0 km2,697675,30887,12176,103,10,0.991541,0.902913
S5P_RPRO_L2__CH4____20181106T055327_20181106T073456_05517_03_020400_20221115T205021.nc,2018-11-06T05:53:27,7.0x7.0 km2,697890,39336,0,0,0,,
S5P_RPRO_L2__CH4____20181107T035250_20181107T053420_05530_03_020400_20221115T212158.nc,2018-11-07T03:52:50,7.0x7.0 km2,697675,25507,9740,11,0,0.998871,1.000000
S5P_RPRO_L2__CH4____20181107T053420_20181107T071549_05531_03_020400_20221115T213224.nc,2018-11-07T05:34:20,7.0x7.0 km2,697675,34617,0,0,0,,
S5P_RPRO_L2__CH4____20181108T033343_20181108T051512_05544_03_020400_20221115T220354.nc,2018-11-08T03:33:43,7.0x7.0 km2,697675,43165,5579,0,0,1.000000,
S5P_RPRO_L2__CH4____20181108T051512_20181108T065642_05545_03_020400_20221115T220356.nc,2018-11-08T05:15:12,7.0x7.0 km2,697675,37315,769,1,0,0.998700,1.000000
S5P_RPRO_L2__CH4____20181109T031436_20181109T045605_05558_03_020400_20221115T224543.nc,2018-11-09T03:14:36,7.0x7.0 km2,697890,20124,2214,375,235,0.830623,0.373333
S5P_RPRO_L2__CH4____20181109T045605_20181109T063735_05559_03_020400_20221115T224544.nc,2018-11-09T04:56:05,7.0x7.0 km2,697675,36150,3872,1681,978,0.565857,0.418203
S5P_RPRO_L2__CH4____20181109T063735_20181109T081904_05560_03_020400_20221115T224546.nc,2018-11-09T06:37:35,7.0x7.0 km2,697890,41181,0,0,0,,
S5P_RPRO_L2__CH4____20181110T025529_20181110T043658_05572_03_020400_20221115T232735.nc,2018-11-10T02:55:29,7.0x7.0 km2,697890,11725,184,0,0,1.000000,
S5P_RPRO_L2__CH4____20181110T043658_20181110T061827_05573_03_020400_20221115T232737.nc,2018-11-10T04:36:58,7.0x7.0 km2,697675,32575,7928,314,62,0.960394,0.802548
S5P_RPRO_L2__CH4____20181110T061827_20181110T075957_05574_03_020400_20221115T232739.nc,2018-11-10T06:18:27,7.0x7.0 km2,697675,22066,0,0,0,,
S5P_RPRO_L2__CH4____20181111T041751_20181111T055920_05587_03_020400_20221115T235857.nc,2018-11-11T04:17:51,7.0x7.0 km2,697675,40479,11771,173,39,0.985303,0.774566
S5P_RPRO_L2__CH4____20181111T055920_20181111T074050_05588_03_020400_20221115T235859.nc,2018-11-11T05:59:20,7.0x7.0 km2,697675,18776,0,0,0,,
S5P_RPRO_L2__CH4____20181112T035844_20181112T054013_05601_03_020400_20221116T002001.nc,2018-11-12T03:58:44,7.0x7.0 km2,697675,38604,11043,367,123,0.966766,0.664850
S5P_RPRO_L2__CH4____20181112T054013_20181112T072143_05602_03_020400_20221116T003024.nc,2018-11-12T05:40:13,7.0x7.0 km2,697890,40780,0,0,0,,
S5P_RPRO_L2__CH4____20181113T033937_20181113T052107_05615_03_020400_20221116T011302.nc,2018-11-13T03:39:37,7.0x7.0 km2,697675,27693,6862,148,5,0.978432,0.966216
S5P_RPRO_L2__CH4____20181113T052107_20181113T070236_05616_03_020400_20221116T011304.nc,2018-11-13T05:21:07,7.0x7.0 km2,697890,45912,118,0,0,1.000000,
S5P_RPRO_L2__CH4____20181114T032030_20181114T050200_05629_03_020400_20221116T014430.nc,2018-11-14T03:20:30,7.0x7.0 km2,697675,19916,3289,63,1,0.980845,0.984127
S5P_RPRO_L2__CH4____20181114T050200_20181114T064329_05630_03_020400_20221116T014432.nc,2018-11-14T05:02:00,7.0x7.0 km2,697890,38241,2592,0,0,1.000000,
S5P_RPRO_L2__CH4____20181114T064329_20181114T082459_05631_03_020400_20221116T014433.nc,2018-11-14T06:43:29,7.0x7.0 km2,697890,47570,0,0,0,,
S5P_RPRO_L2__CH4____20181115T030124_20181115T044253_05643_03_020400_20221116T021603.nc,2018-11-15T03:01:24,7.0x7.0 km2,697890,8877,640,0,0,1.000000,
S5P_RPRO_L2__CH4____20181115T044253_20181115T062423_05644_03_020400_20221116T021605.nc,2018-11-15T04:42:53,7.0x7.0 km2,697675,37205,6490,0,0,1.000000,
S5P_RPRO_L2__CH4____20181115T062423_20181115T080552_05645_03_020400_20221116T021608.nc,2018-11-15T06:24:23,7.0x7.0 km2,697675,37521,0,0,0,,
S5P_RPRO_L2__CH4____20181116T042347_20181116T060516_05658_03_020400_20221116T023706.nc,2018-11-16T04:23:47,7.0x7.0 km2,697890,31171,10781,120,32,0.988869,0.733333
S5P_RPRO_L2__CH4____20181116T060516_20181116T074646_05659_03_020400_20221116T023707.nc,2018-11-16T06:05:16,7.0x7.0 km2,697675,34936,0,0,0,,
S5P_RPRO_L2__CH4____20181117T040440_20181117T054610_05672_03_020400_20221116T031859.nc,2018-11-17T04:04:40,7.0x7.0 km2,697675,31437,11916,129,24,0.989174,0.813953
S5P_RPRO_L2__CH4____20181117T054610_20181117T072739_05673_03_020400_20221116T031901.nc,2018-11-17T05:46:10,7.0x7.0 km2,697675,40724,0,0,0,,
S5P_RPRO_L2__CH4____20181118T034534_20181118T052703_05686_03_020400_20221116T040053.nc,2018-11-18T03:45:34,7.0x7.0 km2,697890,37978,8299,0,0,1.000000,
S5P_RPRO_L2__CH4____20181118T052703_20181118T070833_05687_03_020400_20221116T040055.nc,2018-11-18T05:27:03,7.0x7.0 km2,697890,36273,0,0,0,,
S5P_RPRO_L2__CH4____20181119T032628_20181119T050757_05700_03_020400_20221116T090731.nc,2018-11-19T03:26:28,7.0x7.0 km2,697890,21404,4436,385,193,0.913210,0.498701
S5P_RPRO_L2__CH4____20181119T050757_20181119T064927_05701_03_020400_20221116T090733.nc,2018-11-19T05:07:57,7.0x7.0 km2,697675,38570,1571,92,52,0.941439,0.434783
S5P_RPRO_L2__CH4____20181120T030721_20181120T044851_05714_03_020400_20221116T100445.nc,2018-11-20T03:07:21,7.0x7.0 km2,697890,13329,1354,0,0,1.000000,
S5P_RPRO_L2__CH4____20181120T044851_20181120T063021_05715_03_020400_20221116T100446.nc,2018-11-20T04:48:51,7.0x7.0 km2,697675,53272,5243,283,66,0.946023,0.766784
S5P_RPRO_L2__CH4____20181120T063021_20181120T081150_05716_03_020400_20221116T100448.nc,2018-11-20T06:30:21,7.0x7.0 km2,697890,38431,0,0,0,,
S5P_RPRO_L2__CH4____20181121T024815_20181121T042945_05728_03_020400_20221116T100508.nc,2018-11-21T02:48:15,7.0x7.0 km2,624575,10285,11,0,0,1.000000,
S5P_RPRO_L2__CH4____20181121T042945_20181121T061114_05729_03_020400_20221116T100510.nc,2018-11-21T04:29:45,7.0x7.0 km2,697675,52681,9407,34,1,0.996386,0.970588
S5P_RPRO_L2__CH4____20181121T061114_20181121T075244_05730_03_020400_20221116T100511.nc,2018-11-21T06:11:14,7.0x7.0 km2,624575,37514,0,0,0,,
S5P_RPRO_L2__CH4____20181122T041039_20181122T055209_05743_03_020400_20221116T102501.nc,2018-11-22T04:10:39,7.0x7.0 km2,624790,55776,12180,2873,1501,0.764122,0.477550
S5P_RPRO_L2__CH4____20181122T055209_20181122T073338_05744_03_020400_20221116T102503.nc,2018-11-22T05:52:09,7.0x7.0 km2,697890,30302,0,0,0,,
S5P_RPRO_L2__CH4____20181123T035133_20181123T053303_05757_03_020400_20221116T110430.nc,2018-11-23T03:51:33,7.0x7.0 km2,697675,55428,9771,4215,2660,0.568621,0.368921
S5P_RPRO_L2__CH4____20181123T053303_20181123T071432_05758_03_020400_20221116T110432.nc,2018-11-23T05:33:03,7.0x7.0 km2,624790,40060,0,0,0,,
S5P_RPRO_L2__CH4____20181124T033228_20181124T051357_05771_03_020400_20221116T110453.nc,2018-11-24T03:32:28,7.0x7.0 km2,697675,42176,5604,779,263,0.860992,0.662388
S5P_RPRO_L2__CH4____20181124T051357_20181124T065527_05772_03_020400_20221116T110501.nc,2018-11-24T05:13:57,7.0x7.0 km2,697675,62848,757,11,5,0.985469,0.545455
S5P_RPRO_L2__CH4____20181125T031322_20181125T045452_05785_03_020400_20221116T113621.nc,2018-11-25T03:13:22,7.0x7.0 km2,697675,38727,2234,83,17,0.962847,0.795181
S5P_RPRO_L2__CH4____20181125T045452_20181125T063621_05786_03_020400_20221116T113623.nc,2018-11-25T04:54:52,7.0x7.0 km2,697890,59193,3837,932,276,0.757102,0.703863
S5P_RPRO_L2__CH4____20181125T063621_20181125T081751_05787_03_020400_20221116T134321.nc,2018-11-25T06:36:21,7.0x7.0 km2,697675,66878,0,0,0,,
S5P_RPRO_L2__CH4____20181126T025417_20181126T043546_05799_03_020400_20221116T143020.nc,2018-11-26T02:54:17,7.0x7.0 km2,697675,30822,192,0,0,1.000000,
S5P_RPRO_L2__CH4____20181126T043546_20181126T061716_05800_03_020400_20221116T144116.nc,2018-11-26T04:35:46,7.0x7.0 km2,697675,64468,7897,3240,1916,0.589718,0.408642
S5P_RPRO_L2__CH4____20181126T061716_20181126T075846_05801_03_020400_20221116T115705.nc,2018-11-26T06:17:16,7.0x7.0 km2,697890,55894,0,0,0,,
S5P_RPRO_L2__CH4____20181127T041641_20181127T055811_05814_03_020400_20221116T125825.nc,2018-11-27T04:16:41,7.0x7.0 km2,697675,64693,11753,3645,2029,0.689866,0.443347
S5P_RPRO_L2__CH4____20181127T055811_20181127T073940_05815_03_020400_20221116T130213.nc,2018-11-27T05:58:11,7.0x7.0 km2,697675,43437,0,0,0,,
S5P_RPRO_L2__CH4____20181128T035736_20181128T053905_05828_03_020400_20221116T150432.nc,2018-11-28T03:57:36,7.0x7.0 km2,697675,63487,11059,3546,1960,0.679356,0.447265
S5P_RPRO_L2__CH4____20181128T053905_20181128T072035_05829_03_020400_20221116T150433.nc,2018-11-28T05:39:05,7.0x7.0 km2,697675,46150,0,0,0,,
S5P_RPRO_L2__CH4____20181129T033831_20181129T052000_05842_03_020400_20221116T153916.nc,2018-11-29T03:38:31,7.0x7.0 km2,697675,51070,6894,1699,845,0.753554,0.502649
S5P_RPRO_L2__CH4____20181129T052000_20181129T070130_05843_03_020400_20221116T153918.nc,2018-11-29T05:20:00,7.0x7.0 km2,697675,48666,110,0,0,1.000000,
S5P_RPRO_L2__CH4____20181130T031926_20181130T050055_05856_03_020400_20221116T163644.nc,2018-11-30T03:19:26,7.0x7.0 km2,697675,46838,3312,22,1,0.993357,0.954545
S5P_RPRO_L2__CH4____20181130T050055_20181130T064225_05857_03_020400_20221116T163646.nc,2018-11-30T05:00:55,7.0x7.0 km2,697675,47314,2572,208,105,0.919129,0.495192
S5P_RPRO_L2__CH4____20181130T064225_20181130T082355_05858_03_020400_20221116T163647.nc,2018-11-30T06:42:25,7.0x7.0 km2,697890,53451,0,0,0,,
S5P_RPRO_L2__CH4____20181201T030021_20181201T044151_05870_03_020400_20221116T175656.nc,2018-12-01T03:00:21,7.0x7.0 km2,697675,32215,649,0,0,1.000000,
S5P_RPRO_L2__CH4____20181201T044151_20181201T062320_05871_03_020400_20221116T175657.nc,2018-12-01T04:41:51,7.0x7.0 km2,697675,54911,6479,864,408,0.866646,0.527778
S5P_RPRO_L2__CH4____20181201T062320_20181201T080450_05872_03_020400_20221116T180822.nc,2018-12-01T06:23:20,7.0x7.0 km2,697675,47490,0,0,0,,
S5P_RPRO_L2__CH4____20181202T042246_20181202T060416_05885_03_020400_20221116T184235.nc,2018-12-02T04:22:46,7.0x7.0 km2,697675,41603,10754,1,0,0.999907,1.000000
S5P_RPRO_L2__CH4____20181202T060416_20181202T074545_05886_03_020400_20221116T184236.nc,2018-12-02T06:04:16,7.0x7.0 km2,697890,49357,0,0,0,,
S5P_RPRO_L2__CH4____20181203T040341_20181203T054511_05899_03_020400_20221116T192841.nc,2018-12-03T04:03:41,7.0x7.0 km2,624790,27141,11926,20,0,0.998323,1.000000
S5P_RPRO_L2__CH4____20181203T054511_20181203T072641_05900_03_020400_20221116T192842.nc,2018-12-03T05:45:11,7.0x7.0 km2,697675,33483,0,0,0,,
S5P_RPRO_L2__CH4____20181204T034437_20181204T052607_05913_03_020400_20221116T201445.nc,2018-12-04T03:44:37,7.0x7.0 km2,697890,32569,8326,9,0,0.998919,1.000000
S5P_RPRO_L2__CH4____20181204T052607_20181204T070736_05914_03_020400_20221116T201447.nc,2018-12-04T05:26:07,7.0x7.0 km2,697675,20770,0,0,0,,
S5P_RPRO_L2__CH4____20181205T032533_20181205T050702_05927_03_020400_20221116T211214.nc,2018-12-05T03:25:33,7.0x7.0 km2,697675,36493,4458,0,0,1.000000,
S5P_RPRO_L2__CH4____20181205T050702_20181205T064832_05928_03_020400_20221116T211215.nc,2018-12-05T05:07:02,7.0x7.0 km2,697890,33289,1557,0,0,1.000000,
S5P_RPRO_L2__CH4____20181206T030629_20181206T044758_05941_03_020400_20221116T215748.nc,2018-12-06T03:06:29,7.0x7.0 km2,697675,17637,1366,0,0,1.000000,
S5P_RPRO_L2__CH4____20181206T044758_20181206T062928_05942_03_020400_20221116T220916.nc,2018-12-06T04:47:58,7.0x7.0 km2,697675,33316,5224,0,0,1.000000,
S5P_RPRO_L2__CH4____20181206T062928_20181206T081058_05943_03_020400_20221116T220918.nc,2018-12-06T06:29:28,7.0x7.0 km2,697675,42151,0,0,0,,
S5P_RPRO_L2__CH4____20181207T024725_20181207T042854_05955_03_020400_20221116T225509.nc,2018-12-07T02:47:25,7.0x7.0 km2,697675,11476,13,0,0,1.000000,
S5P_RPRO_L2__CH4____20181207T042854_20181207T061024_05956_03_020400_20221116T230638.nc,2018-12-07T04:28:54,7.0x7.0 km2,697675,39136,9378,81,4,0.991363,0.950617
S5P_RPRO_L2__CH4____20181207T061024_20181207T075154_05957_03_020400_20221116T230639.nc,2018-12-07T06:10:24,7.0x7.0 km2,697675,30240,0,0,0,,
S5P_RPRO_L2__CH4____20181208T040950_20181208T055120_05970_03_020400_20221117T000404.nc,2018-12-08T04:09:50,7.0x7.0 km2,697890,31978,12173,236,17,0.980613,0.927966
S5P_RPRO_L2__CH4____20181208T055120_20181208T073250_05971_03_020400_20221117T000406.nc,2018-12-08T05:51:20,7.0x7.0 km2,697675,32066,0,0,0,,
S5P_RPRO_L2__CH4____20181209T035047_20181209T053216_05984_03_020400_20221117T012413.nc,2018-12-09T03:50:47,7.0x7.0 km2,697675,34104,9795,131,42,0.986626,0.679389
S5P_RPRO_L2__CH4____20181209T053216_20181209T071346_05985_03_020400_20221117T013536.nc,2018-12-09T05:32:16,7.0x7.0 km2,697675,34223,0,0,0,,
S5P_RPRO_L2__CH4____20181210T033143_20181210T051313_05998_03_020400_20221117T023252.nc,2018-12-10T03:31:43,7.0x7.0 km2,624575,32898,5628,0,0,1.000000,
S5P_RPRO_L2__CH4____20181210T051313_20181210T065443_05999_03_020400_20221117T023253.nc,2018-12-10T05:13:13,7.0x7.0 km2,697675,43317,746,0,0,1.000000,
S5P_RPRO_L2__CH4____20181212T025337_20181212T043506_06026_03_020400_20221117T034126.nc,2018-12-12T02:53:37,7.0x7.0 km2,697675,6973,197,0,0,1.000000,
S5P_RPRO_L2__CH4____20181212T043506_20181212T061636_06027_03_020400_20221117T035252.nc,2018-12-12T04:35:06,7.0x7.0 km2,697890,36992,7872,2166,1285,0.724848,0.406741
S5P_RPRO_L2__CH4____20181212T061636_20181212T075806_06028_03_020400_20221117T035253.nc,2018-12-12T06:16:36,7.0x7.0 km2,624790,28501,0,0,0,,
S5P_RPRO_L2__CH4____20181213T041603_20181213T055733_06041_03_020400_20221117T093947.nc,2018-12-13T04:16:03,7.0x7.0 km2,697675,52129,11750,4459,3242,0.620511,0.272931
S5P_RPRO_L2__CH4____20181213T055733_20181213T073903_06042_03_020400_20221117T094957.nc,2018-12-13T05:57:33,7.0x7.0 km2,697675,26689,0,0,0,,
S5P_RPRO_L2__CH4____20181214T035700_20181214T053830_06055_03_020400_20221117T101034.nc,2018-12-14T03:57:00,7.0x7.0 km2,697675,47292,11081,1506,795,0.864092,0.472112
S5P_RPRO_L2__CH4____20181214T053830_20181214T072000_06056_03_020400_20221117T101035.nc,2018-12-14T05:38:30,7.0x7.0 km2,697675,34946,0,0,0,,
S5P_RPRO_L2__CH4____20181215T033757_20181215T051927_06069_03_020400_20221117T101055.nc,2018-12-15T03:37:57,7.0x7.0 km2,697675,41053,6902,0,0,1.000000,
S5P_RPRO_L2__CH4____20181215T051927_20181215T070057_06070_03_020400_20221117T101057.nc,2018-12-15T05:19:27,7.0x7.0 km2,697675,41117,104,0,0,1.000000,
S5P_RPRO_L2__CH4____20181216T031854_20181216T050024_06083_03_020400_20221117T102156.nc,2018-12-16T03:18:54,7.0x7.0 km2,697675,39726,3325,501,212,0.849323,0.576846
S5P_RPRO_L2__CH4____20181216T050024_20181216T064154_06084_03_020400_20221117T103236.nc,2018-12-16T05:00:24,7.0x7.0 km2,697675,52725,2554,690,184,0.729836,0.733333
S5P_RPRO_L2__CH4____20181216T064154_20181216T082324_06085_03_020400_20221117T105434.nc,2018-12-16T06:41:54,7.0x7.0 km2,697675,46111,0,0,0,,
S5P_RPRO_L2__CH4____20181217T025952_20181217T044122_06097_03_020400_20221117T110554.nc,2018-12-17T02:59:52,7.0x7.0 km2,697675,30898,660,0,0,1.000000,
S5P_RPRO_L2__CH4____20181217T044122_20181217T062251_06098_03_020400_20221117T110556.nc,2018-12-17T04:41:22,7.0x7.0 km2,697890,60455,6457,3480,2042,0.461050,0.413218
S5P_RPRO_L2__CH4____20181217T062251_20181217T080421_06099_03_020400_20221117T110559.nc,2018-12-17T06:22:51,7.0x7.0 km2,697675,41719,0,0,0,,
S5P_RPRO_L2__CH4____20181218T042219_20181218T060349_06112_03_020400_20221117T110624.nc,2018-12-18T04:22:19,7.0x7.0 km2,697675,65480,10741,5552,3319,0.483102,0.402197
S5P_RPRO_L2__CH4____20181218T060349_20181218T074519_06113_03_020400_20221117T110626.nc,2018-12-18T06:03:49,7.0x7.0 km2,697890,42313,0,0,0,,
S5P_RPRO_L2__CH4____20181219T040317_20181219T054447_06126_03_020400_20221117T114053.nc,2018-12-19T04:03:17,7.0x7.0 km2,697675,57251,11934,12,5,0.998994,0.583333
S5P_RPRO_L2__CH4____20181219T054447_20181219T072616_06127_03_020400_20221117T115220.nc,2018-12-19T05:44:47,7.0x7.0 km2,697890,47800,0,0,0,,
S5P_RPRO_L2__CH4____20181220T034415_20181220T052544_06140_03_020400_20221117T132402.nc,2018-12-20T03:44:15,7.0x7.0 km2,697890,39517,8344,240,52,0.971237,0.783333
S5P_RPRO_L2__CH4____20181220T052544_20181220T070714_06141_03_020400_20221117T133523.nc,2018-12-20T05:25:44,7.0x7.0 km2,697890,44851,0,0,0,,
S5P_RPRO_L2__CH4____20181221T032513_20181221T050642_06154_03_020400_20221117T150633.nc,2018-12-21T03:25:13,7.0x7.0 km2,697675,28835,4471,57,9,0.987251,0.842105
S5P_RPRO_L2__CH4____20181221T050642_20181221T064812_06155_03_020400_20221117T150634.nc,2018-12-21T05:06:42,7.0x7.0 km2,697675,34481,1545,0,0,1.000000,
S5P_RPRO_L2__CH4____20181222T030611_20181222T044740_06168_03_020400_20221117T155220.nc,2018-12-22T03:06:11,7.0x7.0 km2,697890,24197,1377,0,0,1.000000,
S5P_RPRO_L2__CH4____20181222T044740_20181222T062910_06169_03_020400_20221117T155222.nc,2018-12-22T04:47:40,7.0x7.0 km2,697890,45585,5210,3,0,0.999424,1.000000
S5P_RPRO_L2__CH4____20181222T062910_20181222T081040_06170_03_020400_20221117T155223.nc,2018-12-22T06:29:10,7.0x7.0 km2,697675,49846,0,0,0,,
S5P_RPRO_L2__CH4____20181223T024709_20181223T042839_06182_03_020400_20221117T171148.nc,2018-12-23T02:47:09,7.0x7.0 km2,697675,18314,13,0,0,1.000000,
S5P_RPRO_L2__CH4____20181223T042839_20181223T061009_06183_03_020400_20221117T171152.nc,2018-12-23T04:28:39,7.0x7.0 km2,697675,49482,9357,2858,1645,0.694560,0.424423
S5P_RPRO_L2__CH4____20181223T061009_20181223T075139_06184_03_020400_20221117T172307.nc,2018-12-23T06:10:09,7.0x7.0 km2,697890,45948,0,0,0,,
S5P_RPRO_L2__CH4____20181224T040937_20181224T055107_06197_03_020400_20221117T184245.nc,2018-12-24T04:09:37,7.0x7.0 km2,697675,43975,12172,1606,571,0.868058,0.644458
S5P_RPRO_L2__CH4____20181224T055107_20181224T073237_06198_03_020400_20221117T184246.nc,2018-12-24T05:51:07,7.0x7.0 km2,697675,30723,0,0,0,,
S5P_RPRO_L2__CH4____20181225T035036_20181225T053205_06211_03_020400_20221117T194002.nc,2018-12-25T03:50:36,7.0x7.0 km2,697890,47396,9806,0,0,1.000000,
S5P_RPRO_L2__CH4____20181225T053205_20181225T071335_06212_03_020400_20221117T194004.nc,2018-12-25T05:32:05,7.0x7.0 km2,697675,26033,0,0,0,,
S5P_RPRO_L2__CH4____20181226T033134_20181226T051304_06225_03_020400_20221117T202546.nc,2018-12-26T03:31:34,7.0x7.0 km2,697890,37498,5641,0,0,1.000000,
S5P_RPRO_L2__CH4____20181226T051304_20181226T065434_06226_03_020400_20221117T202548.nc,2018-12-26T05:13:04,7.0x7.0 km2,697675,26181,740,0,0,1.000000,
S5P_RPRO_L2__CH4____20181227T031233_20181227T045403_06239_03_020400_20221117T213409.nc,2018-12-27T03:12:33,7.0x7.0 km2,624575,24574,2263,0,0,1.000000,
S5P_RPRO_L2__CH4____20181227T045403_20181227T063533_06240_03_020400_20221117T214530.nc,2018-12-27T04:54:03,7.0x7.0 km2,697675,32067,3806,0,0,1.000000,
S5P_RPRO_L2__CH4____20181227T063533_20181227T081703_06241_03_020400_20221117T214532.nc,2018-12-27T06:35:33,7.0x7.0 km2,697675,35666,0,0,0,,
S5P_RPRO_L2__CH4____20181228T025332_20181228T043502_06253_03_020400_20221117T225349.nc,2018-12-28T02:53:32,7.0x7.0 km2,624790,20274,200,0,0,1.000000,
S5P_RPRO_L2__CH4____20181228T043502_20181228T061632_06254_03_020400_20221117T225351.nc,2018-12-28T04:35:02,7.0x7.0 km2,697890,29258,7865,2324,1576,0.704514,0.321859
S5P_RPRO_L2__CH4____20181228T061632_20181228T075802_06255_03_020400_20221117T225353.nc,2018-12-28T06:16:32,7.0x7.0 km2,697890,33254,0,0,0,,
S5P_RPRO_L2__CH4____20181229T041601_20181229T055731_06268_03_020400_20221118T000221.nc,2018-12-29T04:16:01,7.0x7.0 km2,624575,33095,11743,2858,1571,0.756621,0.450315
S5P_RPRO_L2__CH4____20181229T055731_20181229T073901_06269_03_020400_20221118T001344.nc,2018-12-29T05:57:31,7.0x7.0 km2,697675,31295,0,0,0,,
S5P_RPRO_L2__CH4____20181230T035700_20181230T053830_06282_03_020400_20221118T013356.nc,2018-12-30T03:57:00,7.0x7.0 km2,697675,33967,11084,425,203,0.961656,0.522353
S5P_RPRO_L2__CH4____20181230T053830_20181230T072000_06283_03_020400_20221118T013358.nc,2018-12-30T05:38:30,7.0x7.0 km2,624575,29113,0,0,0,,
S5P_RPRO_L2__CH4____20181231T033759_20181231T051929_06296_03_020400_20221118T021941.nc,2018-12-31T03:37:59,7.0x7.0 km2,697675,34559,6923,1064,540,0.846309,0.492481
S5P_RPRO_L2__CH4____20181231T051929_20181231T070059_06297_03_020400_20221118T021943.nc,2018-12-31T05:19:29,7.0x7.0 km2,697675,38464,100,0,0,1.000000,
