centre_lat,centre_lon,impervious_fraction,impervious_coverage
35.075,114.925,0.099521,0.9996
35.075,115.175,0.168,1.0007
35.075,115.425,0.171425,1.0007
35.075,115.675,0.165119,0.9996
35.075,115.925,0.151591,1.0007
35.075,116.175,0.171845,1.0007
35.075,116.425,0.158311,0.9996
35.075,116.675,0.112495,1.0007
35.075,116.925,0.144405,1.0007
35.075,117.175,0.299339,0.9996
35.075,117.425,0.104682,1.0007
35.075,117.675,0.038397,1.0007
35.075,117.925,0.067447,0.9996
35.075,118.175,0.463264,1.0007
35.075,118.425,0.514106,1.0007
35.075,118.675,0.152942,0.9996
35.075,118.925,0.141789,1.0007
35.075,119.175,0.233403,1.0007
35.075,119.425,0.108675,0.9996
35.075,119.675,0.0,1.0007
35.075,119.925,0.000312,0.9996
35.075,120.175,0.0,1.0007
35.075,120.425,0.0,1.0007
35.075,120.675,0.0,0.9996
35.075,120.925,0.0,1.0007
35.075,121.175,0.0,1.0007
35.075,121.425,0.0,0.9996
35.075,121.675,0.0,1.0007
35.075,121.925,0.0,1.0007
35.075,122.175,0.0,0.9996
35.075,122.425,0.0,1.0007
34.825,114.925,0.15281,0.9986
34.825,115.175,0.105284,0.9996
34.825,115.425,0.15009,0.9996
34.825,115.675,0.158796,0.9986
34.825,115.925,0.126649,0.9996
34.825,116.175,0.169545,0.9996
34.825,116.425,0.141071,0.9986
34.825,116.675,0.198009,0.9996
34.825,116.925,0.249389,0.9996
34.825,117.175,0.260504,0.9986
34.825,117.425,0.248963,0.9996
34.825,117.675,0.246225,0.9996
34.825,117.925,0.210884,0.9986
34.825,118.175,0.25164,0.9996
34.825,118.425,0.18132,0.9996
34.825,118.675,0.175573,0.9986
34.825,118.925,0.162496,0.9996
34.825,119.175,0.235981,0.9996
34.825,119.425,0.086639,0.9986
34.825,119.675,0.0,0.9996
34.825,119.925,0.0,0.9986
34.825,120.175,0.0,0.9996
34.825,120.425,0.0,0.9996
34.825,120.675,0.0,0.9986
34.825,120.925,0.0,0.9996
34.825,121.175,0.0,0.9996
34.825,121.425,0.0,0.9986
34.825,121.675,0.0,0.9996
34.825,121.925,0.0,0.9996
34.825,122.175,0.0,0.9986
34.825,122.425,0.0,0.9996
34.575,114.925,0.092029,0.9996
34.575,115.175,0.153772,1.0007
34.575,115.425,0.11088,1.0007
34.575,115.675,0.174036,0.9996
34.575,115.925,0.123678,1.0007
34.575,116.175,0.093796,1.0007
34.575,116.425,0.101563,0.9996
34.575,116.675,0.176322,1.0007
34.575,116.925,0.179262,1.0007
34.575,117.175,0.0709,0.9996
34.575,117.425,0.175557,1.0007
34.575,117.675,0.154396,1.0007
34.575,117.925,0.142341,0.9996
34.575,118.175,0.16073,1.0007
34.575,118.425,0.160373,1.0007
34.575,118.675,0.158802,0.9996
34.575,118.925,0.131441,1.0007
34.575,119.175,0.29406,1.0007
34.575,119.425,0.18438,0.9996
34.575,119.675,0.103326,1.0007
34.575,119.925,0.003867,0.9996
34.575,120.175,0.0,1.0007
34.575,120.425,0.0,1.0007
34.575,120.675,0.0,0.9996
34.575,120.925,0.0,1.0007
34.575,121.175,0.0,1.0007
34.575,121.425,0.0,0.9996
34.575,121.675,0.0,1.0007
34.575,121.925,0.0,1.0007
34.575,122.175,0.0,0.9996
34.575,122.425,0.0,1.0007
34.325,114.925,0.143136,0.9996
34.325,115.175,0.175222,1.0007
34.325,115.425,0.147606,1.0007
34.325,115.675,0.306906,0.9996
34.325,115.925,0.185841,1.0007
34.325,116.175,0.175368,1.0007
34.325,116.425,0.159547,0.9996
34.325,116.675,0.156119,1.0007
34.325,116.925,0.192447,1.0007
34.325,117.175,0.492978,0.9996
34.325,117.425,0.303501,1.0007
34.325,117.675,0.174473,1.0007
34.325,117.925,0.23963,0.9996
34.325,118.175,0.153371,1.0007
34.325,118.425,0.197108,1.0007
34.325,118.675,0.153482,0.9996
34.325,118.925,0.145655,1.0007
34.325,119.175,0.169098,1.0007
34.325,119.425,0.120222,0.9996
34.325,119.675,0.166173,1.0007
34.325,119.925,0.088686,0.9996
34.325,120.175,0.062375,1.0007
34.325,120.425,0.0,1.0007
34.325,120.675,0.0,0.9996
34.325,120.925,0.0,1.0007
34.325,121.175,0.0,1.0007
34.325,121.425,0.0,0.9996
34.325,121.675,0.0,1.0007
34.325,121.925,0.0,1.0007
34.325,122.175,0.0,0.9996
34.325,122.425,0.0,1.0007
34.075,114.925,0.154528,0.9986
34.075,115.175,0.168148,0.9996
34.075,115.425,0.160617,0.9996
34.075,115.675,0.127069,0.9986
34.075,115.925,0.131044,0.9996
34.075,116.175,0.14841,0.9996
34.075,116.425,0.171039,0.9986
34.075,116.675,0.187543,0.9996
34.075,116.925,0.243358,0.9996
34.075,117.175,0.216303,0.9986
34.075,117.425,0.118058,0.9996
34.075,117.675,0.138507,0.9996
34.075,117.925,0.117809,0.9986
34.075,118.175,0.134001,0.9996
34.075,118.425,0.142528,0.9996
34.075,118.675,0.196255,0.9986
34.075,118.925,0.168406,0.9996
34.075,119.175,0.135669,0.9996
34.075,119.425,0.157202,0.9986
34.075,119.675,0.078421,0.9996
34.075,119.925,0.064545,0.9986
34.075,120.175,0.033415,0.9996
34.075,120.425,0.008788,0.9996
34.075,120.675,0.0,0.9986
34.075,120.925,0.0,0.9996
34.075,121.175,0.0,0.9996
34.075,121.425,0.0,0.9986
34.075,121.675,0.0,0.9996
34.075,121.925,0.0,0.9996
34.075,122.175,0.0,0.9986
34.075,122.425,0.0,0.9996
33.825,114.925,0.178154,0.9996
33.825,115.175,0.152447,1.0007
33.825,115.425,0.193645,1.0007
33.825,115.675,0.212332,0.9996
33.825,115.925,0.094688,1.0007
33.825,116.175,0.10993,1.0007
33.825,116.425,0.189928,0.9996
33.825,116.675,0.211837,1.0007
33.825,116.925,0.19598,1.0007
33.825,117.175,0.101275,0.9996
33.825,117.425,0.10748,1.0007
33.825,117.675,0.172858,1.0007
33.825,117.925,0.219159,0.9996
33.825,118.175,0.266053,1.0007
33.825,118.425,0.233685,1.0007
33.825,118.675,0.214652,0.9996
33.825,118.925,0.154039,1.0007
33.825,119.175,0.220447,1.0007
33.825,119.425,0.106539,0.9996
33.825,119.675,0.055793,1.0007
33.825,119.925,0.044511,0.9996
33.825,120.175,0.066026,1.0007
33.825,120.425,0.041518,1.0007
33.825,120.675,8.3e-05,0.9996
33.825,120.925,0.0,1.0007
33.825,121.175,0.0,1.0007
33.825,121.425,0.0,0.9996
33.825,121.675,0.0,1.0007
33.825,121.925,0.0,1.0007
33.825,122.175,0.0,0.9996
33.825,122.425,0.0,1.0007
33.575,114.925,0.175989,0.9996
33.575,115.175,0.184282,1.0007
33.575,115.425,0.153876,1.0007
33.575,115.675,0.142378,0.9996
33.575,115.925,0.125045,1.0007
33.575,116.175,0.18442,1.0007
33.575,116.425,0.139909,0.9996
33.575,116.675,0.167576,1.0007
33.575,116.925,0.23402,1.0007
33.575,117.175,0.139846,0.9996
33.575,117.425,0.085628,1.0007
33.575,117.675,0.116186,1.0007
33.575,117.925,0.13694,0.9996
33.575,118.175,0.127795,1.0007
33.575,118.425,0.049017,1.0007
33.575,118.675,0.134216,0.9996
33.575,118.925,0.283665,1.0007
33.575,119.175,0.351931,1.0007
33.575,119.425,0.051525,0.9996
33.575,119.675,0.072138,1.0007
33.575,119.925,0.05788,0.9996
33.575,120.175,0.035596,1.0007
33.575,120.425,0.0291,1.0007
33.575,120.675,0.003782,0.9996
33.575,120.925,0.0,1.0007
33.575,121.175,0.0,1.0007
33.575,121.425,0.0,0.9996
33.575,121.675,0.0,1.0007
33.575,121.925,0.0,1.0007
33.575,122.175,0.0,0.9996
33.575,122.425,0.0,1.0007
33.325,114.925,0.192403,0.9986
33.325,115.175,0.223975,0.9996
33.325,115.425,0.251302,0.9996
33.325,115.675,0.185086,0.9986
33.325,115.925,0.150813,0.9996
33.325,116.175,0.133581,0.9996
33.325,116.425,0.152035,0.9986
33.325,116.675,0.151501,0.9996
33.325,116.925,0.097746,0.9996
33.325,117.175,0.09277,0.9986
33.325,117.425,0.101727,0.9996
33.325,117.675,0.066237,0.9996
33.325,117.925,0.080483,0.9986
33.325,118.175,0.077563,0.9996
33.325,118.425,0.039863,0.9996
33.325,118.925,0.117059,0.9996
33.325,119.175,0.05136,0.9996
33.325,119.425,0.08275,0.9986
33.325,119.675,0.047445,0.9996
33.325,119.925,0.062209,0.9986
33.325,120.175,0.269593,0.9996
33.325,120.425,0.06952,0.9996
33.325,120.675,0.067926,0.9986
33.325,121.425,0.0,0.9986
33.325,121.675,0.0,0.9996
33.325,121.925,0.0,0.9996
33.325,122.175,0.0,0.9986
33.325,122.425,0.0,0.9996
33.075,114.925,0.137918,0.9996
33.075,115.175,0.231333,1.0007
33.075,115.425,0.199721,1.0007
33.075,115.675,0.232849,0.9996
33.075,115.925,0.195278,1.0007
33.075,116.175,0.183044,1.0007
33.075,116.425,0.141125,0.9996
33.075,116.675,0.099932,1.0007
33.075,116.925,0.080823,1.0007
33.075,117.175,0.144993,0.9996
33.075,117.425,0.126997,1.0007
33.075,117.675,0.066399,1.0007
33.075,117.925,0.092804,0.9996
33.075,118.175,0.06051,1.0007
33.075,118.425,0.090956,1.0007
33.075,118.675,0.067654,0.9996
33.075,118.925,0.070553,1.0007
33.075,119.175,0.015188,1.0007
33.075,119.425,0.022866,0.9996
33.075,119.675,0.043746,1.0007
33.075,119.925,0.073854,0.9996
33.075,120.175,0.07527,1.0007
33.075,120.425,0.070771,1.0007
33.075,120.675,0.034543,0.9996
33.075,120.925,0.020685,1.0007
33.075,121.425,0.0,0.9996
33.075,121.675,0.0,1.0007
33.075,121.925,0.0,1.0007
33.075,122.175,0.0,0.9996
33.075,122.425,0.0,1.0007
32.825,114.925,0.148801,0.9996
32.825,115.175,0.169784,1.0007
32.825,115.425,0.195385,1.0007
32.825,115.675,0.263806,0.9996
32.825,115.925,0.316578,1.0007
32.825,116.175,0.186003,1.0007
32.825,116.425,0.181872,0.9996
32.825,116.675,0.159875,1.0007
32.825,116.925,0.097433,1.0007
32.825,117.175,0.133985,0.9996
32.825,117.425,0.189716,1.0007
32.825,117.675,0.058547,1.0007
32.825,117.925,0.058823,0.9996
32.825,118.175,0.023101,1.0007
32.825,118.425,0.019985,1.0007
32.825,118.675,0.018107,0.9996
32.825,118.925,0.021356,1.0007
32.825,119.175,0.008091,1.0007
32.825,119.425,0.081455,0.9996
32.825,119.675,0.057551,1.0007
32.825,119.925,0.123179,0.9996
32.825,120.175,0.152668,1.0007
32.825,120.425,0.077102,1.0007
32.825,120.675,0.029918,0.9996
32.825,120.925,0.043325,1.0007
32.825,121.425,0.0,0.9996
32.825,121.675,0.0,1.0007
32.825,121.925,0.0,1.0007
32.825,122.175,0.0,0.9996
32.825,122.425,0.0,1.0007
32.575,114.925,0.087442,0.9986
32.575,115.175,0.123774,0.9996
32.575,115.425,0.195568,0.9996
32.575,115.675,0.180724,0.9986
32.575,115.925,0.134615,0.9996
32.575,116.175,0.158733,0.9996
32.575,116.425,0.124012,0.9986
32.575,116.675,0.120732,0.9996
32.575,116.925,0.217498,0.9996
32.575,117.175,0.115991,0.9986
32.575,117.425,0.026565,0.9996
32.575,117.675,0.055287,0.9996
32.575,117.925,0.024418,0.9986
32.575,118.175,0.011948,0.9996
32.575,118.425,0.023995,0.9996
32.575,118.675,0.028517,0.9986
32.575,118.925,0.066082,0.9996
32.575,119.175,0.061371,0.9996
32.575,119.425,0.090864,0.9986
32.575,119.675,0.087988,0.9996
32.575,119.925,0.200367,0.9986
32.575,120.175,0.157714,0.9996
32.575,120.425,0.151557,0.9996
32.575,120.675,0.070061,0.9986
32.575,120.925,0.065244,0.9996
32.575,121.175,0.059891,0.9996
32.575,121.425,0.000312,0.9986
32.575,121.675,0.0,0.9996
32.575,121.925,0.0,0.9996
32.575,122.175,0.0,0.9986
32.575,122.425,0.0,0.9996
32.325,114.925,0.064747,0.9996
32.325,115.175,0.071138,1.0007
32.325,115.425,0.062399,1.0007
32.325,115.675,0.086117,0.9996
32.325,115.925,0.116599,1.0007
32.325,116.175,0.080736,1.0007
32.325,116.425,0.059347,0.9996
32.325,116.675,0.031151,1.0007
32.325,116.925,0.030109,1.0007
32.325,117.175,0.061417,0.9996
32.325,117.425,0.026453,1.0007
32.325,117.675,0.02811,1.0007
32.325,117.925,0.013147,0.9996
32.325,118.175,0.032799,1.0007
32.325,118.425,0.156359,1.0007
32.325,118.675,0.127295,0.9996
32.325,118.925,0.144462,1.0007
32.325,119.175,0.167076,1.0007
32.325,119.425,0.364894,0.9996
32.325,119.675,0.179937,1.0007
32.325,119.925,0.225762,0.9996
32.325,120.175,0.079215,1.0007
32.325,120.425,0.094602,1.0007
32.325,120.675,0.099376,0.9996
32.325,120.925,0.049375,1.0007
32.325,121.175,0.110813,1.0007
32.325,121.425,0.085904,0.9996
32.325,121.675,0.0,1.0007
32.325,121.925,0.0,1.0007
32.325,122.175,0.0,0.9996
32.325,122.425,0.0,1.0007
32.075,114.925,0.105559,0.9996
32.075,115.175,0.061139,1.0007
32.075,115.425,0.033787,1.0007
32.075,115.675,0.099685,0.9996
32.075,115.925,0.049013,1.0007
32.075,116.175,0.060402,1.0007
32.075,116.425,0.048031,0.9996
32.075,116.675,0.026976,1.0007
32.075,116.925,0.050227,1.0007
32.075,117.175,0.124461,0.9996
32.075,117.425,0.060349,1.0007
32.075,117.675,0.030204,1.0007
32.075,117.925,0.01846,0.9996
32.075,118.175,0.059453,1.0007
32.075,118.425,0.075873,1.0007
32.075,118.675,0.414081,0.9996
32.075,118.925,0.408732,1.0007
32.075,119.175,0.15196,1.0007
32.075,119.425,0.254173,0.9996
32.075,119.675,0.288606,1.0007
32.075,119.925,0.260458,0.9996
32.075,120.175,0.18793,1.0007
32.075,120.425,0.191956,1.0007
32.075,120.675,0.229046,0.9996
32.075,120.925,0.35461,1.0007
32.075,121.175,0.174806,1.0007
32.075,121.425,0.148393,0.9996
32.075,121.675,0.108678,1.0007
32.075,121.925,0.000671,1.0007
32.075,122.175,0.0,0.9996
32.075,122.425,0.0,1.0007
31.825,114.925,0.027506,0.9986
31.825,115.175,0.023185,0.9996
31.825,115.425,0.035357,0.9996
31.825,115.675,0.015425,0.9986
31.825,115.925,0.088483,0.9996
31.825,116.175,0.039735,0.9996
31.825,116.425,0.136677,0.9986
31.825,116.675,0.06999,0.9996
31.825,116.925,0.03607,0.9996
31.825,117.175,0.460374,0.9986
31.825,117.425,0.328014,0.9996
31.825,117.675,0.047704,0.9996
31.825,117.925,0.027462,0.9986
31.825,118.175,0.049842,0.9996
31.825,118.425,0.157799,0.9996
31.825,118.675,0.22035,0.9986
31.825,118.925,0.237404,0.9996
31.825,119.175,0.087517,0.9996
31.825,119.425,0.097275,0.9986
31.825,119.675,0.184672,0.9996
31.825,119.925,0.547978,0.9986
31.825,120.175,0.452793,0.9996
31.825,120.425,0.496292,0.9996
31.825,120.675,0.34083,0.9986
31.825,120.925,0.272879,0.9996
31.825,121.175,0.182703,0.9996
31.825,121.425,0.094343,0.9986
31.825,121.675,0.161976,0.9996
31.825,121.925,0.075824,0.9996
31.825,122.175,0.0,0.9986
31.825,122.425,0.0,0.9996
31.575,114.925,0.016582,0.9996
31.575,115.175,0.002985,1.0007
31.575,115.425,0.001634,1.0007
31.575,115.675,0.002834,0.9996
31.575,115.925,0.005789,1.0007
31.575,116.175,0.008634,1.0007
31.575,116.425,0.047451,0.9996
31.575,116.675,0.028601,1.0007
31.575,116.925,0.053699,1.0007
31.575,117.175,0.048988,0.9996
31.575,117.425,0.022628,1.0007
31.575,117.675,0.043214,1.0007
31.575,117.925,0.136611,0.9996
31.575,118.175,0.054829,1.0007
31.575,118.425,0.232041,1.0007
31.575,118.675,0.092244,0.9996
31.575,118.925,0.112935,1.0007
31.575,119.175,0.069814,1.0007
31.575,119.425,0.106901,0.9996
31.575,119.675,0.175533,1.0007
31.575,119.925,0.239673,0.9996
31.575,120.175,0.448119,1.0007
31.575,120.425,0.525818,1.0007
31.575,120.675,0.355758,0.9996
31.575,120.925,0.273844,1.0007
31.575,121.175,0.295315,1.0007
31.575,121.425,0.125862,0.9996
31.575,121.675,0.089845,1.0007
31.575,122.175,0.0,0.9996
31.575,122.425,0.0,1.0007
31.325,114.925,0.013773,0.9996
31.325,115.175,0.011209,1.0007
31.325,115.675,0.001011,0.9996
31.325,116.175,0.016536,1.0007
31.325,116.425,0.038194,0.9996
31.325,116.675,0.019991,1.0007
31.325,116.925,0.030663,1.0007
31.325,117.175,0.059893,0.9996
31.325,117.425,0.039308,1.0007
31.325,117.675,0.042115,1.0007
31.325,117.925,0.076765,0.9996
31.325,118.175,0.092966,1.0007
31.325,118.425,0.2628,1.0007
31.325,118.675,0.071135,0.9996
31.325,118.925,0.120753,1.0007
31.325,119.175,0.070311,1.0007
31.325,119.425,0.121574,0.9996
31.325,119.675,0.140425,1.0007
31.325,119.925,0.197886,0.9996
31.325,120.175,0.019777,1.0007
31.325,120.425,0.33407,1.0007
31.325,120.675,0.563074,0.9996
31.325,120.925,0.464653,1.0007
31.325,121.175,0.552025,1.0007
31.325,121.425,0.791318,0.9996
31.325,121.675,0.373376,1.0007
31.325,122.175,1.6e-05,0.9996
31.325,122.425,0.0,1.0007
31.075,114.925,0.08057,0.9986
31.075,115.175,0.012121,0.9996
31.075,115.425,0.009467,0.9996
31.075,116.925,0.06067,0.9996
31.075,117.175,0.021559,0.9986
31.075,117.425,0.024091,0.9996
31.075,117.675,0.053232,0.9996
31.075,117.925,0.1239,0.9986
31.075,118.175,0.076914,0.9996
31.075,118.425,0.040953,0.9996
31.075,118.675,0.096859,0.9986
31.075,118.925,0.024166,0.9996
31.075,119.175,0.044465,0.9996
31.075,119.425,0.030446,0.9986
31.075,119.675,0.052289,0.9996
31.075,119.925,0.137024,0.9986
31.075,120.175,0.015031,0.9996
31.075,120.675,0.275826,0.9986
31.075,120.925,0.18083,0.9996
31.075,121.175,0.418852,0.9996
31.075,121.425,0.676725,0.9986
31.075,121.675,0.468742,0.9996
31.075,121.925,0.071798,0.9996
31.075,122.175,0.0,0.9986
31.075,122.425,0.0,0.9996
30.825,114.925,0.040886,0.9996
30.825,115.175,0.010517,1.0007
30.825,115.425,0.0189,1.0007
30.825,115.675,0.016847,0.9996
30.825,116.425,0.015556,0.9996
30.825,116.675,0.02963,1.0007
30.825,116.925,0.055941,1.0007
30.825,117.175,0.028148,0.9996
30.825,117.425,0.044147,1.0007
30.825,117.675,0.094973,1.0007
30.825,117.925,0.076892,0.9996
30.825,118.175,0.015825,1.0007
30.825,118.425,0.046669,1.0007
30.825,118.675,0.049434,0.9996
30.825,118.925,0.040143,1.0007
30.825,119.175,0.00989,1.0007
30.825,119.425,0.062418,0.9996
30.825,119.675,0.059961,1.0007
30.825,119.925,0.089662,0.9996
30.825,120.175,0.223969,1.0007
30.825,120.425,0.218776,1.0007
30.825,120.675,0.295146,0.9996
30.825,120.925,0.256323,1.0007
30.825,121.175,0.142342,1.0007
30.825,121.425,0.250698,0.9996
30.825,121.675,0.114682,1.0007
30.825,122.175,0.0,0.9996
30.825,122.425,0.008574,1.0007
30.575,114.925,0.095584,0.9996
30.575,115.175,0.025551,1.0007
30.575,115.425,0.010914,1.0007
30.575,115.675,0.003634,0.9996
30.575,115.925,0.007944,1.0007
30.575,116.175,0.004967,1.0007
30.575,116.425,0.029227,0.9996
30.575,116.675,0.049624,1.0007
30.575,116.925,0.107899,1.0007
30.575,117.175,0.123652,0.9996
30.575,117.425,0.067685,1.0007
30.575,117.675,0.032248,1.0007
30.575,117.925,0.02977,0.9996
30.575,118.175,0.015531,1.0007
30.575,118.425,0.027761,1.0007
30.575,118.675,0.001491,0.9996
30.575,118.925,0.057638,1.0007
30.575,119.175,0.008505,1.0007
30.575,119.425,0.011993,0.9996
30.575,119.675,0.083188,1.0007
30.575,119.925,0.08236,0.9996
30.575,120.175,0.221127,1.0007
30.575,120.425,0.214242,1.0007
30.575,120.675,0.228015,0.9996
30.575,120.925,0.154065,1.0007
30.575,121.175,0.069608,1.0007
30.575,121.425,0.000639,0.9996
30.575,121.675,0.000154,1.0007
30.575,121.925,0.005609,1.0007
30.575,122.175,0.025529,0.9996
30.575,122.425,0.009698,1.0007
30.325,114.925,0.211913,0.9986
30.325,115.175,0.0801,0.9996
30.325,115.425,0.047223,0.9996
30.325,115.675,0.01773,0.9986
30.325,115.925,0.006159,0.9996
30.325,116.175,0.023504,0.9996
30.325,116.425,0.039322,0.9986
30.325,116.675,0.049201,0.9996
30.325,116.925,0.029297,0.9996
30.325,117.175,0.019254,0.9986
30.325,117.425,0.012379,0.9996
30.325,117.675,0.005207,0.9996
30.325,117.925,0.007602,0.9986
30.325,118.175,0.01669,0.9996
30.325,118.425,0.014965,0.9996
30.325,118.675,0.005977,0.9986
30.325,118.925,0.004155,0.9996
30.325,119.175,0.002539,0.9996
30.325,119.425,0.006574,0.9986
30.325,119.675,0.062991,0.9996
30.325,119.925,0.171422,0.9986
30.325,120.175,0.566228,0.9996
30.325,120.425,0.414582,0.9996
30.325,120.675,0.117397,0.9986
30.325,120.925,0.058714,0.9996
30.325,121.175,0.197612,0.9996
30.325,121.425,0.097287,0.9986
30.325,121.675,4.1e-05,0.9996
30.325,121.925,0.010743,0.9996
30.325,122.175,0.063501,0.9986
30.325,122.425,0.013921,0.9996
30.075,114.925,0.178539,0.9996
30.075,115.175,0.083567,1.0007
30.075,115.425,0.052148,1.0007
30.075,115.675,0.040818,0.9996
30.075,115.925,0.065805,1.0007
30.075,116.175,0.038284,1.0007
30.075,116.425,0.009149,0.9996
30.075,116.675,0.055746,1.0007
30.075,116.925,0.029265,1.0007
30.075,117.175,0.00572,0.9996
30.075,117.425,0.003259,1.0007
30.075,117.675,0.002468,1.0007
30.075,117.925,0.003085,0.9996
30.075,118.425,0.012329,1.0007
30.075,118.675,0.027971,0.9996
30.075,119.175,0.014301,1.0007
30.075,119.425,0.016166,0.9996
30.075,119.675,0.036481,1.0007
30.075,119.925,0.146057,0.9996
30.075,120.175,0.332122,1.0007
30.075,120.425,0.376045,1.0007
30.075,120.675,0.299671,0.9996
30.075,120.925,0.251141,1.0007
30.075,121.175,0.355194,1.0007
30.075,121.425,0.196019,0.9996
30.075,121.675,0.159911,1.0007
30.075,122.425,0.015776,1.0007
29.825,114.925,0.023044,0.9996
29.825,115.175,0.063793,1.0007
29.825,115.425,0.071524,1.0007
29.825,115.675,0.105586,0.9996
29.825,115.925,0.144878,1.0007
29.825,116.425,0.052001,0.9996
29.825,116.675,0.023371,1.0007
29.825,116.925,0.005661,1.0007
29.825,117.175,0.00334,0.9996
29.825,117.425,0.003565,1.0007
29.825,117.675,0.011133,1.0007
29.825,117.925,0.012597,0.9996
29.825,118.175,0.050994,1.0007
29.825,118.425,0.074578,1.0007
29.825,118.675,0.009407,0.9996
29.825,119.175,0.007653,1.0007
29.825,119.675,0.090031,1.0007
29.825,120.175,0.161025,1.0007
29.825,120.425,0.100244,1.0007
29.825,120.675,0.032916,0.9996
29.825,120.925,0.037126,1.0007
29.825,121.175,0.010707,1.0007
29.825,121.425,0.306428,0.9996
29.825,121.675,0.34117,1.0007
29.825,122.425,0.023993,1.0007
29.575,114.925,0.015929,0.9986
29.575,115.175,0.009306,0.9996
29.575,115.425,0.006124,0.9996
29.575,115.675,0.043531,0.9986
29.575,115.925,0.109637,0.9996
29.575,116.175,0.037723,0.9996
29.575,116.425,0.025634,0.9986
29.575,116.675,0.018303,0.9996
29.575,116.925,0.006349,0.9996
29.575,117.175,0.004289,0.9986
29.575,117.425,0.005695,0.9996
29.575,118.175,0.010723,0.9996
29.575,118.425,0.008921,0.9996
29.575,118.675,0.011003,0.9986
29.575,119.425,0.042117,0.9986
29.575,119.675,0.007204,0.9996
29.575,119.925,0.055787,0.9986
29.575,120.175,0.091677,0.9996
29.575,120.425,0.013316,0.9996
29.575,120.675,0.054138,0.9986
29.575,120.925,0.122848,0.9996
29.575,121.425,0.111563,0.9986
29.575,121.675,0.058772,0.9996
29.575,122.175,0.005891,0.9986
29.575,122.425,0.0,0.9996
29.325,114.925,0.003265,0.9996
29.325,115.175,0.039983,1.0007
29.325,115.425,0.008148,1.0007
29.325,115.675,0.059839,0.9996
29.325,115.925,0.057235,1.0007
29.325,116.175,0.051124,1.0007
29.325,116.425,0.040947,0.9996
29.325,116.675,0.03739,1.0007
29.325,116.925,0.020364,1.0007
29.325,117.175,0.140076,0.9996
29.325,117.425,0.014663,1.0007
29.325,117.675,0.008664,1.0007
29.325,117.925,0.02605,0.9996
29.325,118.425,0.02091,1.0007
29.325,118.675,0.007006,0.9996
29.325,119.175,0.038034,1.0007
29.325,119.425,0.083902,0.9996
29.325,119.675,0.023626,1.0007
29.325,119.925,0.177875,0.9996
29.325,120.175,0.233202,1.0007
29.325,120.425,0.060819,1.0007
29.325,120.675,0.010362,0.9996
29.325,120.925,0.009057,1.0007
29.325,121.425,0.102365,0.9996
29.325,121.675,0.045472,1.0007
29.325,122.175,0.000663,0.9996
29.325,122.425,0.0,1.0007
29.075,114.925,0.001714,0.9996
29.075,115.425,0.003172,1.0007
29.075,115.675,0.031771,0.9996
29.075,115.925,0.038127,1.0007
29.075,116.175,0.003813,1.0007
29.075,116.675,0.065813,1.0007
29.075,116.925,0.048944,1.0007
29.075,117.175,0.068283,0.9996
29.075,117.425,0.024446,1.0007
29.075,117.675,0.039276,1.0007
29.075,117.925,0.011255,0.9996
29.075,118.175,0.008745,1.0007
29.075,118.425,0.042294,1.0007
29.075,118.675,0.020754,0.9996
29.075,118.925,0.123594,1.0007
29.075,119.175,0.128937,1.0007
29.075,119.425,0.110902,0.9996
29.075,119.675,0.200948,1.0007
29.075,119.925,0.072864,0.9996
29.075,120.175,0.129676,1.0007
29.075,120.425,0.047592,1.0007
29.075,120.675,0.006721,0.9996
29.075,120.925,0.054739,1.0007
29.075,121.425,0.060165,0.9996
29.075,121.675,0.045872,1.0007
29.075,122.175,0.00046,0.9996
29.075,122.425,0.0,1.0007
28.825,115.175,0.002816,0.9996
28.825,115.425,0.042692,0.9996
28.825,115.675,0.052488,0.9986
28.825,115.925,0.174131,0.9996
28.825,116.175,0.02183,0.9996
28.825,116.425,0.018259,0.9986
28.825,116.675,0.048372,0.9996
28.825,116.925,0.052318,0.9996
28.825,117.175,0.051657,0.9986
28.825,117.425,0.026539,0.9996
28.825,117.675,0.019599,0.9996
28.825,118.175,0.012489,0.9996
28.825,118.425,0.060727,0.9996
28.825,118.675,0.090917,0.9986
28.825,118.925,0.122465,0.9996
28.825,119.175,0.012199,0.9996
28.825,119.675,0.023633,0.9996
28.825,119.925,0.12759,0.9986
28.825,120.175,0.093485,0.9996
28.825,120.425,0.016628,0.9996
28.825,120.675,0.049826,0.9986
28.825,120.925,0.034943,0.9996
28.825,121.175,0.099452,0.9996
28.825,121.425,0.077937,0.9986
28.825,121.675,0.093618,0.9996
28.825,121.925,0.00119,0.9996
28.825,122.175,0.000769,0.9986
28.825,122.425,0.0,0.9996
28.575,114.925,0.004961,0.9996
28.575,115.175,0.008668,1.0007
28.575,115.425,0.050281,1.0007
28.575,115.675,0.095347,0.9996
28.575,115.925,0.384467,1.0007
28.575,116.175,0.040496,1.0007
28.575,116.425,0.016329,0.9996
28.575,116.675,0.044848,1.0007
28.575,116.925,0.028379,1.0007
28.575,117.175,0.022891,0.9996
28.575,117.425,0.02007,1.0007
28.575,117.675,0.012031,1.0007
28.575,117.925,0.084949,0.9996
28.575,118.175,0.073887,1.0007
28.575,118.425,0.055336,1.0007
28.575,118.675,0.026057,0.9996
28.575,119.425,0.043362,0.9996
28.575,119.675,0.005226,1.0007
28.575,119.925,0.0314,0.9996
28.575,120.175,0.014272,1.0007
28.575,121.175,0.126318,1.0007
28.575,121.425,0.361697,0.9996
28.575,121.925,0.001336,1.0007
28.575,122.175,0.0,0.9996
28.575,122.425,0.0,1.0007
28.325,114.925,0.079355,0.9996
28.325,115.175,0.043911,1.0007
28.325,115.425,0.087876,1.0007
28.325,115.675,0.084129,0.9996
28.325,115.925,0.071707,1.0007
28.325,116.175,0.084418,1.0007
28.325,116.425,0.015274,0.9996
28.325,116.675,0.055491,1.0007
28.325,116.925,0.11035,1.0007
28.325,117.175,0.117826,0.9996
28.325,117.425,0.051095,1.0007
28.325,117.675,0.076006,1.0007
28.325,117.925,0.100472,0.9996
28.325,118.175,0.072511,1.0007
28.325,118.425,0.013625,1.0007
28.325,119.425,0.010731,0.9996
28.325,119.675,0.018183,1.0007
28.325,119.925,0.057993,0.9996
28.325,121.425,0.146578,0.9996
28.325,121.925,0.000733,1.0007
28.325,122.175,0.0,0.9996
28.325,122.425,0.0,1.0007
28.075,114.925,0.029662,0.9986
28.075,115.175,0.032602,0.9996
28.075,115.425,0.090567,0.9996
28.075,115.675,0.097012,0.9986
28.075,115.925,0.040753,0.9996
28.075,116.175,0.043149,0.9996
28.075,116.425,0.10307,0.9986
28.075,116.675,0.023873,0.9996
28.075,116.925,0.025916,0.9996
28.075,117.175,0.012957,0.9986
28.075,117.425,0.004943,0.9996
28.075,117.675,0.011239,0.9996
28.075,117.925,0.00756,0.9986
28.075,118.425,0.006755,0.9996
28.075,120.675,0.261,0.9986
28.075,121.425,0.015652,0.9986
28.075,121.675,0.0,0.9996
28.075,121.925,0.0,0.9996
28.075,122.175,0.0,0.9986
28.075,122.425,0.0,0.9996
27.825,114.925,0.164164,0.9996
27.825,115.175,0.028306,1.0007
27.825,115.425,0.059071,1.0007
27.825,115.675,0.014036,0.9996
27.825,115.925,0.013867,1.0007
27.825,116.175,0.056323,1.0007
27.825,116.425,0.061964,0.9996
27.825,116.675,0.038908,1.0007
27.825,116.925,0.00448,1.0007
27.825,117.175,0.008628,0.9996
27.825,117.925,0.021016,0.9996
27.825,118.425,0.017905,1.0007
27.825,118.675,0.005039,0.9996
27.825,119.925,0.004355,0.9996
27.825,120.425,0.051021,1.0007
27.825,120.675,0.269494,0.9996
27.825,121.175,0.028372,1.0007
27.825,121.425,0.0,0.9996
27.825,121.675,0.0,1.0007
27.825,121.925,0.0,1.0007
27.825,122.175,0.0,0.9996
27.825,122.425,0.0,1.0007
27.575,114.925,0.023086,0.9996
27.575,115.175,0.020086,1.0007
27.575,115.425,0.021612,1.0007
27.575,115.675,0.012399,0.9996
27.575,115.925,0.007927,1.0007
27.575,116.175,0.019007,1.0007
27.575,116.425,0.003162,0.9996
27.575,116.675,0.042079,1.0007
27.575,116.925,0.00141,1.0007
27.575,117.175,0.0034,0.9996
27.575,117.425,0.017602,1.0007
27.575,117.925,0.020882,0.9996
27.575,118.175,0.007874,1.0007
27.575,118.675,0.012218,0.9996
27.575,120.425,0.175231,1.0007
27.575,120.675,0.111578,0.9996
27.575,120.925,0.001328,1.0007
27.575,121.175,0.002493,1.0007
27.575,121.425,0.0,0.9996
27.575,121.675,0.0,1.0007
27.575,121.925,0.0,1.0007
27.575,122.175,0.0,0.9996
27.575,122.425,0.0,1.0007
27.325,114.925,0.039902,0.9986
27.325,115.175,0.049875,0.9996
27.325,115.425,0.037255,0.9996
27.325,115.675,0.009805,0.9986
27.325,115.925,0.014662,0.9996
27.325,116.175,0.002538,0.9996
27.325,116.425,0.020969,0.9986
27.325,116.675,0.011563,0.9996
27.325,116.925,0.021025,0.9996
27.325,117.175,0.002149,0.9986
27.325,117.425,0.032045,0.9996
27.325,117.675,0.009573,0.9996
27.325,117.925,0.00557,0.9986
27.325,118.175,0.039176,0.9996
27.325,118.425,0.004265,0.9996
27.325,118.925,0.008081,0.9996
27.325,119.175,0.000555,0.9996
27.325,120.175,0.039898,0.9996
27.325,120.425,0.024703,0.9996
27.325,120.675,0.012162,0.9986
27.325,120.925,1.3e-05,0.9996
27.325,121.175,0.000653,0.9996
27.325,121.425,0.0,0.9986
27.325,121.675,0.0,0.9996
27.325,121.925,0.0,0.9996
27.325,122.175,0.0,0.9986
27.325,122.425,0.0,0.9996
27.075,114.925,0.157815,0.9996
27.075,115.175,0.030874,1.0007
27.075,115.425,0.007723,1.0007
27.075,115.675,0.023079,0.9996
27.075,115.925,0.001966,1.0007
27.075,116.175,0.001487,1.0007
27.075,116.425,0.006486,0.9996
27.075,116.675,0.004173,1.0007
27.075,116.925,0.003077,1.0007
27.075,117.175,0.003133,0.9996
27.075,117.425,0.001412,1.0007
27.075,117.675,0.008251,1.0007
27.075,117.925,0.003306,0.9996
27.075,118.175,0.013785,1.0007
27.075,118.425,0.024659,1.0007
27.075,118.675,0.005608,0.9996
27.075,118.925,0.001064,1.0007
27.075,119.175,0.00157,1.0007
27.075,120.425,0.013274,1.0007
27.075,120.675,0.000924,0.9996
27.075,120.925,3.5e-05,1.0007
27.075,121.175,0.0,1.0007
27.075,121.425,0.0,0.9996
27.075,121.675,0.0,1.0007
27.075,121.925,0.0,1.0007
27.075,122.175,0.0,0.9996
27.075,122.425,0.0,1.0007
