centre_lat,centre_lon,sounding_count,ch4_bias_corrected_ppb,ch4_raw_ppb
35.0750,114.9250,104,1900.54,1893.56
35.0750,115.1750,330,1895.63,1891.68
35.0750,115.4250,340,1894.50,1889.72
35.0750,115.6750,375,1894.55,1889.07
35.0750,115.9250,384,1893.53,1888.17
35.0750,116.1750,398,1891.98,1886.56
35.0750,116.4250,352,1892.81,1884.42
35.0750,116.6750,116,1891.25,1877.20
35.0750,116.9250,164,1891.81,1883.51
35.0750,117.1750,293,1889.44,1884.10
35.0750,117.4250,336,1886.36,1880.24
35.0750,117.6750,298,1884.73,1877.33
35.0750,117.9250,277,1887.05,1881.31
35.0750,118.1750,310,1888.68,1885.26
35.0750,118.4250,154,1887.74,1881.94
35.0750,118.6750,379,1885.80,1881.61
35.0750,118.9250,304,1886.35,1881.73
35.0750,119.1750,133,1887.93,1883.38
35.0750,119.4250,3,1872.93,1865.74
35.0750,119.6750,38,1876.20,1869.00
35.0750,119.9250,53,1876.71,1864.17
35.0750,120.1750,46,1871.17,1864.00
35.0750,120.4250,46,1877.80,1870.60
35.0750,120.6750,56,1881.85,1874.63
35.0750,120.9250,40,1877.27,1870.07
35.0750,121.1750,41,1871.28,1864.11
35.0750,121.4250,48,1868.30,1861.14
35.0750,121.6750,58,1861.68,1854.54
35.0750,121.9250,64,1856.19,1849.07
35.0750,122.1750,57,1856.54,1849.42
35.0750,122.4250,44,1860.64,1853.50
34.8250,114.9250,268,1895.42,1891.32
34.8250,115.1750,325,1895.45,1890.75
34.8250,115.4250,280,1895.91,1890.35
34.8250,115.6750,370,1896.11,1890.90
34.8250,115.9250,362,1894.64,1889.47
34.8250,116.1750,368,1895.64,1890.60
34.8250,116.4250,410,1893.85,1887.33
34.8250,116.6750,354,1892.13,1884.59
34.8250,116.9250,169,1890.68,1879.04
34.8250,117.1750,205,1891.97,1884.01
34.8250,117.4250,332,1888.79,1882.43
34.8250,117.6750,323,1894.12,1887.51
34.8250,117.9250,342,1887.27,1881.29
34.8250,118.1750,372,1889.80,1883.77
34.8250,118.4250,287,1890.07,1883.63
34.8250,118.6750,235,1887.81,1883.12
34.8250,118.9250,161,1888.07,1880.72
34.8250,119.1750,39,1893.18,1884.57
34.8250,119.4250,2,1872.86,1865.68
34.8250,119.6750,29,1873.38,1866.20
34.8250,119.9250,44,1870.60,1863.43
34.8250,120.1750,51,1873.97,1866.79
34.8250,120.4250,46,1869.19,1862.02
34.8250,120.6750,53,1879.70,1872.49
34.8250,120.9250,45,1867.94,1860.78
34.8250,121.1750,37,1866.63,1859.47
34.8250,121.4250,40,1862.42,1855.28
34.8250,121.6750,53,1856.35,1849.23
34.8250,121.9250,49,1853.09,1845.98
34.8250,122.1750,57,1852.73,1845.63
34.8250,122.4250,52,1858.84,1851.71
34.5750,114.9250,332,1896.37,1892.02
34.5750,115.1750,246,1896.49,1891.59
34.5750,115.4250,211,1898.46,1892.11
34.5750,115.6750,296,1895.41,1889.93
34.5750,115.9250,254,1898.28,1892.15
34.5750,116.1750,365,1894.27,1888.07
34.5750,116.4250,381,1891.31,1884.05
34.5750,116.6750,347,1889.59,1882.56
34.5750,116.9250,340,1892.63,1885.26
34.5750,117.1750,81,1892.72,1879.45
34.5750,117.4250,187,1891.95,1885.17
34.5750,117.6750,381,1890.60,1883.41
34.5750,117.9250,402,1889.48,1882.78
34.5750,118.1750,367,1884.47,1876.31
34.5750,118.4250,310,1889.70,1883.25
34.5750,118.6750,231,1889.87,1882.48
34.5750,118.9250,297,1884.86,1874.15
34.5750,119.1750,224,1887.93,1878.54
34.5750,119.4250,55,1886.64,1873.79
34.5750,119.6750,2,1871.15,1863.97
34.5750,119.9250,14,1874.87,1867.68
34.5750,120.1750,18,1877.48,1870.28
34.5750,120.4250,32,1871.56,1864.38
34.5750,120.6750,32,1863.88,1856.73
34.5750,120.9250,30,1861.72,1854.58
34.5750,121.1750,16,1860.65,1853.51
34.5750,121.4250,24,1860.78,1853.64
34.5750,121.6750,42,1851.86,1844.76
34.5750,121.9250,49,1851.89,1844.79
34.5750,122.1750,56,1853.69,1846.58
34.5750,122.4250,49,1857.29,1850.17
34.3250,114.9250,304,1899.06,1893.15
34.3250,115.1750,308,1897.88,1892.14
34.3250,115.4250,343,1897.72,1892.52
34.3250,115.6750,295,1899.73,1895.31
34.3250,115.9250,351,1895.99,1890.48
34.3250,116.1750,349,1897.25,1891.07
34.3250,116.4250,382,1893.89,1886.65
34.3250,116.6750,400,1892.29,1884.77
34.3250,116.9250,366,1895.14,1887.65
34.3250,117.1750,151,1892.11,1884.09
34.3250,117.4250,249,1891.01,1884.08
34.3250,117.6750,372,1889.74,1883.76
34.3250,117.9250,271,1890.03,1882.63
34.3250,118.1750,241,1890.36,1882.08
34.3250,118.4250,283,1892.21,1886.18
34.3250,118.6750,241,1890.11,1882.49
34.3250,118.9250,326,1884.83,1874.13
34.3250,119.1750,293,1887.33,1877.87
34.3250,119.4250,253,1887.45,1876.82
34.3250,119.6750,126,1892.12,1883.28
34.3250,119.9250,71,1889.34,1877.91
34.3250,120.1750,12,1894.70,1883.07
34.3250,120.4250,10,1875.92,1859.23
34.3250,120.6750,23,1860.22,1853.08
34.3250,120.9250,14,1862.23,1855.09
34.3250,121.1750,16,1859.64,1852.51
34.3250,121.4250,20,1860.45,1853.31
34.3250,121.6750,31,1852.86,1845.75
34.3250,121.9250,47,1853.00,1845.89
34.3250,122.1750,61,1854.73,1847.61
34.3250,122.4250,65,1857.35,1850.23
34.0750,114.9250,324,1894.55,1886.91
34.0750,115.1750,328,1894.68,1887.57
34.0750,115.4250,346,1896.33,1889.44
34.0750,115.6750,368,1896.87,1890.75
34.0750,115.9250,348,1894.77,1889.30
34.0750,116.1750,348,1895.10,1888.73
34.0750,116.4250,321,1899.72,1892.98
34.0750,116.6750,325,1896.27,1888.78
34.0750,116.9250,294,1896.05,1888.75
34.0750,117.1750,294,1893.46,1886.77
34.0750,117.4250,249,1895.46,1887.13
34.0750,117.6750,301,1893.25,1885.85
34.0750,117.9250,246,1892.21,1881.47
34.0750,118.1750,33,1891.28,1880.38
34.0750,118.4250,230,1889.51,1880.76
34.0750,118.6750,299,1891.09,1882.23
34.0750,118.9250,300,1887.74,1878.57
34.0750,119.1750,260,1885.96,1876.21
34.0750,119.4250,254,1886.84,1876.77
34.0750,119.6750,264,1889.32,1880.69
34.0750,119.9250,253,1889.06,1880.08
34.0750,120.1750,194,1888.83,1877.25
34.0750,120.4250,14,1872.28,1846.74
34.0750,120.6750,4,1882.10,1874.89
34.0750,120.9250,14,1867.56,1860.40
34.0750,121.1750,21,1859.09,1851.96
34.0750,121.4250,22,1858.85,1851.73
34.0750,121.6750,27,1854.82,1847.70
34.0750,121.9250,54,1860.41,1853.27
34.0750,122.1750,49,1856.58,1849.46
34.0750,122.4250,73,1862.81,1855.66
33.8250,114.9250,242,1892.79,1885.19
33.8250,115.1750,357,1893.20,1885.44
33.8250,115.4250,348,1893.23,1885.45
33.8250,115.6750,310,1892.38,1886.07
33.8250,115.9250,319,1893.28,1886.53
33.8250,116.1750,331,1895.48,1887.71
33.8250,116.4250,276,1896.58,1888.93
33.8250,116.6750,243,1895.99,1888.39
33.8250,116.9250,292,1895.09,1888.50
33.8250,117.1750,380,1894.26,1886.09
33.8250,117.4250,356,1893.61,1885.15
33.8250,117.6750,369,1893.31,1886.13
33.8250,117.9250,377,1891.81,1884.45
33.8250,118.1750,260,1891.34,1883.86
33.8250,118.4250,274,1889.96,1882.04
33.8250,118.6750,276,1890.46,1882.36
33.8250,118.9250,314,1888.02,1879.04
33.8250,119.1750,273,1888.14,1879.77
33.8250,119.4250,266,1887.41,1877.53
33.8250,119.6750,256,1889.53,1879.48
33.8250,119.9250,238,1889.42,1878.76
33.8250,120.1750,188,1893.90,1883.42
33.8250,120.4250,34,1902.15,1887.68
33.8250,120.6750,1,1864.98,1857.82
33.8250,120.9250,5,1863.04,1855.89
33.8250,121.1750,23,1858.54,1851.42
33.8250,121.4250,23,1860.97,1853.83
33.8250,121.6750,32,1862.93,1855.78
33.8250,121.9250,64,1857.02,1849.89
33.8250,122.1750,58,1859.93,1852.79
33.8250,122.4250,63,1867.59,1860.43
33.5750,114.9250,282,1894.18,1887.71
33.5750,115.1750,319,1894.07,1887.27
33.5750,115.4250,348,1892.79,1885.25
33.5750,115.6750,335,1892.58,1885.61
33.5750,115.9250,341,1895.19,1888.20
33.5750,116.1750,295,1893.69,1886.41
33.5750,116.4250,313,1897.47,1890.65
33.5750,116.6750,304,1899.10,1891.52
33.5750,116.9250,334,1897.72,1891.40
33.5750,117.1750,237,1900.72,1891.25
33.5750,117.4250,394,1894.96,1886.78
33.5750,117.6750,385,1893.52,1886.10
33.5750,117.9250,358,1894.86,1887.93
33.5750,118.1750,317,1891.55,1883.72
33.5750,118.4250,108,1890.57,1879.08
33.5750,118.6750,62,1891.25,1883.13
33.5750,118.9250,170,1890.55,1881.85
33.5750,119.1750,218,1892.20,1883.57
33.5750,119.4250,234,1889.24,1877.81
33.5750,119.6750,217,1892.00,1880.16
33.5750,119.9250,207,1893.24,1882.23
33.5750,120.1750,169,1895.88,1886.48
33.5750,120.4250,74,1897.48,1887.10
33.5750,120.6750,8,1895.53,1877.01
33.5750,120.9250,1,1880.06,1872.85
33.5750,121.1750,11,1850.52,1843.43
33.5750,121.4250,18,1857.69,1850.57
33.5750,121.6750,32,1855.30,1848.19
33.5750,121.9250,56,1855.51,1848.40
33.5750,122.1750,49,1862.64,1855.49
33.5750,122.4250,36,1866.98,1859.82
33.3250,114.9250,306,1892.14,1885.72
33.3250,115.1750,317,1893.72,1887.10
33.3250,115.4250,325,1892.82,1886.44
33.3250,115.6750,339,1891.76,1885.14
33.3250,115.9250,347,1893.90,1888.04
33.3250,116.1750,336,1894.65,1889.17
33.3250,116.4250,372,1896.78,1891.14
33.3250,116.6750,341,1900.04,1893.84
33.3250,116.9250,365,1899.21,1893.54
33.3250,117.1750,357,1899.01,1893.39
33.3250,117.4250,338,1897.81,1891.80
33.3250,117.6750,274,1895.01,1887.43
33.3250,117.9250,150,1896.43,1887.87
33.3250,118.1750,135,1892.63,1882.94
33.3250,118.4250,42,1888.89,1875.88
33.3250,118.6750,0,,
33.3250,118.9250,53,1901.58,1886.76
33.3250,119.1750,78,1893.09,1880.19
33.3250,119.4250,167,1891.14,1877.29
33.3250,119.6750,183,1890.89,1873.51
33.3250,119.9250,182,1893.31,1880.62
33.3250,120.1750,154,1890.34,1881.97
33.3250,120.4250,166,1892.85,1883.37
33.3250,120.6750,21,1905.14,1891.72
33.3250,120.9250,0,,
33.3250,121.1750,0,,
33.3250,121.4250,9,1856.04,1848.92
33.3250,121.6750,28,1858.42,1851.29
33.3250,121.9250,43,1854.59,1847.47
33.3250,122.1750,64,1861.10,1853.96
33.3250,122.4250,43,1860.10,1852.96
33.0750,114.9250,337,1894.81,1888.74
33.0750,115.1750,324,1894.37,1888.53
33.0750,115.4250,352,1893.93,1887.63
33.0750,115.6750,330,1894.66,1888.71
33.0750,115.9250,329,1895.60,1890.52
33.0750,116.1750,320,1896.94,1891.83
33.0750,116.4250,348,1897.06,1891.08
33.0750,116.6750,374,1901.15,1894.57
33.0750,116.9250,198,1895.02,1884.68
33.0750,117.1750,205,1897.62,1889.89
33.0750,117.4250,236,1897.98,1889.50
33.0750,117.6750,139,1901.54,1888.93
33.0750,117.9250,61,1904.62,1893.98
33.0750,118.1750,67,1896.38,1884.75
33.0750,118.4250,57,1891.62,1876.77
33.0750,118.6750,49,1886.21,1876.37
33.0750,118.9250,90,1893.26,1880.00
33.0750,119.1750,64,1891.44,1870.47
33.0750,119.4250,116,1890.12,1875.77
33.0750,119.6750,152,1889.47,1872.51
33.0750,119.9250,139,1892.77,1876.68
33.0750,120.1750,209,1891.72,1877.45
33.0750,120.4250,190,1889.97,1880.01
33.0750,120.6750,99,1890.58,1879.92
33.0750,120.9250,5,1913.12,1886.23
33.0750,121.1750,0,,
33.0750,121.4250,7,1856.39,1849.27
33.0750,121.6750,28,1860.20,1853.07
33.0750,121.9250,42,1858.82,1851.69
33.0750,122.1750,47,1859.17,1852.04
33.0750,122.4250,45,1867.35,1860.18
32.8250,114.9250,285,1893.74,1887.11
32.8250,115.1750,332,1894.06,1886.98
32.8250,115.4250,347,1893.66,1888.20
32.8250,115.6750,321,1895.23,1890.02
32.8250,115.9250,345,1895.54,1889.89
32.8250,116.1750,224,1896.31,1889.33
32.8250,116.4250,177,1902.07,1891.20
32.8250,116.6750,167,1903.05,1889.70
32.8250,116.9250,188,1901.50,1886.89
32.8250,117.1750,145,1901.16,1890.86
32.8250,117.4250,243,1894.26,1886.25
32.8250,117.6750,223,1894.54,1885.50
32.8250,117.9250,142,1893.58,1884.49
32.8250,118.1750,127,1892.03,1882.70
32.8250,118.4250,200,1889.38,1877.47
32.8250,118.6750,189,1887.71,1875.93
32.8250,118.9250,202,1889.27,1877.90
32.8250,119.1750,7,1891.73,1881.93
32.8250,119.4250,31,1887.73,1872.91
32.8250,119.6750,244,1889.23,1875.93
32.8250,119.9250,222,1891.35,1878.96
32.8250,120.1750,198,1892.45,1881.43
32.8250,120.4250,181,1890.49,1881.43
32.8250,120.6750,157,1888.56,1878.11
32.8250,120.9250,19,1897.28,1883.49
32.8250,121.1750,0,,
32.8250,121.4250,2,1860.04,1852.90
32.8250,121.6750,26,1856.06,1848.94
32.8250,121.9250,40,1855.18,1848.06
32.8250,122.1750,49,1857.49,1850.37
32.8250,122.4250,40,1863.06,1855.92
32.5750,114.9250,298,1896.29,1889.47
32.5750,115.1750,345,1892.65,1885.91
32.5750,115.4250,342,1894.73,1888.23
32.5750,115.6750,315,1895.62,1888.43
32.5750,115.9250,226,1898.11,1889.31
32.5750,116.1750,161,1902.36,1892.78
32.5750,116.4250,135,1906.13,1895.72
32.5750,116.6750,105,1907.11,1896.01
32.5750,116.9250,85,1907.46,1898.34
32.5750,117.1750,171,1903.97,1893.94
32.5750,117.4250,227,1895.21,1885.92
32.5750,117.6750,213,1892.40,1882.32
32.5750,117.9250,245,1891.12,1882.55
32.5750,118.1750,283,1888.01,1876.97
32.5750,118.4250,297,1889.33,1878.84
32.5750,118.6750,244,1886.90,1876.01
32.5750,118.9250,219,1890.95,1879.54
32.5750,119.1750,218,1890.55,1880.83
32.5750,119.4250,64,1889.05,1880.15
32.5750,119.6750,247,1889.71,1878.64
32.5750,119.9250,248,1891.48,1880.50
32.5750,120.1750,203,1894.50,1883.53
32.5750,120.4250,147,1894.20,1885.26
32.5750,120.6750,146,1890.34,1880.53
32.5750,120.9250,40,1892.79,1883.17
32.5750,121.1750,2,1915.91,1892.05
32.5750,121.4250,3,1854.01,1846.90
32.5750,121.6750,27,1856.21,1849.10
32.5750,121.9250,39,1858.17,1851.04
32.5750,122.1750,47,1854.41,1847.30
32.5750,122.4250,26,1856.58,1849.46
32.3250,114.9250,305,1896.96,1889.99
32.3250,115.1750,284,1893.59,1884.60
32.3250,115.4250,298,1895.44,1886.36
32.3250,115.6750,296,1895.16,1887.12
32.3250,115.9250,236,1896.63,1887.32
32.3250,116.1750,54,1898.59,1886.89
32.3250,116.4250,40,1901.23,1891.97
32.3250,116.6750,86,1900.23,1889.34
32.3250,116.9250,15,1927.21,1911.68
32.3250,117.1750,221,1900.04,1890.28
32.3250,117.4250,264,1898.82,1888.15
32.3250,117.6750,230,1891.91,1881.37
32.3250,117.9250,268,1890.03,1878.90
32.3250,118.1750,243,1890.19,1879.31
32.3250,118.4250,187,1893.55,1884.47
32.3250,118.6750,259,1895.30,1885.23
32.3250,118.9250,227,1894.02,1883.10
32.3250,119.1750,153,1891.89,1881.71
32.3250,119.4250,133,1889.61,1880.85
32.3250,119.6750,84,1893.26,1883.64
32.3250,119.9250,165,1891.64,1883.15
32.3250,120.1750,233,1892.26,1882.93
32.3250,120.4250,174,1893.77,1884.56
32.3250,120.6750,148,1893.11,1882.70
32.3250,120.9250,131,1894.70,1884.49
32.3250,121.1750,87,1894.80,1886.70
32.3250,121.4250,4,1898.69,1888.66
32.3250,121.6750,11,1856.33,1849.21
32.3250,121.9250,34,1856.21,1849.09
32.3250,122.1750,43,1859.99,1852.86
32.3250,122.4250,26,1852.73,1845.63
32.0750,114.9250,257,1895.01,1886.08
32.0750,115.1750,303,1895.11,1884.97
32.0750,115.4250,322,1893.84,1884.49
32.0750,115.6750,296,1893.15,1884.66
32.0750,115.9250,295,1893.19,1883.61
32.0750,116.1750,258,1892.53,1882.06
32.0750,116.4250,227,1894.08,1884.79
32.0750,116.6750,282,1897.85,1888.67
32.0750,116.9250,306,1898.02,1889.33
32.0750,117.1750,290,1896.59,1887.18
32.0750,117.4250,278,1896.43,1886.29
32.0750,117.6750,318,1896.57,1885.62
32.0750,117.9250,260,1893.77,1881.29
32.0750,118.1750,250,1896.24,1884.87
32.0750,118.4250,241,1895.28,1883.63
32.0750,118.6750,133,1895.94,1885.26
32.0750,118.9250,185,1896.10,1885.93
32.0750,119.1750,218,1897.55,1886.76
32.0750,119.4250,231,1893.04,1883.13
32.0750,119.6750,181,1892.99,1883.42
32.0750,119.9250,77,1890.32,1880.95
32.0750,120.1750,146,1895.22,1884.96
32.0750,120.4250,60,1894.73,1885.59
32.0750,120.6750,37,1894.63,1886.04
32.0750,120.9250,67,1893.01,1885.25
32.0750,121.1750,114,1889.42,1881.35
32.0750,121.4250,65,1885.51,1877.37
32.0750,121.6750,7,1891.27,1884.26
32.0750,121.9250,20,1855.70,1848.58
32.0750,122.1750,34,1851.78,1844.68
32.0750,122.4250,23,1846.53,1839.45
31.8250,114.9250,250,1893.50,1882.82
31.8250,115.1750,282,1890.73,1879.56
31.8250,115.4250,232,1890.66,1879.03
31.8250,115.6750,134,1888.99,1878.35
31.8250,115.9250,226,1891.35,1882.81
31.8250,116.1750,312,1889.90,1879.65
31.8250,116.4250,261,1894.70,1886.22
31.8250,116.6750,273,1896.67,1888.67
31.8250,116.9250,307,1895.09,1885.75
31.8250,117.1750,162,1900.48,1891.23
31.8250,117.4250,132,1899.13,1891.14
31.8250,117.6750,230,1895.91,1886.33
31.8250,117.9250,194,1895.37,1883.48
31.8250,118.1750,224,1894.89,1883.67
31.8250,118.4250,132,1898.04,1888.14
31.8250,118.6750,167,1896.93,1885.99
31.8250,118.9250,173,1893.26,1884.21
31.8250,119.1750,228,1895.80,1884.76
31.8250,119.4250,282,1892.89,1879.71
31.8250,119.6750,186,1894.40,1883.82
31.8250,119.9250,66,1895.17,1887.36
31.8250,120.1750,122,1894.90,1886.25
31.8250,120.4250,121,1893.17,1884.80
31.8250,120.6750,97,1892.81,1884.09
31.8250,120.9250,10,1889.23,1879.78
31.8250,121.1750,16,1889.58,1882.71
31.8250,121.4250,19,1886.74,1877.06
31.8250,121.6750,39,1886.23,1879.27
31.8250,121.9250,6,1859.55,1849.07
31.8250,122.1750,20,1855.05,1847.94
31.8250,122.4250,19,1840.50,1833.45
31.5750,114.9250,87,1888.80,1873.07
31.5750,115.1750,33,1882.10,1867.77
31.5750,115.4250,21,1875.38,1860.35
31.5750,115.6750,54,1876.73,1859.70
31.5750,115.9250,42,1876.32,1857.86
31.5750,116.1750,156,1888.47,1874.93
31.5750,116.4250,267,1891.02,1880.33
31.5750,116.6750,314,1893.96,1883.68
31.5750,116.9250,305,1893.83,1883.74
31.5750,117.1750,142,1896.68,1883.74
31.5750,117.4250,18,1888.37,1870.15
31.5750,117.6750,5,1897.23,1880.09
31.5750,117.9250,126,1893.78,1881.88
31.5750,118.1750,223,1894.61,1884.31
31.5750,118.4250,115,1895.37,1885.02
31.5750,118.6750,202,1893.53,1879.18
31.5750,118.9250,78,1890.87,1880.34
31.5750,119.1750,241,1895.76,1883.51
31.5750,119.4250,134,1896.71,1884.46
31.5750,119.6750,42,1893.37,1880.41
31.5750,119.9250,32,1907.09,1898.93
31.5750,120.1750,50,1895.86,1888.34
31.5750,120.4250,66,1891.40,1883.83
31.5750,120.6750,18,1890.14,1879.81
31.5750,120.9250,71,1888.81,1879.55
31.5750,121.1750,58,1896.15,1887.69
31.5750,121.4250,9,1894.79,1879.59
31.5750,121.6750,1,1865.55,1843.65
31.5750,121.9250,0,,
31.5750,122.1750,1,1856.65,1849.53
31.5750,122.4250,10,1844.63,1837.56
31.3250,114.9250,228,1885.17,1874.66
31.3250,115.1750,74,1887.70,1877.43
31.3250,115.4250,0,,
31.3250,115.6750,1,1914.85,1888.93
31.3250,115.9250,0,,
31.3250,116.1750,27,1888.32,1874.68
31.3250,116.4250,82,1887.00,1873.43
31.3250,116.6750,164,1889.43,1875.75
31.3250,116.9250,203,1890.82,1879.08
31.3250,117.1750,233,1891.29,1880.47
31.3250,117.4250,209,1891.17,1879.15
31.3250,117.6750,220,1894.14,1882.98
31.3250,117.9250,201,1895.39,1883.38
31.3250,118.1750,128,1895.80,1883.46
31.3250,118.4250,159,1897.35,1886.42
31.3250,118.6750,247,1893.40,1874.46
31.3250,118.9250,43,1893.93,1878.54
31.3250,119.1750,208,1890.27,1878.61
31.3250,119.4250,173,1890.45,1878.89
31.3250,119.6750,93,1896.04,1883.54
31.3250,119.9250,15,1893.68,1884.88
31.3250,120.1750,2,1946.60,1939.13
31.3250,120.4250,14,1902.27,1894.98
31.3250,120.6750,24,1898.83,1889.37
31.3250,120.9250,31,1895.53,1888.66
31.3250,121.1750,97,1894.45,1886.56
31.3250,121.4250,49,1897.37,1888.66
31.3250,121.6750,6,1884.51,1870.65
31.3250,121.9250,0,,
31.3250,122.1750,3,1854.10,1846.99
31.3250,122.4250,8,1844.35,1837.27
31.0750,114.9250,170,1891.90,1884.19
31.0750,115.1750,21,1887.84,1876.65
31.0750,115.4250,26,1881.62,1871.25
31.0750,115.6750,0,,
31.0750,115.9250,0,,
31.0750,116.1750,0,,
31.0750,116.4250,0,,
31.0750,116.6750,0,,
31.0750,116.9250,86,1891.85,1882.11
31.0750,117.1750,220,1892.63,1880.58
31.0750,117.4250,179,1892.33,1878.64
31.0750,117.6750,152,1892.88,1878.19
31.0750,117.9250,96,1898.29,1885.46
31.0750,118.1750,197,1893.50,1880.30
31.0750,118.4250,258,1894.80,1882.00
31.0750,118.6750,190,1894.81,1883.28
31.0750,118.9250,44,1898.05,1883.18
31.0750,119.1750,156,1889.96,1878.35
31.0750,119.4250,181,1890.39,1878.84
31.0750,119.6750,40,1903.70,1891.45
31.0750,119.9250,39,1897.66,1885.25
31.0750,120.1750,5,1904.80,1882.71
31.0750,120.4250,0,,
31.0750,120.6750,24,1906.75,1892.73
31.0750,120.9250,25,1899.41,1885.29
31.0750,121.1750,90,1899.44,1889.04
31.0750,121.4250,46,1902.95,1893.95
31.0750,121.6750,62,1901.78,1893.22
31.0750,121.9250,3,1899.63,1891.71
31.0750,122.1750,11,1858.63,1851.51
31.0750,122.4250,12,1849.27,1842.18
30.8250,114.9250,176,1888.64,1879.46
30.8250,115.1750,100,1890.29,1880.44
30.8250,115.4250,45,1889.53,1878.80
30.8250,115.6750,35,1890.13,1877.64
30.8250,115.9250,0,,
30.8250,116.1750,0,,
30.8250,116.4250,2,1880.11,1870.32
30.8250,116.6750,119,1891.32,1880.22
30.8250,116.9250,145,1894.06,1882.74
30.8250,117.1750,26,1897.60,1879.99
30.8250,117.4250,42,1895.81,1882.64
30.8250,117.6750,65,1898.32,1883.73
30.8250,117.9250,118,1894.64,1880.72
30.8250,118.1750,169,1893.85,1879.27
30.8250,118.4250,189,1898.16,1884.48
30.8250,118.6750,151,1895.94,1881.79
30.8250,118.9250,150,1889.30,1876.15
30.8250,119.1750,135,1889.10,1874.65
30.8250,119.4250,90,1893.15,1882.54
30.8250,119.6750,153,1894.03,1880.89
30.8250,119.9250,100,1899.02,1884.97
30.8250,120.1750,92,1899.32,1884.17
30.8250,120.4250,103,1901.71,1889.58
30.8250,120.6750,110,1899.14,1887.49
30.8250,120.9250,111,1901.23,1890.29
30.8250,121.1750,117,1897.12,1884.55
30.8250,121.4250,34,1899.07,1889.53
30.8250,121.6750,10,1892.58,1884.69
30.8250,121.9250,0,,
30.8250,122.1750,4,1859.42,1852.29
30.8250,122.4250,6,1858.62,1851.49
30.5750,114.9250,89,1894.93,1885.62
30.5750,115.1750,196,1889.97,1880.38
30.5750,115.4250,147,1888.00,1876.33
30.5750,115.6750,32,1886.49,1869.85
30.5750,115.9250,4,1871.58,1854.42
30.5750,116.1750,8,1865.12,1842.05
30.5750,116.4250,124,1895.48,1884.79
30.5750,116.6750,262,1891.94,1880.67
30.5750,116.9250,131,1893.88,1881.60
30.5750,117.1750,9,1891.49,1876.96
30.5750,117.4250,77,1907.69,1892.35
30.5750,117.6750,49,1906.78,1890.06
30.5750,117.9250,52,1895.64,1881.47
30.5750,118.1750,31,1887.07,1871.93
30.5750,118.4250,38,1892.18,1877.87
30.5750,118.6750,7,1883.92,1863.87
30.5750,118.9250,97,1888.07,1872.08
30.5750,119.1750,61,1883.00,1867.78
30.5750,119.4250,39,1885.56,1868.49
30.5750,119.6750,57,1885.85,1872.40
30.5750,119.9250,57,1895.76,1880.69
30.5750,120.1750,107,1896.35,1880.92
30.5750,120.4250,119,1900.61,1889.22
30.5750,120.6750,102,1906.14,1894.92
30.5750,120.9250,60,1899.38,1886.99
30.5750,121.1750,2,1911.75,1898.06
30.5750,121.4250,10,1868.29,1861.12
30.5750,121.6750,5,1914.14,1896.97
30.5750,121.9250,3,1886.59,1879.35
30.5750,122.1750,1,1944.91,1937.45
30.5750,122.4250,1,1853.81,1846.70
30.3250,114.9250,38,1900.59,1888.98
30.3250,115.1750,77,1892.40,1881.26
30.3250,115.4250,172,1892.02,1881.69
30.3250,115.6750,67,1887.42,1876.49
30.3250,115.9250,18,1892.61,1881.51
30.3250,116.1750,136,1894.27,1882.71
30.3250,116.4250,162,1895.35,1883.14
30.3250,116.6750,65,1896.24,1883.86
30.3250,116.9250,42,1903.08,1887.71
30.3250,117.1750,78,1899.89,1882.60
30.3250,117.4250,14,1897.51,1881.96
30.3250,117.6750,5,1887.60,1865.50
30.3250,117.9250,2,1864.81,1845.60
30.3250,118.1750,12,1879.36,1862.31
30.3250,118.4250,9,1884.95,1869.30
30.3250,118.6750,9,1875.52,1857.32
30.3250,118.9250,7,1880.31,1860.51
30.3250,119.1750,9,1874.02,1858.56
30.3250,119.4250,33,1884.80,1865.93
30.3250,119.6750,48,1894.73,1879.09
30.3250,119.9250,108,1896.90,1882.85
30.3250,120.1750,60,1910.21,1897.11
30.3250,120.4250,17,1907.64,1898.51
30.3250,120.6750,2,1916.05,1903.83
30.3250,120.9250,2,1881.75,1857.15
30.3250,121.1750,15,1896.86,1886.95
30.3250,121.4250,6,1900.40,1892.92
30.3250,121.6750,4,1897.86,1890.58
30.3250,121.9250,3,1864.09,1856.95
30.3250,122.1750,3,1895.45,1880.77
30.3250,122.4250,0,,
30.0750,114.9250,74,1897.83,1887.80
30.0750,115.1750,3,1905.70,1886.96
30.0750,115.4250,77,1895.13,1883.90
30.0750,115.6750,67,1893.37,1883.22
30.0750,115.9250,80,1899.71,1888.88
30.0750,116.1750,63,1894.96,1885.78
30.0750,116.4250,5,1924.23,1905.09
30.0750,116.6750,29,1905.12,1896.48
30.0750,116.9250,40,1895.92,1880.74
30.0750,117.1750,16,1888.50,1874.05
30.0750,117.4250,1,1875.57,1848.00
30.0750,117.6750,3,1876.23,1856.19
30.0750,117.9250,11,1893.42,1869.43
30.0750,118.1750,0,,
30.0750,118.4250,24,1887.51,1871.35
30.0750,118.6750,9,1887.71,1872.40
30.0750,118.9250,0,,
30.0750,119.1750,18,1886.31,1866.63
30.0750,119.4250,17,1892.48,1873.70
30.0750,119.6750,34,1895.06,1875.88
30.0750,119.9250,26,1908.51,1891.34
30.0750,120.1750,34,1903.14,1888.54
30.0750,120.4250,80,1904.35,1891.53
30.0750,120.6750,76,1907.02,1893.11
30.0750,120.9250,66,1904.61,1890.14
30.0750,121.1750,67,1901.15,1889.98
30.0750,121.4250,49,1900.09,1886.30
30.0750,121.6750,3,1912.05,1894.57
30.0750,121.9250,0,,
30.0750,122.1750,0,,
30.0750,122.4250,1,1860.31,1853.18
29.8250,114.9250,20,1891.56,1880.18
29.8250,115.1750,60,1893.18,1879.67
29.8250,115.4250,10,1895.16,1876.63
29.8250,115.6750,7,1893.43,1879.20
29.8250,115.9250,37,1898.15,1886.06
29.8250,116.1750,0,,
29.8250,116.4250,51,1892.46,1876.32
29.8250,116.6750,95,1893.90,1874.90
29.8250,116.9250,70,1887.97,1867.24
29.8250,117.1750,94,1889.92,1864.39
29.8250,117.4250,118,1888.80,1862.80
29.8250,117.6750,79,1892.59,1869.25
29.8250,117.9250,106,1886.65,1863.46
29.8250,118.1750,97,1891.01,1875.33
29.8250,118.4250,121,1890.21,1873.19
29.8250,118.6750,12,1888.74,1869.56
29.8250,118.9250,0,,
29.8250,119.1750,2,1898.64,1872.96
29.8250,119.4250,0,,
29.8250,119.6750,11,1895.30,1878.14
29.8250,119.9250,0,,
29.8250,120.1750,55,1907.20,1892.05
29.8250,120.4250,71,1907.93,1890.22
29.8250,120.6750,11,1909.00,1888.70
29.8250,120.9250,49,1902.37,1883.26
29.8250,121.1750,2,1943.68,1917.24
29.8250,121.4250,76,1897.04,1885.41
29.8250,121.6750,26,1907.93,1896.24
29.8250,121.9250,0,,
29.8250,122.1750,0,,
29.8250,122.4250,1,1879.66,1872.45
29.5750,114.9250,21,1891.52,1875.30
29.5750,115.1750,7,1882.21,1865.24
29.5750,115.4250,3,1891.99,1880.03
29.5750,115.6750,84,1899.81,1884.90
29.5750,115.9250,31,1892.64,1878.11
29.5750,116.1750,10,1889.39,1879.72
29.5750,116.4250,134,1892.89,1878.70
29.5750,116.6750,203,1893.39,1876.81
29.5750,116.9250,121,1892.38,1871.92
29.5750,117.1750,108,1885.90,1862.37
29.5750,117.4250,65,1889.48,1867.28
29.5750,117.6750,0,,
29.5750,117.9250,0,,
29.5750,118.1750,54,1891.37,1872.11
29.5750,118.4250,13,1883.01,1864.41
29.5750,118.6750,10,1898.49,1874.66
29.5750,118.9250,0,,
29.5750,119.1750,0,,
29.5750,119.4250,11,1897.92,1879.61
29.5750,119.6750,3,1903.35,1885.83
29.5750,119.9250,23,1899.32,1885.94
29.5750,120.1750,61,1901.55,1886.02
29.5750,120.4250,26,1902.71,1883.94
29.5750,120.6750,37,1904.18,1891.40
29.5750,120.9250,61,1902.95,1889.42
29.5750,121.1750,0,,
29.5750,121.4250,12,1901.22,1888.64
29.5750,121.6750,1,1862.07,1838.01
29.5750,121.9250,0,,
29.5750,122.1750,1,1844.01,1814.96
29.5750,122.4250,32,1852.74,1845.64
29.3250,114.9250,37,1884.10,1864.35
29.3250,115.1750,13,1890.97,1874.21
29.3250,115.4250,41,1891.03,1872.11
29.3250,115.6750,165,1897.62,1883.37
29.3250,115.9250,36,1894.86,1881.51
29.3250,116.1750,3,1858.81,1845.32
29.3250,116.4250,81,1896.91,1882.49
29.3250,116.6750,68,1893.04,1882.07
29.3250,116.9250,171,1890.67,1874.44
29.3250,117.1750,179,1891.43,1876.06
29.3250,117.4250,109,1886.53,1865.51
29.3250,117.6750,165,1886.38,1862.82
29.3250,117.9250,107,1885.61,1862.33
29.3250,118.1750,0,,
29.3250,118.4250,1,1883.36,1869.29
29.3250,118.6750,18,1884.09,1857.38
29.3250,118.9250,0,,
29.3250,119.1750,20,1889.30,1874.09
29.3250,119.4250,79,1886.73,1873.74
29.3250,119.6750,19,1888.01,1871.46
29.3250,119.9250,59,1897.55,1886.42
29.3250,120.1750,44,1898.78,1888.11
29.3250,120.4250,15,1900.30,1889.02
29.3250,120.6750,6,1907.34,1888.61
29.3250,120.9250,9,1889.66,1869.90
29.3250,121.1750,0,,
29.3250,121.4250,7,1907.83,1894.37
29.3250,121.6750,2,1880.67,1858.70
29.3250,121.9250,0,,
29.3250,122.1750,10,1874.47,1867.28
29.3250,122.4250,28,1861.98,1854.83
29.0750,114.9250,21,1885.90,1865.63
29.0750,115.1750,0,,
29.0750,115.4250,4,1885.26,1863.06
29.0750,115.6750,129,1895.33,1884.16
29.0750,115.9250,61,1903.43,1890.33
29.0750,116.1750,15,1916.62,1896.95
29.0750,116.4250,0,,
29.0750,116.6750,10,1897.83,1886.59
29.0750,116.9250,181,1892.63,1879.98
29.0750,117.1750,175,1892.18,1876.77
29.0750,117.4250,173,1888.89,1870.17
29.0750,117.6750,106,1886.24,1863.25
29.0750,117.9250,79,1884.65,1861.01
29.0750,118.1750,7,1890.50,1866.98
29.0750,118.4250,40,1885.22,1864.53
29.0750,118.6750,50,1887.48,1872.45
29.0750,118.9250,108,1895.36,1883.98
29.0750,119.1750,178,1889.12,1876.30
29.0750,119.4250,138,1887.24,1874.87
29.0750,119.6750,75,1893.36,1881.65
29.0750,119.9250,30,1898.24,1883.29
29.0750,120.1750,42,1895.68,1884.26
29.0750,120.4250,14,1900.00,1884.00
29.0750,120.6750,3,1916.97,1896.44
29.0750,120.9250,10,1897.12,1885.36
29.0750,121.1750,0,,
29.0750,121.4250,1,1861.03,1836.22
29.0750,121.6750,2,1844.78,1818.07
29.0750,121.9250,0,,
29.0750,122.1750,24,1882.27,1875.05
29.0750,122.4250,22,1880.96,1873.74
28.8250,114.9250,0,,
28.8250,115.1750,20,1892.45,1875.65
28.8250,115.4250,168,1897.54,1885.59
28.8250,115.6750,99,1898.57,1888.05
28.8250,115.9250,65,1907.74,1894.71
28.8250,116.1750,45,1903.75,1886.02
28.8250,116.4250,8,1899.53,1889.08
28.8250,116.6750,103,1898.27,1887.25
28.8250,116.9250,189,1895.49,1883.46
28.8250,117.1750,148,1892.38,1878.76
28.8250,117.4250,145,1889.18,1873.78
28.8250,117.6750,43,1885.48,1866.78
28.8250,117.9250,0,,
28.8250,118.1750,15,1891.42,1879.61
28.8250,118.4250,140,1888.05,1872.81
28.8250,118.6750,92,1890.70,1877.52
28.8250,118.9250,63,1899.92,1888.91
28.8250,119.1750,6,1896.19,1877.74
28.8250,119.4250,0,,
28.8250,119.6750,21,1892.07,1877.91
28.8250,119.9250,46,1896.79,1884.94
28.8250,120.1750,39,1889.18,1875.04
28.8250,120.4250,1,1878.35,1859.81
28.8250,120.6750,3,1899.39,1881.48
28.8250,120.9250,14,1889.32,1871.93
28.8250,121.1750,11,1900.48,1886.27
28.8250,121.4250,2,1921.24,1895.76
28.8250,121.6750,1,1886.45,1859.33
28.8250,121.9250,6,1885.22,1872.57
28.8250,122.1750,15,1875.55,1865.42
28.8250,122.4250,29,1865.59,1858.44
28.5750,114.9250,62,1886.47,1863.89
28.5750,115.1750,94,1894.10,1877.22
28.5750,115.4250,188,1897.63,1886.24
28.5750,115.6750,108,1898.14,1886.52
28.5750,115.9250,23,1897.66,1887.93
28.5750,116.1750,4,1911.99,1900.60
28.5750,116.4250,9,1907.18,1896.18
28.5750,116.6750,97,1899.41,1886.54
28.5750,116.9250,149,1894.16,1877.65
28.5750,117.1750,81,1891.04,1873.90
28.5750,117.4250,94,1889.10,1871.20
28.5750,117.6750,49,1885.83,1869.39
28.5750,117.9250,87,1892.42,1878.59
28.5750,118.1750,182,1892.89,1878.84
28.5750,118.4250,197,1891.01,1875.92
28.5750,118.6750,39,1889.36,1874.63
28.5750,118.9250,0,,
28.5750,119.1750,0,,
28.5750,119.4250,2,1882.17,1867.28
28.5750,119.6750,2,1907.97,1891.81
28.5750,119.9250,3,1884.38,1871.43
28.5750,120.1750,12,1897.52,1879.07
28.5750,120.4250,0,,
28.5750,120.6750,0,,
28.5750,120.9250,0,,
28.5750,121.1750,18,1914.87,1903.30
28.5750,121.4250,29,1900.57,1891.69
28.5750,121.6750,0,,
28.5750,121.9250,3,1894.13,1880.23
28.5750,122.1750,14,1862.50,1855.36
28.5750,122.4250,18,1864.36,1857.21
28.3250,114.9250,146,1896.21,1881.97
28.3250,115.1750,172,1897.09,1884.97
28.3250,115.4250,132,1902.01,1891.09
28.3250,115.6750,80,1905.46,1894.46
28.3250,115.9250,112,1902.30,1890.45
28.3250,116.1750,82,1901.30,1890.42
28.3250,116.4250,132,1899.03,1885.27
28.3250,116.6750,154,1895.75,1880.32
28.3250,116.9250,163,1892.62,1881.88
28.3250,117.1750,128,1891.01,1879.51
28.3250,117.4250,126,1890.65,1876.34
28.3250,117.6750,125,1894.33,1881.30
28.3250,117.9250,58,1892.56,1878.51
28.3250,118.1750,126,1894.55,1881.94
28.3250,118.4250,13,1899.56,1882.76
28.3250,118.6750,0,,
28.3250,118.9250,0,,
28.3250,119.1750,0,,
28.3250,119.4250,2,1891.56,1875.07
28.3250,119.6750,9,1889.82,1877.91
28.3250,119.9250,14,1886.60,1875.04
28.3250,120.1750,0,,
28.3250,120.4250,0,,
28.3250,120.6750,0,,
28.3250,120.9250,0,,
28.3250,121.1750,0,,
28.3250,121.4250,15,1907.21,1894.98
28.3250,121.6750,0,,
28.3250,121.9250,9,1870.25,1863.08
28.3250,122.1750,12,1853.92,1846.81
28.3250,122.4250,12,1855.47,1848.35
28.0750,114.9250,112,1902.08,1887.00
28.0750,115.1750,197,1900.42,1888.67
28.0750,115.4250,134,1906.01,1896.16
28.0750,115.6750,182,1909.86,1898.66
28.0750,115.9250,167,1903.83,1888.41
28.0750,116.1750,148,1903.38,1889.42
28.0750,116.4250,153,1899.16,1888.41
28.0750,116.6750,168,1894.94,1878.63
28.0750,116.9250,147,1892.25,1875.57
28.0750,117.1750,71,1893.76,1877.33
28.0750,117.4250,9,1885.65,1861.95
28.0750,117.6750,18,1896.90,1878.73
28.0750,117.9250,10,1892.09,1875.04
28.0750,118.1750,0,,
28.0750,118.4250,13,1888.06,1872.04
28.0750,118.6750,0,,
28.0750,118.9250,0,,
28.0750,119.1750,0,,
28.0750,119.4250,0,,
28.0750,119.6750,0,,
28.0750,119.9250,0,,
28.0750,120.1750,0,,
28.0750,120.4250,0,,
28.0750,120.6750,1,1920.53,1910.77
28.0750,120.9250,0,,
28.0750,121.1750,0,,
28.0750,121.4250,6,1868.13,1860.96
28.0750,121.6750,27,1871.90,1863.89
28.0750,121.9250,26,1870.87,1863.70
28.0750,122.1750,12,1853.79,1846.68
28.0750,122.4250,8,1881.88,1874.67
27.8250,114.9250,145,1903.76,1891.07
27.8250,115.1750,190,1902.36,1888.58
27.8250,115.4250,107,1910.04,1897.61
27.8250,115.6750,31,1899.65,1883.24
27.8250,115.9250,107,1896.52,1879.08
27.8250,116.1750,156,1900.37,1887.55
27.8250,116.4250,132,1897.99,1884.16
27.8250,116.6750,164,1898.73,1883.06
27.8250,116.9250,41,1894.35,1872.62
27.8250,117.1750,1,1845.77,1829.48
27.8250,117.4250,0,,
27.8250,117.6750,0,,
27.8250,117.9250,2,1926.71,1912.03
27.8250,118.1750,0,,
27.8250,118.4250,5,1894.96,1881.40
27.8250,118.6750,12,1887.28,1868.51
27.8250,118.9250,0,,
27.8250,119.1750,0,,
27.8250,119.4250,0,,
27.8250,119.6750,0,,
27.8250,119.9250,8,1893.51,1873.66
27.8250,120.1750,0,,
27.8250,120.4250,6,1903.95,1891.76
27.8250,120.6750,4,1906.86,1893.97
27.8250,120.9250,0,,
27.8250,121.1750,4,1860.22,1853.08
27.8250,121.4250,28,1860.25,1853.11
27.8250,121.6750,33,1869.78,1862.61
27.8250,121.9250,19,1872.13,1864.95
27.8250,122.1750,17,1863.14,1856.00
27.8250,122.4250,21,1871.18,1864.01
27.5750,114.9250,165,1899.91,1879.66
27.5750,115.1750,129,1901.79,1882.89
27.5750,115.4250,105,1902.90,1884.45
27.5750,115.6750,94,1897.21,1879.32
27.5750,115.9250,54,1895.25,1878.33
27.5750,116.1750,102,1897.51,1878.35
27.5750,116.4250,30,1897.84,1877.15
27.5750,116.6750,87,1897.74,1876.96
27.5750,116.9250,15,1888.46,1863.53
27.5750,117.1750,18,1891.12,1870.60
27.5750,117.4250,10,1889.61,1874.56
27.5750,117.6750,0,,
27.5750,117.9250,40,1894.81,1873.82
27.5750,118.1750,24,1892.39,1873.21
27.5750,118.4250,0,,
27.5750,118.6750,20,1889.91,1865.04
27.5750,118.9250,0,,
27.5750,119.1750,0,,
27.5750,119.4250,0,,
27.5750,119.6750,0,,
27.5750,119.9250,0,,
27.5750,120.1750,0,,
27.5750,120.4250,23,1894.49,1883.27
27.5750,120.6750,1,1842.75,1835.68
27.5750,120.9250,5,1858.97,1846.94
27.5750,121.1750,12,1862.33,1855.19
27.5750,121.4250,43,1861.05,1853.91
27.5750,121.6750,32,1862.56,1855.41
27.5750,121.9250,14,1868.33,1861.17
27.5750,122.1750,18,1873.39,1866.20
27.5750,122.4250,18,1877.80,1870.60
27.3250,114.9250,153,1899.72,1887.27
27.3250,115.1750,71,1904.77,1887.46
27.3250,115.4250,164,1896.12,1878.78
27.3250,115.6750,145,1898.88,1879.26
27.3250,115.9250,49,1894.46,1877.66
27.3250,116.1750,10,1891.02,1869.79
27.3250,116.4250,29,1898.15,1884.09
27.3250,116.6750,118,1901.45,1881.68
27.3250,116.9250,89,1886.34,1867.23
27.3250,117.1750,8,1886.25,1864.61
27.3250,117.4250,26,1902.81,1882.64
27.3250,117.6750,7,1907.01,1885.02
27.3250,117.9250,67,1900.93,1878.03
27.3250,118.1750,82,1897.50,1877.07
27.3250,118.4250,2,1913.89,1893.51
27.3250,118.6750,0,,
27.3250,118.9250,3,1850.89,1830.35
27.3250,119.1750,26,1890.68,1868.15
27.3250,119.4250,0,,
27.3250,119.6750,0,,
27.3250,119.9250,0,,
27.3250,120.1750,1,1876.79,1857.49
27.3250,120.4250,2,1880.80,1864.03
27.3250,120.6750,8,1858.89,1851.76
27.3250,120.9250,27,1853.03,1845.93
27.3250,121.1750,37,1861.43,1854.29
27.3250,121.4250,38,1858.60,1851.47
27.3250,121.6750,21,1864.19,1857.04
27.3250,121.9250,25,1867.22,1860.06
27.3250,122.1750,15,1876.34,1869.15
27.3250,122.4250,4,1878.02,1870.82
27.0750,114.9250,131,1905.67,1893.52
27.0750,115.1750,49,1903.01,1883.41
27.0750,115.4250,136,1898.74,1877.72
27.0750,115.6750,59,1897.89,1879.73
27.0750,115.9250,2,1890.93,1869.16
27.0750,116.1750,10,1901.42,1879.23
27.0750,116.4250,67,1896.59,1880.51
27.0750,116.6750,100,1899.03,1880.12
27.0750,116.9250,21,1891.11,1871.47
27.0750,117.1750,18,1895.21,1874.46
27.0750,117.4250,8,1883.59,1858.80
27.0750,117.6750,16,1888.88,1863.79
27.0750,117.9250,6,1894.95,1871.10
27.0750,118.1750,25,1886.90,1865.90
27.0750,118.4250,24,1906.24,1887.94
27.0750,118.6750,7,1883.89,1866.47
27.0750,118.9250,6,1867.18,1848.31
27.0750,119.1750,3,1890.58,1869.19
27.0750,119.4250,0,,
27.0750,119.6750,0,,
27.0750,119.9250,0,,
27.0750,120.1750,0,,
27.0750,120.4250,7,1859.29,1841.97
27.0750,120.6750,19,1875.82,1866.13
27.0750,120.9250,21,1852.17,1845.06
27.0750,121.1750,29,1859.09,1851.96
27.0750,121.4250,33,1861.64,1854.50
27.0750,121.6750,29,1862.25,1855.11
27.0750,121.9250,11,1863.79,1856.64
27.0750,122.1750,1,1849.41,1842.31
27.0750,122.4250,2,1863.21,1856.06
