centre_lat,centre_lon,sounding_count,ch4_blended_ppb
35.0750,114.9250,104,1892.18
35.0750,115.1750,330,1885.84
35.0750,115.4250,340,1885.08
35.0750,115.6750,375,1885.67
35.0750,115.9250,384,1884.67
35.0750,116.1750,398,1882.14
35.0750,116.4250,352,1885.53
35.0750,116.6750,116,1887.00
35.0750,116.9250,164,1879.79
35.0750,117.1750,293,1877.12
35.0750,117.4250,336,1873.63
35.0750,117.6750,298,1872.58
35.0750,117.9250,277,1874.15
35.0750,118.1750,310,1874.25
35.0750,118.4250,154,1873.30
35.0750,118.6750,379,1870.95
35.0750,118.9250,304,1870.23
35.0750,119.1750,133,1871.17
35.0750,119.4250,3,1853.05
35.0750,119.6750,38,1861.33
35.0750,119.9250,53,1861.68
35.0750,120.1750,46,1853.75
35.0750,120.4250,46,1864.06
35.0750,120.6750,56,1868.95
35.0750,120.9250,40,1862.17
35.0750,121.1750,41,1852.07
35.0750,121.4250,48,1851.13
35.0750,121.6750,58,1848.40
35.0750,121.9250,64,1846.04
35.0750,122.1750,57,1846.10
35.0750,122.4250,44,1847.21
34.8250,114.9250,268,1886.29
34.8250,115.1750,325,1886.10
34.8250,115.4250,280,1886.38
34.8250,115.6750,370,1886.93
34.8250,115.9250,362,1885.50
34.8250,116.1750,368,1885.82
34.8250,116.4250,410,1884.76
34.8250,116.6750,354,1884.76
34.8250,116.9250,169,1883.30
34.8250,117.1750,205,1880.14
34.8250,117.4250,332,1875.17
34.8250,117.6750,323,1879.64
34.8250,117.9250,342,1875.55
34.8250,118.1750,372,1877.18
34.8250,118.4250,287,1874.90
34.8250,118.6750,235,1872.32
34.8250,118.9250,161,1872.71
34.8250,119.1750,39,1875.57
34.8250,119.4250,2,1845.34
34.8250,119.6750,29,1854.35
34.8250,119.9250,44,1856.52
34.8250,120.1750,51,1858.39
34.8250,120.4250,46,1848.42
34.8250,120.6750,53,1863.03
34.8250,120.9250,45,1858.85
34.8250,121.1750,37,1846.46
34.8250,121.4250,40,1844.28
34.8250,121.6750,53,1843.42
34.8250,121.9250,49,1841.62
34.8250,122.1750,57,1842.27
34.8250,122.4250,52,1845.17
34.5750,114.9250,332,1886.63
34.5750,115.1750,246,1888.29
34.5750,115.4250,211,1890.02
34.5750,115.6750,296,1886.04
34.5750,115.9250,254,1889.67
34.5750,116.1750,365,1885.69
34.5750,116.4250,381,1883.30
34.5750,116.6750,347,1882.94
34.5750,116.9250,340,1884.25
34.5750,117.1750,81,1884.71
34.5750,117.4250,187,1878.22
34.5750,117.6750,381,1879.40
34.5750,117.9250,402,1878.49
34.5750,118.1750,367,1877.48
34.5750,118.4250,310,1875.95
34.5750,118.6750,231,1875.72
34.5750,118.9250,297,1873.40
34.5750,119.1750,224,1874.69
34.5750,119.4250,55,1875.54
34.5750,119.6750,2,1854.35
34.5750,119.9250,14,1863.25
34.5750,120.1750,18,1861.24
34.5750,120.4250,32,1854.24
34.5750,120.6750,32,1843.84
34.5750,120.9250,30,1846.00
34.5750,121.1750,16,1836.91
34.5750,121.4250,24,1838.00
34.5750,121.6750,42,1844.34
34.5750,121.9250,49,1843.08
34.5750,122.1750,56,1847.25
34.5750,122.4250,49,1847.80
34.3250,114.9250,304,1890.30
34.3250,115.1750,308,1890.33
34.3250,115.4250,343,1889.94
34.3250,115.6750,295,1890.29
34.3250,115.9250,351,1887.50
34.3250,116.1750,349,1889.19
34.3250,116.4250,382,1886.54
34.3250,116.6750,400,1886.37
34.3250,116.9250,366,1886.39
34.3250,117.1750,151,1880.34
34.3250,117.4250,249,1879.04
34.3250,117.6750,372,1878.83
34.3250,117.9250,271,1879.35
34.3250,118.1750,241,1879.64
34.3250,118.4250,283,1877.89
34.3250,118.6750,241,1877.32
34.3250,118.9250,326,1875.61
34.3250,119.1750,293,1876.84
34.3250,119.4250,253,1877.48
34.3250,119.6750,126,1877.11
34.3250,119.9250,71,1877.08
34.3250,120.1750,12,1884.66
34.3250,120.4250,10,1863.08
34.3250,120.6750,23,1848.48
34.3250,120.9250,14,1843.92
34.3250,121.1750,16,1838.46
34.3250,121.4250,20,1837.42
34.3250,121.6750,31,1841.05
34.3250,121.9250,47,1841.07
34.3250,122.1750,61,1845.16
34.3250,122.4250,65,1846.56
34.0750,114.9250,324,1888.03
34.0750,115.1750,328,1888.41
34.0750,115.4250,346,1889.13
34.0750,115.6750,368,1888.37
34.0750,115.9250,348,1885.67
34.0750,116.1750,348,1887.06
34.0750,116.4250,321,1890.01
34.0750,116.6750,325,1888.64
34.0750,116.9250,294,1885.27
34.0750,117.1750,294,1881.63
34.0750,117.4250,249,1884.58
34.0750,117.6750,301,1880.68
34.0750,117.9250,246,1882.70
34.0750,118.1750,33,1877.53
34.0750,118.4250,230,1880.60
34.0750,118.6750,299,1880.07
34.0750,118.9250,300,1876.99
34.0750,119.1750,260,1875.72
34.0750,119.4250,254,1877.67
34.0750,119.6750,264,1876.74
34.0750,119.9250,253,1877.62
34.0750,120.1750,194,1878.44
34.0750,120.4250,14,1866.72
34.0750,120.6750,4,1882.49
34.0750,120.9250,14,1850.82
34.0750,121.1750,21,1839.86
34.0750,121.4250,22,1836.10
34.0750,121.6750,27,1838.71
34.0750,121.9250,54,1846.44
34.0750,122.1750,49,1847.25
34.0750,122.4250,73,1848.61
33.8250,114.9250,242,1886.73
33.8250,115.1750,357,1886.45
33.8250,115.4250,348,1886.75
33.8250,115.6750,310,1884.10
33.8250,115.9250,319,1885.03
33.8250,116.1750,331,1886.96
33.8250,116.4250,276,1888.18
33.8250,116.6750,243,1887.78
33.8250,116.9250,292,1885.24
33.8250,117.1750,380,1886.01
33.8250,117.4250,356,1883.76
33.8250,117.6750,369,1882.96
33.8250,117.9250,377,1882.15
33.8250,118.1750,260,1882.97
33.8250,118.4250,274,1881.16
33.8250,118.6750,276,1880.06
33.8250,118.9250,314,1877.56
33.8250,119.1750,273,1876.62
33.8250,119.4250,266,1877.22
33.8250,119.6750,256,1878.18
33.8250,119.9250,238,1879.29
33.8250,120.1750,188,1881.89
33.8250,120.4250,34,1887.64
33.8250,120.6750,1,1850.15
33.8250,120.9250,5,1839.12
33.8250,121.1750,23,1840.28
33.8250,121.4250,23,1839.22
33.8250,121.6750,32,1838.86
33.8250,121.9250,64,1845.10
33.8250,122.1750,58,1845.25
33.8250,122.4250,63,1852.62
33.5750,114.9250,282,1886.97
33.5750,115.1750,319,1885.75
33.5750,115.4250,348,1884.12
33.5750,115.6750,335,1884.06
33.5750,115.9250,341,1885.40
33.5750,116.1750,295,1884.44
33.5750,116.4250,313,1888.42
33.5750,116.6750,304,1890.36
33.5750,116.9250,334,1890.34
33.5750,117.1750,237,1893.92
33.5750,117.4250,394,1887.52
33.5750,117.6750,385,1884.72
33.5750,117.9250,358,1884.08
33.5750,118.1750,317,1882.53
33.5750,118.4250,108,1884.13
33.5750,118.6750,62,1879.64
33.5750,118.9250,170,1878.75
33.5750,119.1750,218,1879.25
33.5750,119.4250,234,1879.72
33.5750,119.6750,217,1881.55
33.5750,119.9250,207,1881.49
33.5750,120.1750,169,1883.72
33.5750,120.4250,74,1887.21
33.5750,120.6750,8,1888.24
33.5750,120.9250,1,1853.50
33.5750,121.1750,11,1833.09
33.5750,121.4250,18,1837.80
33.5750,121.6750,32,1830.30
33.5750,121.9250,56,1838.83
33.5750,122.1750,49,1847.02
33.5750,122.4250,36,1845.87
33.3250,114.9250,306,1884.16
33.3250,115.1750,317,1883.87
33.3250,115.4250,325,1883.81
33.3250,115.6750,339,1883.69
33.3250,115.9250,347,1883.94
33.3250,116.1750,336,1884.22
33.3250,116.4250,372,1887.22
33.3250,116.6750,341,1890.00
33.3250,116.9250,365,1890.37
33.3250,117.1750,357,1888.81
33.3250,117.4250,338,1888.33
33.3250,117.6750,274,1886.52
33.3250,117.9250,150,1886.82
33.3250,118.1750,135,1884.59
33.3250,118.4250,42,1882.24
33.3250,118.6750,0,
33.3250,118.9250,53,1889.12
33.3250,119.1750,78,1881.62
33.3250,119.4250,167,1881.36
33.3250,119.6750,183,1880.91
33.3250,119.9250,182,1880.91
33.3250,120.1750,154,1879.71
33.3250,120.4250,166,1882.41
33.3250,120.6750,21,1892.33
33.3250,120.9250,0,
33.3250,121.1750,0,
33.3250,121.4250,9,1839.04
33.3250,121.6750,28,1831.82
33.3250,121.9250,43,1834.75
33.3250,122.1750,64,1844.82
33.3250,122.4250,43,1840.78
33.0750,114.9250,337,1886.13
33.0750,115.1750,324,1883.90
33.0750,115.4250,352,1884.52
33.0750,115.6750,330,1884.94
33.0750,115.9250,329,1884.91
33.0750,116.1750,320,1886.31
33.0750,116.4250,348,1887.52
33.0750,116.6750,374,1890.68
33.0750,116.9250,198,1889.66
33.0750,117.1750,205,1888.71
33.0750,117.4250,236,1888.93
33.0750,117.6750,139,1893.75
33.0750,117.9250,61,1895.04
33.0750,118.1750,67,1887.04
33.0750,118.4250,57,1885.56
33.0750,118.6750,49,1875.34
33.0750,118.9250,90,1883.38
33.0750,119.1750,64,1881.54
33.0750,119.4250,116,1878.80
33.0750,119.6750,152,1878.02
33.0750,119.9250,139,1881.84
33.0750,120.1750,209,1880.53
33.0750,120.4250,190,1879.02
33.0750,120.6750,99,1881.24
33.0750,120.9250,5,1905.45
33.0750,121.1750,0,
33.0750,121.4250,7,1835.58
33.0750,121.6750,28,1832.77
33.0750,121.9250,42,1836.02
33.0750,122.1750,47,1842.72
33.0750,122.4250,45,1850.11
32.8250,114.9250,285,1885.48
32.8250,115.1750,332,1885.41
32.8250,115.4250,347,1884.43
32.8250,115.6750,321,1884.81
32.8250,115.9250,345,1885.46
32.8250,116.1750,224,1886.00
32.8250,116.4250,177,1893.61
32.8250,116.6750,167,1894.81
32.8250,116.9250,188,1894.28
32.8250,117.1750,145,1889.92
32.8250,117.4250,243,1883.07
32.8250,117.6750,223,1882.52
32.8250,117.9250,142,1882.40
32.8250,118.1750,127,1881.00
32.8250,118.4250,200,1881.26
32.8250,118.6750,189,1879.33
32.8250,118.9250,202,1879.08
32.8250,119.1750,7,1880.80
32.8250,119.4250,31,1880.35
32.8250,119.6750,244,1878.50
32.8250,119.9250,222,1881.87
32.8250,120.1750,198,1881.11
32.8250,120.4250,181,1878.19
32.8250,120.6750,157,1879.24
32.8250,120.9250,19,1885.93
32.8250,121.1750,0,
32.8250,121.4250,2,1837.34
32.8250,121.6750,26,1836.32
32.8250,121.9250,40,1838.61
32.8250,122.1750,49,1849.82
32.8250,122.4250,40,1851.40
32.5750,114.9250,298,1888.23
32.5750,115.1750,345,1884.25
32.5750,115.4250,342,1885.54
32.5750,115.6750,315,1886.37
32.5750,115.9250,226,1888.05
32.5750,116.1750,161,1892.17
32.5750,116.4250,135,1895.55
32.5750,116.6750,105,1895.51
32.5750,116.9250,85,1893.89
32.5750,117.1750,171,1893.01
32.5750,117.4250,227,1884.27
32.5750,117.6750,213,1881.99
32.5750,117.9250,245,1879.64
32.5750,118.1750,283,1881.96
32.5750,118.4250,297,1880.17
32.5750,118.6750,244,1878.06
32.5750,118.9250,219,1880.20
32.5750,119.1750,218,1878.71
32.5750,119.4250,64,1878.52
32.5750,119.6750,247,1878.38
32.5750,119.9250,248,1881.13
32.5750,120.1750,203,1881.98
32.5750,120.4250,147,1880.35
32.5750,120.6750,146,1878.23
32.5750,120.9250,40,1878.73
32.5750,121.1750,2,1907.45
32.5750,121.4250,3,1840.49
32.5750,121.6750,27,1838.46
32.5750,121.9250,39,1838.12
32.5750,122.1750,47,1840.38
32.5750,122.4250,26,1838.74
32.3250,114.9250,305,1887.12
32.3250,115.1750,284,1884.95
32.3250,115.4250,298,1885.17
32.3250,115.6750,296,1884.95
32.3250,115.9250,236,1885.21
32.3250,116.1750,54,1885.81
32.3250,116.4250,40,1889.67
32.3250,116.6750,86,1890.22
32.3250,116.9250,15,1911.67
32.3250,117.1750,221,1888.09
32.3250,117.4250,264,1886.84
32.3250,117.6750,230,1880.64
32.3250,117.9250,268,1880.54
32.3250,118.1750,243,1880.67
32.3250,118.4250,187,1881.60
32.3250,118.6750,259,1882.53
32.3250,118.9250,227,1881.83
32.3250,119.1750,153,1879.90
32.3250,119.4250,133,1878.96
32.3250,119.6750,84,1880.51
32.3250,119.9250,165,1878.94
32.3250,120.1750,233,1880.63
32.3250,120.4250,174,1879.64
32.3250,120.6750,148,1877.91
32.3250,120.9250,131,1880.80
32.3250,121.1750,87,1880.23
32.3250,121.4250,4,1886.28
32.3250,121.6750,11,1844.75
32.3250,121.9250,34,1836.22
32.3250,122.1750,43,1842.68
32.3250,122.4250,26,1839.15
32.0750,114.9250,257,1883.89
32.0750,115.1750,303,1885.44
32.0750,115.4250,322,1883.94
32.0750,115.6750,296,1883.99
32.0750,115.9250,295,1883.55
32.0750,116.1750,258,1884.23
32.0750,116.4250,227,1883.34
32.0750,116.6750,282,1886.77
32.0750,116.9250,306,1886.42
32.0750,117.1750,290,1886.06
32.0750,117.4250,278,1885.50
32.0750,117.6750,318,1884.06
32.0750,117.9250,260,1883.50
32.0750,118.1750,250,1882.93
32.0750,118.4250,241,1883.17
32.0750,118.6750,133,1882.64
32.0750,118.9250,185,1883.59
32.0750,119.1750,218,1885.63
32.0750,119.4250,231,1880.42
32.0750,119.6750,181,1878.02
32.0750,119.9250,77,1878.09
32.0750,120.1750,146,1882.24
32.0750,120.4250,60,1881.17
32.0750,120.6750,37,1880.14
32.0750,120.9250,67,1879.08
32.0750,121.1750,114,1875.12
32.0750,121.4250,65,1874.81
32.0750,121.6750,7,1877.68
32.0750,121.9250,20,1842.50
32.0750,122.1750,34,1838.66
32.0750,122.4250,23,1834.40
31.8250,114.9250,250,1884.00
31.8250,115.1750,282,1883.30
31.8250,115.4250,232,1883.76
31.8250,115.6750,134,1882.81
31.8250,115.9250,226,1883.61
31.8250,116.1750,312,1882.64
31.8250,116.4250,261,1884.68
31.8250,116.6750,273,1886.25
31.8250,116.9250,307,1885.05
31.8250,117.1750,162,1888.28
31.8250,117.4250,132,1886.23
31.8250,117.6750,230,1883.48
31.8250,117.9250,194,1883.95
31.8250,118.1750,224,1882.18
31.8250,118.4250,132,1883.74
31.8250,118.6750,167,1882.39
31.8250,118.9250,173,1881.48
31.8250,119.1750,228,1883.04
31.8250,119.4250,282,1878.52
31.8250,119.6750,186,1879.61
31.8250,119.9250,66,1879.80
31.8250,120.1750,122,1879.81
31.8250,120.4250,121,1877.52
31.8250,120.6750,97,1875.57
31.8250,120.9250,10,1878.42
31.8250,121.1750,16,1877.42
31.8250,121.4250,19,1874.95
31.8250,121.6750,39,1875.28
31.8250,121.9250,6,1850.07
31.8250,122.1750,20,1836.62
31.8250,122.4250,19,1835.60
31.5750,114.9250,87,1881.41
31.5750,115.1750,33,1876.69
31.5750,115.4250,21,1870.74
31.5750,115.6750,54,1875.80
31.5750,115.9250,42,1874.18
31.5750,116.1750,156,1883.85
31.5750,116.4250,267,1883.81
31.5750,116.6750,314,1883.77
31.5750,116.9250,305,1884.65
31.5750,117.1750,142,1887.39
31.5750,117.4250,18,1879.30
31.5750,117.6750,5,1886.72
31.5750,117.9250,126,1881.01
31.5750,118.1750,223,1879.28
31.5750,118.4250,115,1880.32
31.5750,118.6750,202,1880.19
31.5750,118.9250,78,1878.26
31.5750,119.1750,241,1883.39
31.5750,119.4250,134,1882.47
31.5750,119.6750,42,1879.32
31.5750,119.9250,32,1891.90
31.5750,120.1750,50,1877.74
31.5750,120.4250,66,1874.85
31.5750,120.6750,18,1873.89
31.5750,120.9250,71,1875.37
31.5750,121.1750,58,1881.04
31.5750,121.4250,9,1883.11
31.5750,121.6750,1,1863.50
31.5750,121.9250,0,
31.5750,122.1750,1,1839.61
31.5750,122.4250,10,1845.06
31.3250,114.9250,228,1879.25
31.3250,115.1750,74,1880.10
31.3250,115.4250,0,
31.3250,115.6750,1,1905.90
31.3250,115.9250,0,
31.3250,116.1750,27,1878.21
31.3250,116.4250,82,1878.96
31.3250,116.6750,164,1880.80
31.3250,116.9250,203,1882.59
31.3250,117.1750,233,1880.73
31.3250,117.4250,209,1881.66
31.3250,117.6750,220,1881.76
31.3250,117.9250,201,1882.88
31.3250,118.1750,128,1884.31
31.3250,118.4250,159,1883.17
31.3250,118.6750,247,1883.35
31.3250,118.9250,43,1883.31
31.3250,119.1750,208,1877.69
31.3250,119.4250,173,1879.66
31.3250,119.6750,93,1882.40
31.3250,119.9250,15,1875.89
31.3250,120.1750,2,1932.47
31.3250,120.4250,14,1887.17
31.3250,120.6750,24,1887.86
31.3250,120.9250,31,1882.61
31.3250,121.1750,97,1879.97
31.3250,121.4250,49,1882.33
31.3250,121.6750,6,1876.76
31.3250,121.9250,0,
31.3250,122.1750,3,1843.55
31.3250,122.4250,8,1830.41
31.0750,114.9250,170,1882.09
31.0750,115.1750,21,1881.88
31.0750,115.4250,26,1872.84
31.0750,115.6750,0,
31.0750,115.9250,0,
31.0750,116.1750,0,
31.0750,116.4250,0,
31.0750,116.6750,0,
31.0750,116.9250,86,1878.78
31.0750,117.1750,220,1881.68
31.0750,117.4250,179,1882.71
31.0750,117.6750,152,1881.21
31.0750,117.9250,96,1885.66
31.0750,118.1750,197,1880.77
31.0750,118.4250,258,1880.61
31.0750,118.6750,190,1883.47
31.0750,118.9250,44,1883.36
31.0750,119.1750,156,1878.70
31.0750,119.4250,181,1879.30
31.0750,119.6750,40,1889.71
31.0750,119.9250,39,1879.54
31.0750,120.1750,5,1893.37
31.0750,120.4250,0,
31.0750,120.6750,24,1892.58
31.0750,120.9250,25,1886.20
31.0750,121.1750,90,1886.35
31.0750,121.4250,46,1887.66
31.0750,121.6750,62,1890.79
31.0750,121.9250,3,1890.39
31.0750,122.1750,11,1841.22
31.0750,122.4250,12,1836.23
30.8250,114.9250,176,1877.81
30.8250,115.1750,100,1878.53
30.8250,115.4250,45,1879.22
30.8250,115.6750,35,1880.46
30.8250,115.9250,0,
30.8250,116.1750,0,
30.8250,116.4250,2,1875.48
30.8250,116.6750,119,1878.89
30.8250,116.9250,145,1880.00
30.8250,117.1750,26,1889.70
30.8250,117.4250,42,1881.55
30.8250,117.6750,65,1886.81
30.8250,117.9250,118,1880.71
30.8250,118.1750,169,1882.10
30.8250,118.4250,189,1884.81
30.8250,118.6750,151,1884.69
30.8250,118.9250,150,1879.54
30.8250,119.1750,135,1878.75
30.8250,119.4250,90,1882.10
30.8250,119.6750,153,1882.61
30.8250,119.9250,100,1884.99
30.8250,120.1750,92,1885.97
30.8250,120.4250,103,1889.91
30.8250,120.6750,110,1885.74
30.8250,120.9250,111,1887.04
30.8250,121.1750,117,1883.55
30.8250,121.4250,34,1885.63
30.8250,121.6750,10,1878.10
30.8250,121.9250,0,
30.8250,122.1750,4,1842.00
30.8250,122.4250,6,1838.42
30.5750,114.9250,89,1882.68
30.5750,115.1750,196,1877.79
30.5750,115.4250,147,1877.40
30.5750,115.6750,32,1879.44
30.5750,115.9250,4,1863.39
30.5750,116.1750,8,1868.03
30.5750,116.4250,124,1882.38
30.5750,116.6750,262,1880.27
30.5750,116.9250,131,1881.11
30.5750,117.1750,9,1873.75
30.5750,117.4250,77,1893.50
30.5750,117.6750,49,1894.67
30.5750,117.9250,52,1881.59
30.5750,118.1750,31,1876.13
30.5750,118.4250,38,1879.12
30.5750,118.6750,7,1876.84
30.5750,118.9250,97,1879.83
30.5750,119.1750,61,1875.41
30.5750,119.4250,39,1878.12
30.5750,119.6750,57,1878.67
30.5750,119.9250,57,1881.37
30.5750,120.1750,107,1882.65
30.5750,120.4250,119,1887.97
30.5750,120.6750,102,1892.33
30.5750,120.9250,60,1885.16
30.5750,121.1750,2,1892.95
30.5750,121.4250,10,1849.01
30.5750,121.6750,5,1900.29
30.5750,121.9250,3,1875.31
30.5750,122.1750,1,1936.00
30.5750,122.4250,1,1842.73
30.3250,114.9250,38,1887.91
30.3250,115.1750,77,1880.88
30.3250,115.4250,172,1880.34
30.3250,115.6750,67,1876.59
30.3250,115.9250,18,1878.43
30.3250,116.1750,136,1882.08
30.3250,116.4250,162,1881.91
30.3250,116.6750,65,1885.84
30.3250,116.9250,42,1891.41
30.3250,117.1750,78,1889.36
30.3250,117.4250,14,1887.07
30.3250,117.6750,5,1887.02
30.3250,117.9250,2,1854.20
30.3250,118.1750,12,1875.04
30.3250,118.4250,9,1876.77
30.3250,118.6750,9,1870.11
30.3250,118.9250,7,1869.83
30.3250,119.1750,9,1867.56
30.3250,119.4250,33,1877.41
30.3250,119.6750,48,1882.80
30.3250,119.9250,108,1882.89
30.3250,120.1750,60,1897.67
30.3250,120.4250,17,1892.64
30.3250,120.6750,2,1897.41
30.3250,120.9250,2,1869.93
30.3250,121.1750,15,1879.37
30.3250,121.4250,6,1885.26
30.3250,121.6750,4,1869.45
30.3250,121.9250,3,1856.54
30.3250,122.1750,3,1882.95
30.3250,122.4250,0,
30.0750,114.9250,74,1883.65
30.0750,115.1750,3,1894.48
30.0750,115.4250,77,1884.62
30.0750,115.6750,67,1881.47
30.0750,115.9250,80,1884.85
30.0750,116.1750,63,1881.89
30.0750,116.4250,5,1908.22
30.0750,116.6750,29,1889.13
30.0750,116.9250,40,1882.74
30.0750,117.1750,16,1877.23
30.0750,117.4250,1,1873.48
30.0750,117.6750,3,1873.26
30.0750,117.9250,11,1880.95
30.0750,118.1750,0,
30.0750,118.4250,24,1878.28
30.0750,118.6750,9,1876.14
30.0750,118.9250,0,
30.0750,119.1750,18,1878.14
30.0750,119.4250,17,1884.36
30.0750,119.6750,34,1880.77
30.0750,119.9250,26,1891.12
30.0750,120.1750,34,1886.69
30.0750,120.4250,80,1887.96
30.0750,120.6750,76,1892.34
30.0750,120.9250,66,1887.98
30.0750,121.1750,67,1883.32
30.0750,121.4250,49,1883.35
30.0750,121.6750,3,1906.52
30.0750,121.9250,0,
30.0750,122.1750,0,
30.0750,122.4250,1,1844.77
29.8250,114.9250,20,1876.63
29.8250,115.1750,60,1881.58
29.8250,115.4250,10,1879.47
29.8250,115.6750,7,1878.70
29.8250,115.9250,37,1887.50
29.8250,116.1750,0,
29.8250,116.4250,51,1884.29
29.8250,116.6750,95,1884.79
29.8250,116.9250,70,1879.33
29.8250,117.1750,94,1882.90
29.8250,117.4250,118,1884.30
29.8250,117.6750,79,1886.33
29.8250,117.9250,106,1880.86
29.8250,118.1750,97,1882.88
29.8250,118.4250,121,1881.16
29.8250,118.6750,12,1875.43
29.8250,118.9250,0,
29.8250,119.1750,2,1884.86
29.8250,119.4250,0,
29.8250,119.6750,11,1877.74
29.8250,119.9250,0,
29.8250,120.1750,55,1887.80
29.8250,120.4250,71,1889.87
29.8250,120.6750,11,1890.47
29.8250,120.9250,49,1887.40
29.8250,121.1750,2,1921.11
29.8250,121.4250,76,1879.68
29.8250,121.6750,26,1892.56
29.8250,121.9250,0,
29.8250,122.1750,0,
29.8250,122.4250,1,1863.87
29.5750,114.9250,21,1879.04
29.5750,115.1750,7,1877.11
29.5750,115.4250,3,1873.88
29.5750,115.6750,84,1887.04
29.5750,115.9250,31,1882.95
29.5750,116.1750,10,1877.45
29.5750,116.4250,134,1882.67
29.5750,116.6750,203,1882.86
29.5750,116.9250,121,1883.84
29.5750,117.1750,108,1880.76
29.5750,117.4250,65,1882.96
29.5750,117.6750,0,
29.5750,117.9250,0,
29.5750,118.1750,54,1881.53
29.5750,118.4250,13,1877.60
29.5750,118.6750,10,1886.85
29.5750,118.9250,0,
29.5750,119.1750,0,
29.5750,119.4250,11,1884.12
29.5750,119.6750,3,1891.59
29.5750,119.9250,23,1886.40
29.5750,120.1750,61,1885.48
29.5750,120.4250,26,1888.63
29.5750,120.6750,37,1888.06
29.5750,120.9250,61,1888.61
29.5750,121.1750,0,
29.5750,121.4250,12,1882.64
29.5750,121.6750,1,1840.25
29.5750,121.9250,0,
29.5750,122.1750,1,1840.64
29.5750,122.4250,32,1840.80
29.3250,114.9250,37,1879.65
29.3250,115.1750,13,1879.43
29.3250,115.4250,41,1880.65
29.3250,115.6750,165,1884.44
29.3250,115.9250,36,1884.03
29.3250,116.1750,3,1860.75
29.3250,116.4250,81,1885.93
29.3250,116.6750,68,1879.43
29.3250,116.9250,171,1880.28
29.3250,117.1750,179,1879.11
29.3250,117.4250,109,1878.49
29.3250,117.6750,165,1879.21
29.3250,117.9250,107,1877.88
29.3250,118.1750,0,
29.3250,118.4250,1,1873.87
29.3250,118.6750,18,1880.89
29.3250,118.9250,0,
29.3250,119.1750,20,1879.80
29.3250,119.4250,79,1872.58
29.3250,119.6750,19,1876.95
29.3250,119.9250,59,1888.14
29.3250,120.1750,44,1884.58
29.3250,120.4250,15,1885.29
29.3250,120.6750,6,1888.69
29.3250,120.9250,9,1875.26
29.3250,121.1750,0,
29.3250,121.4250,7,1889.09
29.3250,121.6750,2,1855.66
29.3250,121.9250,0,
29.3250,122.1750,10,1856.97
29.3250,122.4250,28,1847.36
29.0750,114.9250,21,1880.19
29.0750,115.1750,0,
29.0750,115.4250,4,1878.88
29.0750,115.6750,129,1880.28
29.0750,115.9250,61,1889.32
29.0750,116.1750,15,1909.81
29.0750,116.4250,0,
29.0750,116.6750,10,1881.70
29.0750,116.9250,181,1880.63
29.0750,117.1750,175,1880.89
29.0750,117.4250,173,1878.58
29.0750,117.6750,106,1879.21
29.0750,117.9250,79,1879.39
29.0750,118.1750,7,1878.68
29.0750,118.4250,40,1877.94
29.0750,118.6750,50,1876.86
29.0750,118.9250,108,1880.53
29.0750,119.1750,178,1876.47
29.0750,119.4250,138,1875.90
29.0750,119.6750,75,1883.70
29.0750,119.9250,30,1886.97
29.0750,120.1750,42,1884.08
29.0750,120.4250,14,1883.85
29.0750,120.6750,3,1900.08
29.0750,120.9250,10,1879.18
29.0750,121.1750,0,
29.0750,121.4250,1,1842.85
29.0750,121.6750,2,1826.97
29.0750,121.9250,0,
29.0750,122.1750,24,1862.57
29.0750,122.4250,22,1864.22
28.8250,114.9250,0,
28.8250,115.1750,20,1881.12
28.8250,115.4250,168,1885.24
28.8250,115.6750,99,1884.83
28.8250,115.9250,65,1891.79
28.8250,116.1750,45,1895.38
28.8250,116.4250,8,1883.89
28.8250,116.6750,103,1886.66
28.8250,116.9250,189,1881.69
28.8250,117.1750,148,1880.14
28.8250,117.4250,145,1876.39
28.8250,117.6750,43,1875.22
28.8250,117.9250,0,
28.8250,118.1750,15,1879.01
28.8250,118.4250,140,1878.68
28.8250,118.6750,92,1879.88
28.8250,118.9250,63,1884.08
28.8250,119.1750,6,1875.52
28.8250,119.4250,0,
28.8250,119.6750,21,1878.47
28.8250,119.9250,46,1887.11
28.8250,120.1750,39,1880.76
28.8250,120.4250,1,1873.90
28.8250,120.6750,3,1881.74
28.8250,120.9250,14,1871.28
28.8250,121.1750,11,1875.80
28.8250,121.4250,2,1901.37
28.8250,121.6750,1,1863.41
28.8250,121.9250,6,1872.82
28.8250,122.1750,15,1862.10
28.8250,122.4250,29,1845.26
28.5750,114.9250,62,1883.62
28.5750,115.1750,94,1885.97
28.5750,115.4250,188,1886.11
28.5750,115.6750,108,1887.40
28.5750,115.9250,23,1885.55
28.5750,116.1750,4,1896.95
28.5750,116.4250,9,1890.48
28.5750,116.6750,97,1886.82
28.5750,116.9250,149,1882.41
28.5750,117.1750,81,1879.52
28.5750,117.4250,94,1878.61
28.5750,117.6750,49,1877.07
28.5750,117.9250,87,1880.97
28.5750,118.1750,182,1880.70
28.5750,118.4250,197,1879.41
28.5750,118.6750,39,1880.25
28.5750,118.9250,0,
28.5750,119.1750,0,
28.5750,119.4250,2,1868.03
28.5750,119.6750,2,1891.81
28.5750,119.9250,3,1877.19
28.5750,120.1750,12,1883.03
28.5750,120.4250,0,
28.5750,120.6750,0,
28.5750,120.9250,0,
28.5750,121.1750,18,1891.05
28.5750,121.4250,29,1883.82
28.5750,121.6750,0,
28.5750,121.9250,3,1882.98
28.5750,122.1750,14,1842.57
28.5750,122.4250,18,1843.78
28.3250,114.9250,146,1885.84
28.3250,115.1750,172,1885.30
28.3250,115.4250,132,1888.78
28.3250,115.6750,80,1891.16
28.3250,115.9250,112,1889.40
28.3250,116.1750,82,1886.89
28.3250,116.4250,132,1886.29
28.3250,116.6750,154,1884.67
28.3250,116.9250,163,1877.07
28.3250,117.1750,128,1877.20
28.3250,117.4250,126,1877.07
28.3250,117.6750,125,1879.21
28.3250,117.9250,58,1880.44
28.3250,118.1750,126,1880.22
28.3250,118.4250,13,1882.04
28.3250,118.6750,0,
28.3250,118.9250,0,
28.3250,119.1750,0,
28.3250,119.4250,2,1869.06
28.3250,119.6750,9,1876.17
28.3250,119.9250,14,1873.66
28.3250,120.1750,0,
28.3250,120.4250,0,
28.3250,120.6750,0,
28.3250,120.9250,0,
28.3250,121.1750,0,
28.3250,121.4250,15,1883.22
28.3250,121.6750,0,
28.3250,121.9250,9,1849.58
28.3250,122.1750,12,1830.90
28.3250,122.4250,12,1835.77
28.0750,114.9250,112,1888.69
28.0750,115.1750,197,1887.67
28.0750,115.4250,134,1891.60
28.0750,115.6750,182,1895.10
28.0750,115.9250,167,1891.06
28.0750,116.1750,148,1888.69
28.0750,116.4250,153,1884.58
28.0750,116.6750,168,1883.73
28.0750,116.9250,147,1881.20
28.0750,117.1750,71,1880.18
28.0750,117.4250,9,1872.14
28.0750,117.6750,18,1881.38
28.0750,117.9250,10,1878.04
28.0750,118.1750,0,
28.0750,118.4250,13,1873.79
28.0750,118.6750,0,
28.0750,118.9250,0,
28.0750,119.1750,0,
28.0750,119.4250,0,
28.0750,119.6750,0,
28.0750,119.9250,0,
28.0750,120.1750,0,
28.0750,120.4250,0,
28.0750,120.6750,1,1900.91
28.0750,120.9250,0,
28.0750,121.1750,0,
28.0750,121.4250,6,1853.96
28.0750,121.6750,27,1852.14
28.0750,121.9250,26,1851.53
28.0750,122.1750,12,1830.17
28.0750,122.4250,8,1860.61
27.8250,114.9250,145,1888.93
27.8250,115.1750,190,1888.26
27.8250,115.4250,107,1895.88
27.8250,115.6750,31,1888.55
27.8250,115.9250,107,1885.91
27.8250,116.1750,156,1886.22
27.8250,116.4250,132,1885.05
27.8250,116.6750,164,1886.28
27.8250,116.9250,41,1886.92
27.8250,117.1750,1,1866.25
27.8250,117.4250,0,
27.8250,117.6750,0,
27.8250,117.9250,2,1895.53
27.8250,118.1750,0,
27.8250,118.4250,5,1875.99
27.8250,118.6750,12,1871.89
27.8250,118.9250,0,
27.8250,119.1750,0,
27.8250,119.4250,0,
27.8250,119.6750,0,
27.8250,119.9250,8,1877.57
27.8250,120.1750,0,
27.8250,120.4250,6,1878.33
27.8250,120.6750,4,1883.39
27.8250,120.9250,0,
27.8250,121.1750,4,1853.74
27.8250,121.4250,28,1848.55
27.8250,121.6750,33,1850.89
27.8250,121.9250,19,1848.89
27.8250,122.1750,17,1837.62
27.8250,122.4250,21,1844.62
27.5750,114.9250,165,1890.13
27.5750,115.1750,129,1891.85
27.5750,115.4250,105,1891.41
27.5750,115.6750,94,1886.39
27.5750,115.9250,54,1886.00
27.5750,116.1750,102,1886.81
27.5750,116.4250,30,1887.61
27.5750,116.6750,87,1888.08
27.5750,116.9250,15,1882.96
27.5750,117.1750,18,1876.32
27.5750,117.4250,10,1882.45
27.5750,117.6750,0,
27.5750,117.9250,40,1878.70
27.5750,118.1750,24,1876.19
27.5750,118.4250,0,
27.5750,118.6750,20,1872.84
27.5750,118.9250,0,
27.5750,119.1750,0,
27.5750,119.4250,0,
27.5750,119.6750,0,
27.5750,119.9250,0,
27.5750,120.1750,0,
27.5750,120.4250,23,1871.97
27.5750,120.6750,1,1824.54
27.5750,120.9250,5,1846.92
27.5750,121.1750,12,1846.23
27.5750,121.4250,43,1847.28
27.5750,121.6750,32,1844.63
27.5750,121.9250,14,1847.85
27.5750,122.1750,18,1853.33
27.5750,122.4250,18,1857.87
27.3250,114.9250,153,1885.85
27.3250,115.1750,71,1892.58
27.3250,115.4250,164,1884.84
27.3250,115.6750,145,1888.59
27.3250,115.9250,49,1884.30
27.3250,116.1750,10,1876.74
27.3250,116.4250,29,1882.87
27.3250,116.6750,118,1889.22
27.3250,116.9250,89,1873.80
27.3250,117.1750,8,1874.30
27.3250,117.4250,26,1882.41
27.3250,117.6750,7,1893.07
27.3250,117.9250,67,1882.44
27.3250,118.1750,82,1882.52
27.3250,118.4250,2,1892.79
27.3250,118.6750,0,
27.3250,118.9250,3,1845.94
27.3250,119.1750,26,1880.40
27.3250,119.4250,0,
27.3250,119.6750,0,
27.3250,119.9250,0,
27.3250,120.1750,1,1862.39
27.3250,120.4250,2,1863.12
27.3250,120.6750,8,1842.69
27.3250,120.9250,27,1841.10
27.3250,121.1750,37,1846.05
27.3250,121.4250,38,1848.89
27.3250,121.6750,21,1848.86
27.3250,121.9250,25,1856.16
27.3250,122.1750,15,1865.74
27.3250,122.4250,4,1862.03
27.0750,114.9250,131,1889.27
27.0750,115.1750,49,1888.91
27.0750,115.4250,136,1886.31
27.0750,115.6750,59,1884.13
27.0750,115.9250,2,1887.31
27.0750,116.1750,10,1883.32
27.0750,116.4250,67,1883.40
27.0750,116.6750,100,1886.77
27.0750,116.9250,21,1876.57
27.0750,117.1750,18,1876.92
27.0750,117.4250,8,1869.29
27.0750,117.6750,16,1876.48
27.0750,117.9250,6,1879.71
27.0750,118.1750,25,1872.96
27.0750,118.4250,24,1888.44
27.0750,118.6750,7,1867.97
27.0750,118.9250,6,1863.97
27.0750,119.1750,3,1871.52
27.0750,119.4250,0,
27.0750,119.6750,0,
27.0750,119.9250,0,
27.0750,120.1750,0,
27.0750,120.4250,7,1853.31
27.0750,120.6750,19,1865.69
27.0750,120.9250,21,1834.67
27.0750,121.1750,29,1839.74
27.0750,121.4250,33,1847.17
27.0750,121.6750,29,1846.31
27.0750,121.9250,11,1854.78
27.0750,122.1750,1,1837.09
27.0750,122.4250,2,1857.71
