centre_lat,centre_lon,sounding_count,ch4_deseasonalised_ppb,mean_day_of_year,day_of_year_sd,poorly_identified
35.0750,114.9250,104,1897.1403,266.153,65.920,0
35.0750,115.1750,330,1894.2199,265.836,66.676,0
35.0750,115.4250,340,1893.1540,267.653,66.582,0
35.0750,115.6750,375,1893.5205,262.389,67.704,0
35.0750,115.9250,384,1893.6288,256.050,70.740,0
35.0750,116.1750,398,1892.1669,262.464,70.917,0
35.0750,116.4250,352,1890.3409,262.668,66.900,0
35.0750,116.6750,116,1884.8375,258.515,53.694,0
35.0750,116.9250,164,1888.2829,262.131,64.566,0
35.0750,117.1750,293,1888.2910,260.021,66.392,0
35.0750,117.4250,336,1885.6517,262.605,66.431,0
35.0750,117.6750,298,1883.4494,261.617,67.647,0
35.0750,117.9250,277,1885.5699,268.000,64.300,0
35.0750,118.1750,310,1888.1496,263.365,65.438,0
35.0750,118.4250,154,1885.3390,253.652,64.768,0
35.0750,118.6750,379,1886.5856,259.428,71.607,0
35.0750,118.9250,304,1885.0408,271.287,62.801,0
35.0750,119.1750,133,1887.2462,261.147,67.882,0
35.0750,119.4250,3,1883.7977,153.166,32.529,0
35.0750,119.6750,38,1890.2543,146.379,25.522,0
35.0750,119.9250,53,1877.9147,187.601,36.585,0
35.0750,120.1750,46,1875.9629,180.492,30.223,0
35.0750,120.4250,46,1879.8605,188.426,26.784,0
35.0750,120.6750,56,1882.9085,190.718,30.503,0
35.0750,120.9250,40,1877.1285,196.589,29.885,0
35.0750,121.1750,41,1872.8537,192.921,31.538,0
35.0750,121.4250,48,1871.1593,187.853,32.870,0
35.0750,121.6750,58,1868.2372,173.353,35.214,0
35.0750,121.9250,64,1864.1169,168.413,34.009,0
35.0750,122.1750,57,1867.9695,157.601,29.580,0
35.0750,122.4250,51,1874.2725,152.063,28.309,0
34.8250,114.9250,268,1893.7093,260.094,66.522,0
34.8250,115.1750,325,1893.7575,262.575,65.512,0
34.8250,115.4250,280,1894.7413,258.041,67.624,0
34.8250,115.6750,370,1896.2663,261.351,70.486,0
34.8250,115.9250,362,1894.5188,257.503,68.864,0
34.8250,116.1750,368,1896.0180,259.499,70.953,0
34.8250,116.4250,410,1894.0749,262.112,72.230,0
34.8250,116.6750,354,1891.0604,259.444,70.092,0
34.8250,116.9250,169,1886.2422,258.381,66.886,0
34.8250,117.1750,205,1889.9108,261.962,67.019,0
34.8250,117.4250,332,1888.3384,259.186,69.417,0
34.8250,117.6750,323,1891.7041,276.286,59.500,0
34.8250,117.9250,342,1886.6067,267.101,67.527,0
34.8250,118.1750,372,1889.1719,270.195,64.282,0
34.8250,118.4250,287,1888.1893,273.291,57.109,0
34.8250,118.6750,235,1887.1354,272.466,66.328,0
34.8250,118.9250,161,1885.1089,266.819,58.903,0
34.8250,119.1750,39,1887.4742,274.919,39.480,0
34.8250,119.4250,2,1871.4607,199.169,0.000,1
34.8250,119.6750,29,1880.9802,163.756,36.466,0
34.8250,119.9250,44,1870.3788,189.986,34.924,0
34.8250,120.1750,51,1873.7948,194.206,26.363,0
34.8250,120.4250,46,1871.9597,187.382,26.008,0
34.8250,120.6750,53,1879.6825,191.447,31.356,0
34.8250,120.9250,45,1867.0006,199.233,21.184,0
34.8250,121.1750,37,1866.4658,197.246,25.016,0
34.8250,121.4250,40,1863.8925,190.939,29.577,0
34.8250,121.6750,53,1865.9402,164.067,30.479,0
34.8250,121.9250,49,1862.7060,161.875,31.697,0
34.8250,122.1750,57,1862.2949,162.775,33.463,0
34.8250,122.4250,60,1872.4981,150.494,27.905,0
34.5750,114.9250,332,1894.9304,263.483,66.255,0
34.5750,115.1750,246,1894.3898,254.534,65.252,0
34.5750,115.4250,211,1894.1414,257.145,60.156,0
34.5750,115.6750,296,1895.0018,261.819,67.229,0
34.5750,115.9250,254,1896.1301,267.515,64.782,0
34.5750,116.1750,365,1894.4158,267.562,72.935,0
34.5750,116.4250,381,1891.3944,263.052,70.543,0
34.5750,116.6750,347,1888.8736,266.922,68.098,0
34.5750,116.9250,340,1891.3433,266.376,68.849,0
34.5750,117.1750,81,1886.7743,258.921,56.852,0
34.5750,117.4250,187,1889.8585,269.963,65.195,0
34.5750,117.6750,381,1890.0330,270.044,70.136,0
34.5750,117.9250,402,1889.7974,274.279,69.167,0
34.5750,118.1750,367,1884.4894,267.651,67.390,0
34.5750,118.4250,310,1888.7935,268.667,62.523,0
34.5750,118.6750,231,1886.5807,275.071,58.639,0
34.5750,118.9250,297,1883.9169,273.037,63.985,0
34.5750,119.1750,224,1887.6570,264.355,69.045,0
34.5750,119.4250,55,1884.2649,260.047,63.021,0
34.5750,119.6750,2,1878.1340,161.671,37.498,0
34.5750,119.9250,14,1879.6144,168.956,40.936,0
34.5750,120.1750,18,1876.5900,197.888,16.022,0
34.5750,120.4250,32,1872.9828,193.134,17.719,0
34.5750,120.6750,32,1863.6869,195.759,16.484,0
34.5750,120.9250,30,1861.8804,196.467,11.276,1
34.5750,121.1750,16,1863.5261,191.041,9.479,1
34.5750,121.4250,24,1865.7413,184.540,19.655,0
34.5750,121.6750,42,1859.5669,165.589,38.051,0
34.5750,121.9250,49,1861.7775,160.936,33.651,0
34.5750,122.1750,56,1861.4659,167.338,36.234,0
34.5750,122.4250,60,1866.5133,163.627,37.154,0
34.3250,114.9250,304,1897.0508,267.160,64.847,0
34.3250,115.1750,308,1895.8759,267.734,66.075,0
34.3250,115.4250,343,1896.1014,269.836,64.462,0
34.3250,115.6750,295,1898.6142,265.080,66.436,0
34.3250,115.9250,351,1895.5688,271.360,67.233,0
34.3250,116.1750,349,1895.7976,269.620,64.900,0
34.3250,116.4250,382,1893.3595,268.326,67.855,0
34.3250,116.6750,400,1892.0019,272.461,68.499,0
34.3250,116.9250,366,1893.8551,271.978,65.863,0
34.3250,117.1750,151,1888.3959,252.853,60.722,0
34.3250,117.4250,249,1889.5850,261.015,65.039,0
34.3250,117.6750,372,1890.3042,267.686,73.216,0
34.3250,117.9250,271,1889.2896,272.001,69.230,0
34.3250,118.1750,241,1889.0520,273.913,65.124,0
34.3250,118.4250,283,1891.2997,283.216,61.875,0
34.3250,118.6750,241,1889.0126,291.330,54.797,0
34.3250,118.9250,326,1885.4626,272.773,70.140,0
34.3250,119.1750,293,1887.8381,270.223,71.544,0
34.3250,119.4250,253,1887.6632,264.112,71.504,0
34.3250,119.6750,126,1891.2222,274.585,66.447,0
34.3250,119.9250,71,1887.7142,259.808,68.447,0
34.3250,120.1750,12,1896.7953,259.587,83.526,0
34.3250,120.4250,10,1873.9443,245.566,57.733,0
34.3250,120.6750,23,1856.7576,203.511,10.138,1
34.3250,120.9250,14,1864.2795,192.594,8.617,1
34.3250,121.1750,16,1860.1567,195.728,2.320,1
34.3250,121.4250,20,1862.2022,192.966,10.535,1
34.3250,121.6750,31,1858.9872,171.066,33.458,0
34.3250,121.9250,47,1860.1461,169.588,34.238,0
34.3250,122.1750,61,1861.1454,171.915,34.655,0
34.3250,122.4250,76,1865.8402,169.227,35.010,0
34.0750,114.9250,324,1893.5591,260.796,67.463,0
34.0750,115.1750,328,1893.0139,262.567,65.498,0
34.0750,115.4250,346,1894.7238,265.706,65.975,0
34.0750,115.6750,368,1895.8526,267.802,65.560,0
34.0750,115.9250,348,1894.0273,270.590,66.247,0
34.0750,116.1750,348,1893.4212,274.754,62.626,0
34.0750,116.4250,321,1898.1264,274.929,62.861,0
34.0750,116.6750,325,1894.9143,273.252,65.194,0
34.0750,116.9250,294,1893.8432,273.228,63.274,0
34.0750,117.1750,294,1892.2599,273.739,64.807,0
34.0750,117.4250,249,1894.4279,269.205,68.293,0
34.0750,117.6750,301,1892.6570,273.693,68.023,0
34.0750,117.9250,246,1889.3855,272.533,67.017,0
34.0750,118.1750,33,1886.6817,284.572,50.567,0
34.0750,118.4250,230,1889.5837,283.847,64.576,0
34.0750,118.6750,299,1891.6086,282.597,66.106,0
34.0750,118.9250,300,1888.2965,273.762,70.203,0
34.0750,119.1750,260,1887.7312,262.632,74.890,0
34.0750,119.4250,254,1888.6799,259.157,74.748,0
34.0750,119.6750,264,1890.9293,273.301,71.169,0
34.0750,119.9250,253,1891.2242,265.683,76.058,0
34.0750,120.1750,194,1888.2960,257.658,70.136,0
34.0750,120.4250,14,1870.5137,269.669,62.770,0
34.0750,120.6750,4,1870.0197,221.159,0.000,1
34.0750,120.9250,14,1867.8861,196.093,13.241,1
34.0750,121.1750,21,1859.0169,196.786,2.499,1
34.0750,121.4250,22,1858.7232,196.894,2.492,1
34.0750,121.6750,27,1858.8523,179.571,30.088,0
34.0750,121.9250,54,1869.6196,164.477,33.504,0
34.0750,122.1750,49,1868.8622,154.303,29.333,0
34.0750,122.4250,83,1870.9406,167.595,31.532,0
33.8250,114.9250,242,1891.4901,252.861,69.022,0
33.8250,115.1750,357,1892.0775,260.923,67.027,0
33.8250,115.4250,348,1892.2386,267.094,66.562,0
33.8250,115.6750,310,1892.7804,267.694,69.135,0
33.8250,115.9250,319,1892.8094,269.322,66.658,0
33.8250,116.1750,331,1894.6761,276.087,64.872,0
33.8250,116.4250,276,1895.5378,269.446,68.576,0
33.8250,116.6750,243,1895.0346,269.261,69.152,0
33.8250,116.9250,292,1894.6388,272.682,68.021,0
33.8250,117.1750,380,1893.7954,273.862,67.396,0
33.8250,117.4250,356,1893.6801,272.156,68.892,0
33.8250,117.6750,369,1894.1089,269.793,69.766,0
33.8250,117.9250,377,1892.3569,270.287,70.101,0
33.8250,118.1750,260,1892.0223,266.767,70.952,0
33.8250,118.4250,274,1890.8624,270.569,69.779,0
33.8250,118.6750,276,1890.8533,275.242,68.861,0
33.8250,118.9250,314,1890.0023,267.057,76.036,0
33.8250,119.1750,273,1889.4340,270.926,70.688,0
33.8250,119.4250,266,1889.5154,270.159,72.453,0
33.8250,119.6750,256,1891.5131,267.723,72.542,0
33.8250,119.9250,238,1890.3241,275.299,67.138,0
33.8250,120.1750,188,1893.0568,271.757,60.838,0
33.8250,120.4250,34,1896.8990,257.636,50.782,0
33.8250,120.6750,1,1853.2716,220.172,0.000,1
33.8250,120.9250,5,1862.7562,197.167,2.452,1
33.8250,121.1750,23,1858.4791,196.775,2.500,1
33.8250,121.4250,23,1860.8769,197.253,12.129,1
33.8250,121.6750,32,1865.3742,192.041,19.310,0
33.8250,121.9250,64,1862.7917,174.725,36.573,0
33.8250,122.1750,58,1866.3223,171.730,41.148,0
33.8250,122.4250,72,1872.5945,176.884,37.831,0
33.5750,114.9250,282,1892.9512,269.773,67.259,0
33.5750,115.1750,319,1893.4772,271.061,67.776,0
33.5750,115.4250,348,1892.7211,277.389,67.130,0
33.5750,115.6750,335,1892.7245,281.975,65.232,0
33.5750,115.9250,341,1895.0545,275.320,67.062,0
33.5750,116.1750,295,1893.5153,273.661,69.267,0
33.5750,116.4250,313,1896.1563,276.752,64.984,0
33.5750,116.6750,304,1897.3088,273.653,67.483,0
33.5750,116.9250,334,1897.0028,267.739,70.013,0
33.5750,117.1750,237,1899.7006,263.863,75.137,0
33.5750,117.4250,394,1895.9885,270.949,74.675,0
33.5750,117.6750,385,1894.8505,262.195,75.780,0
33.5750,117.9250,358,1896.4262,263.986,75.905,0
33.5750,118.1750,317,1893.1400,266.818,74.433,0
33.5750,118.4250,108,1889.9393,259.257,67.654,0
33.5750,118.6750,62,1893.1386,258.576,76.270,0
33.5750,118.9250,170,1891.4911,260.272,73.775,0
33.5750,119.1750,218,1892.5562,277.157,64.501,0
33.5750,119.4250,234,1891.4752,256.370,75.999,0
33.5750,119.6750,217,1893.4117,273.211,69.903,0
33.5750,119.9250,207,1894.8381,279.192,66.237,0
33.5750,120.1750,169,1897.2658,278.474,63.695,0
33.5750,120.4250,74,1896.3935,272.920,58.021,0
33.5750,120.6750,8,1898.9740,257.402,64.858,0
33.5750,120.9250,1,1896.2536,162.165,0.000,1
33.5750,121.1750,11,1849.3873,198.714,3.343,1
33.5750,121.4250,18,1853.1744,208.167,18.237,0
33.5750,121.6750,32,1847.3926,217.040,21.119,0
33.5750,121.9250,56,1854.4827,193.091,39.442,0
33.5750,122.1750,49,1867.3024,176.977,43.349,0
33.5750,122.4250,43,1866.0208,192.441,39.602,0
33.3250,114.9250,306,1892.9920,268.341,71.924,0
33.3250,115.1750,317,1893.9161,271.938,69.530,0
33.3250,115.4250,325,1892.3280,277.449,65.266,0
33.3250,115.6750,339,1892.4043,276.620,68.458,0
33.3250,115.9250,347,1894.2849,280.160,67.952,0
33.3250,116.1750,336,1895.6831,273.342,71.675,0
33.3250,116.4250,372,1897.4242,270.294,72.196,0
33.3250,116.6750,341,1899.2773,270.467,69.898,0
33.3250,116.9250,365,1899.9572,266.392,72.275,0
33.3250,117.1750,357,1899.9863,268.024,73.113,0
33.3250,117.4250,338,1898.5836,262.625,74.360,0
33.3250,117.6750,274,1895.8646,264.878,75.891,0
33.3250,117.9250,150,1894.9245,263.082,69.629,0
33.3250,118.1750,135,1891.9619,262.396,70.291,0
33.3250,118.4250,42,1888.9065,259.320,73.211,0
33.3250,118.6750,0,,,,
33.3250,118.9250,53,1900.3200,256.364,73.574,0
33.3250,119.1750,78,1892.5972,268.392,67.901,0
33.3250,119.4250,167,1891.2526,263.866,70.885,0
33.3250,119.6750,183,1890.3515,262.200,66.449,0
33.3250,119.9250,182,1893.8279,268.076,67.732,0
33.3250,120.1750,154,1892.5087,283.309,66.812,0
33.3250,120.4250,166,1894.1068,270.809,67.586,0
33.3250,120.6750,21,1898.6899,283.067,27.175,0
33.3250,120.9250,0,,,,
33.3250,121.1750,0,,,,
33.3250,121.4250,9,1854.6381,199.169,0.000,1
33.3250,121.6750,28,1851.5734,214.201,20.586,0
33.3250,121.9250,43,1855.5178,188.140,38.520,0
33.3250,122.1750,64,1866.1053,177.412,39.772,0
33.3250,122.4250,49,1860.4633,188.877,44.333,0
33.0750,114.9250,337,1895.3818,277.355,69.505,0
33.0750,115.1750,324,1895.0234,272.526,71.788,0
33.0750,115.4250,352,1894.0775,269.751,69.822,0
33.0750,115.6750,330,1895.8620,270.640,73.590,0
33.0750,115.9250,329,1896.9753,274.895,72.837,0
33.0750,116.1750,320,1896.3751,281.969,64.795,0
33.0750,116.4250,348,1897.9759,275.411,71.335,0
33.0750,116.6750,374,1901.3038,268.611,71.496,0
33.0750,116.9250,198,1894.8778,238.075,73.597,0
33.0750,117.1750,205,1897.4484,251.555,74.968,0
33.0750,117.4250,236,1897.9593,261.798,75.198,0
33.0750,117.6750,139,1900.0364,258.460,73.837,0
33.0750,117.9250,61,1898.8574,264.881,60.941,0
33.0750,118.1750,67,1894.8816,245.177,74.649,0
33.0750,118.4250,57,1889.0199,268.020,72.305,0
33.0750,118.6750,49,1888.3481,266.461,76.567,0
33.0750,118.9250,90,1892.0486,260.507,71.858,0
33.0750,119.1750,64,1889.3826,227.236,64.238,0
33.0750,119.4250,116,1889.6872,264.733,68.861,0
33.0750,119.6750,152,1888.2019,269.795,64.448,0
33.0750,119.9250,139,1893.5358,266.981,71.855,0
33.0750,120.1750,209,1893.1584,257.760,73.198,0
33.0750,120.4250,190,1892.1830,266.856,73.790,0
33.0750,120.6750,99,1890.4753,275.630,65.176,0
33.0750,120.9250,5,1909.8932,292.146,27.086,0
33.0750,121.1750,0,,,,
33.0750,121.4250,7,1850.5871,211.453,19.422,0
33.0750,121.6750,28,1855.5881,208.273,24.413,0
33.0750,121.9250,42,1855.3771,203.713,32.826,0
33.0750,122.1750,47,1862.5807,181.589,42.123,0
33.0750,122.4250,57,1871.8262,173.828,45.333,0
32.8250,114.9250,285,1894.6015,277.173,71.527,0
32.8250,115.1750,332,1893.8293,275.611,67.596,0
32.8250,115.4250,347,1894.3235,274.795,70.875,0
32.8250,115.6750,321,1895.7009,274.553,70.168,0
32.8250,115.9250,345,1896.0739,266.289,73.535,0
32.8250,116.1750,224,1896.7239,277.337,74.063,0
32.8250,116.4250,177,1901.5755,278.874,73.477,0
32.8250,116.6750,167,1900.2653,258.869,71.462,0
32.8250,116.9250,188,1898.2103,249.776,67.908,0
32.8250,117.1750,145,1898.0957,258.186,69.786,0
32.8250,117.4250,243,1894.5905,275.437,71.912,0
32.8250,117.6750,223,1893.9752,276.311,68.157,0
32.8250,117.9250,142,1894.8704,276.437,73.082,0
32.8250,118.1750,127,1890.7833,279.922,62.694,0
32.8250,118.4250,200,1887.9350,277.569,61.056,0
32.8250,118.6750,189,1886.2901,275.364,64.377,0
32.8250,118.9250,202,1889.4149,270.348,74.005,0
32.8250,119.1750,7,1893.2128,322.600,29.866,0
32.8250,119.4250,31,1886.0933,294.656,56.010,0
32.8250,119.6750,244,1889.8711,279.376,68.240,0
32.8250,119.9250,222,1892.4499,283.241,68.591,0
32.8250,120.1750,198,1892.7353,278.687,67.581,0
32.8250,120.4250,181,1891.7778,273.354,68.960,0
32.8250,120.6750,157,1889.7229,278.783,70.203,0
32.8250,120.9250,19,1897.6974,295.426,49.129,0
32.8250,121.1750,0,,,,
32.8250,121.4250,2,1858.6370,199.169,0.000,1
32.8250,121.6750,26,1850.7274,208.090,32.391,0
32.8250,121.9250,40,1851.1242,204.916,36.714,0
32.8250,122.1750,49,1863.0797,171.184,44.004,0
32.8250,122.4250,50,1868.6600,178.322,43.403,0
32.5750,114.9250,298,1895.6525,272.836,66.347,0
32.5750,115.1750,345,1893.0502,276.414,67.329,0
32.5750,115.4250,342,1895.0387,275.630,69.052,0
32.5750,115.6750,315,1894.6534,276.099,65.602,0
32.5750,115.9250,226,1895.2019,273.941,59.468,0
32.5750,116.1750,161,1899.4688,261.324,65.916,0
32.5750,116.4250,135,1902.7633,263.226,66.468,0
32.5750,116.6750,105,1905.0807,261.085,72.101,0
32.5750,116.9250,85,1903.6136,262.121,66.840,0
32.5750,117.1750,171,1900.7404,261.390,66.879,0
32.5750,117.4250,227,1894.8707,276.193,65.726,0
32.5750,117.6750,213,1892.2654,282.714,61.840,0
32.5750,117.9250,245,1892.3063,281.493,67.117,0
32.5750,118.1750,283,1889.2238,275.843,69.479,0
32.5750,118.4250,297,1890.2497,279.939,66.628,0
32.5750,118.6750,244,1887.0566,274.211,68.977,0
32.5750,118.9250,219,1891.0782,269.581,71.256,0
32.5750,119.1750,218,1890.1215,283.661,62.914,0
32.5750,119.4250,64,1888.6481,291.426,68.678,0
32.5750,119.6750,247,1889.8687,292.512,61.355,0
32.5750,119.9250,248,1891.4370,295.104,56.751,0
32.5750,120.1750,203,1894.2807,285.625,62.741,0
32.5750,120.4250,147,1893.5392,285.090,59.575,0
32.5750,120.6750,146,1891.6497,275.662,70.337,0
32.5750,120.9250,40,1893.7440,295.762,56.607,0
32.5750,121.1750,2,1919.8888,313.135,0.000,1
32.5750,121.4250,3,1854.4720,195.833,2.359,1
32.5750,121.6750,27,1852.5714,205.499,31.972,0
32.5750,121.9250,39,1859.5210,188.910,42.630,0
32.5750,122.1750,47,1851.2920,199.933,41.210,0
32.5750,122.4250,33,1853.7508,202.891,39.311,0
32.3250,114.9250,305,1896.5236,267.144,68.040,0
32.3250,115.1750,284,1893.8906,263.831,69.604,0
32.3250,115.4250,298,1895.9565,264.409,69.611,0
32.3250,115.6750,296,1895.2842,268.839,68.381,0
32.3250,115.9250,236,1895.6526,266.407,69.315,0
32.3250,116.1750,54,1896.6122,259.759,68.368,0
32.3250,116.4250,40,1900.0018,268.154,66.699,0
32.3250,116.6750,86,1900.6275,264.692,75.089,0
32.3250,116.9250,15,1919.1934,239.643,50.951,0
32.3250,117.1750,221,1898.4763,276.674,65.406,0
32.3250,117.4250,264,1898.1969,266.176,69.014,0
32.3250,117.6750,230,1891.3797,265.288,65.309,0
32.3250,117.9250,268,1891.2019,274.694,69.394,0
32.3250,118.1750,243,1890.8800,279.474,67.650,0
32.3250,118.4250,187,1893.8567,279.921,69.356,0
32.3250,118.6750,259,1895.2683,276.430,67.551,0
32.3250,118.9250,227,1893.2921,279.381,64.054,0
32.3250,119.1750,153,1891.3747,281.226,63.232,0
32.3250,119.4250,133,1889.0272,289.747,66.545,0
32.3250,119.6750,84,1893.5063,301.006,57.843,0
32.3250,119.9250,165,1891.0543,290.716,60.200,0
32.3250,120.1750,233,1892.7403,287.494,64.486,0
32.3250,120.4250,174,1893.8378,287.805,63.444,0
32.3250,120.6750,148,1892.6414,280.395,62.773,0
32.3250,120.9250,131,1896.6774,281.185,68.494,0
32.3250,121.1750,87,1898.8060,286.462,68.661,0
32.3250,121.4250,4,1897.6486,284.415,48.529,0
32.3250,121.6750,11,1864.1009,168.168,37.963,0
32.3250,121.9250,34,1856.8112,189.431,45.667,0
32.3250,122.1750,43,1858.5331,195.190,40.502,0
32.3250,122.4250,32,1850.6282,201.132,46.014,0
32.0750,114.9250,257,1894.2941,269.776,64.155,0
32.0750,115.1750,303,1895.1633,258.861,67.848,0
32.0750,115.4250,322,1895.2558,263.501,71.208,0
32.0750,115.6750,296,1894.0829,267.770,68.687,0
32.0750,115.9250,295,1893.4930,266.922,66.222,0
32.0750,116.1750,258,1894.2871,263.030,72.419,0
32.0750,116.4250,227,1895.4871,262.964,70.374,0
32.0750,116.6750,282,1899.2902,259.771,72.893,0
32.0750,116.9250,306,1898.6604,265.661,71.106,0
32.0750,117.1750,290,1897.3144,274.629,68.993,0
32.0750,117.4250,278,1895.6106,277.147,62.229,0
32.0750,117.6750,318,1895.8024,279.686,63.592,0
32.0750,117.9250,260,1893.0993,277.384,63.743,0
32.0750,118.1750,250,1896.0568,274.869,66.025,0
32.0750,118.4250,241,1895.3167,283.007,62.542,0
32.0750,118.6750,133,1894.0080,298.323,37.275,0
32.0750,118.9250,185,1894.1949,291.480,48.298,0
32.0750,119.1750,218,1896.3599,286.811,59.189,0
32.0750,119.4250,231,1892.2762,290.256,58.412,0
32.0750,119.6750,181,1893.7064,287.173,66.141,0
32.0750,119.9250,77,1890.0163,301.910,50.203,0
32.0750,120.1750,146,1895.4842,293.422,62.425,0
32.0750,120.4250,60,1895.6961,282.136,70.937,0
32.0750,120.6750,37,1896.3724,280.625,68.454,0
32.0750,120.9250,67,1896.8945,286.166,76.743,0
32.0750,121.1750,114,1894.7170,272.707,80.651,0
32.0750,121.4250,65,1891.4654,259.260,85.759,0
32.0750,121.6750,7,1893.3105,237.599,79.435,0
32.0750,121.9250,20,1857.4180,183.767,45.287,0
32.0750,122.1750,34,1850.5948,193.461,45.161,0
32.0750,122.4250,24,1842.2991,202.874,48.677,0
31.8250,114.9250,250,1892.4799,276.950,60.853,0
31.8250,115.1750,282,1890.8992,268.734,65.686,0
31.8250,115.4250,232,1891.4798,278.454,64.364,0
31.8250,115.6750,134,1890.3189,269.406,69.420,0
31.8250,115.9250,226,1894.0427,276.584,71.218,0
31.8250,116.1750,312,1891.5549,271.276,70.017,0
31.8250,116.4250,261,1894.9351,285.484,57.767,0
31.8250,116.6750,273,1897.9800,270.335,69.952,0
31.8250,116.9250,307,1896.9746,270.869,70.286,0
31.8250,117.1750,162,1899.8046,287.890,50.603,0
31.8250,117.4250,132,1899.4115,282.244,61.786,0
31.8250,117.6750,230,1897.0581,282.924,67.166,0
31.8250,117.9250,194,1895.9837,270.094,68.486,0
31.8250,118.1750,224,1896.3676,282.679,67.205,0
31.8250,118.4250,132,1896.3031,290.062,53.046,0
31.8250,118.6750,167,1896.4287,289.484,54.758,0
31.8250,118.9250,173,1892.7085,281.649,60.177,0
31.8250,119.1750,228,1894.6166,279.323,63.270,0
31.8250,119.4250,282,1892.2311,267.621,68.538,0
31.8250,119.6750,186,1894.3507,281.264,66.101,0
31.8250,119.9250,66,1896.7927,281.337,70.907,0
31.8250,120.1750,122,1896.9215,294.867,68.587,0
31.8250,120.4250,121,1896.2245,281.153,76.447,0
31.8250,120.6750,97,1896.6963,294.828,71.419,0
31.8250,120.9250,10,1888.5986,282.772,59.354,0
31.8250,121.1750,16,1891.9841,281.044,69.839,0
31.8250,121.4250,19,1886.2349,275.536,61.492,0
31.8250,121.6750,39,1891.0807,250.477,85.235,0
31.8250,121.9250,6,1864.9059,205.169,75.392,0
31.8250,122.1750,20,1853.6824,196.067,39.265,0
31.8250,122.4250,23,1834.4590,211.775,28.782,0
31.5750,114.9250,87,1886.8538,278.596,54.684,0
31.5750,115.1750,33,1882.4805,302.728,48.922,0
31.5750,115.4250,21,1876.9195,284.708,61.105,0
31.5750,115.6750,54,1877.6108,268.459,71.121,0
31.5750,115.9250,42,1878.3628,283.224,65.457,0
31.5750,116.1750,156,1890.7018,278.826,68.633,0
31.5750,116.4250,267,1892.4287,289.118,59.640,0
31.5750,116.6750,314,1895.7193,275.487,69.147,0
31.5750,116.9250,305,1895.7420,274.378,69.378,0
31.5750,117.1750,142,1897.3347,253.904,69.994,0
31.5750,117.4250,18,1887.4821,248.958,71.384,0
31.5750,117.6750,5,1904.5154,192.386,77.366,0
31.5750,117.9250,126,1895.8980,273.255,72.656,0
31.5750,118.1750,223,1895.6999,282.136,66.464,0
31.5750,118.4250,115,1894.7001,300.269,44.570,0
31.5750,118.6750,202,1894.0550,269.778,69.998,0
31.5750,118.9250,78,1892.1603,285.586,66.466,0
31.5750,119.1750,241,1895.7901,281.816,65.929,0
31.5750,119.4250,134,1895.9682,282.927,71.242,0
31.5750,119.6750,42,1889.0975,275.914,65.086,0
31.5750,119.9250,32,1907.0236,278.111,76.089,0
31.5750,120.1750,50,1899.1915,275.552,80.384,0
31.5750,120.4250,66,1895.9154,280.990,81.872,0
31.5750,120.6750,18,1891.1040,281.164,66.320,0
31.5750,120.9250,71,1894.0193,263.577,84.682,0
31.5750,121.1750,58,1900.7744,282.772,76.228,0
31.5750,121.4250,9,1894.2636,304.717,33.591,0
31.5750,121.6750,1,1869.5256,313.135,0.000,1
31.5750,121.9250,0,,,,
31.5750,122.1750,1,1858.0408,194.164,0.000,1
31.5750,122.4250,13,1834.8763,219.397,10.614,1
31.3250,114.9250,228,1885.5994,287.723,58.700,0
31.3250,115.1750,74,1888.4577,289.128,59.376,0
31.3250,115.4250,0,,,,
31.3250,115.6750,1,1903.6946,274.160,0.000,1
31.3250,115.9250,0,,,,
31.3250,116.1750,27,1889.0034,275.879,68.042,0
31.3250,116.4250,82,1888.8186,284.143,63.250,0
31.3250,116.6750,164,1892.3624,288.658,62.970,0
31.3250,116.9250,203,1894.1882,274.542,71.866,0
31.3250,117.1750,233,1894.5491,270.411,74.698,0
31.3250,117.4250,209,1894.1223,268.172,73.081,0
31.3250,117.6750,220,1896.3157,274.362,69.790,0
31.3250,117.9250,201,1895.8015,278.290,64.793,0
31.3250,118.1750,128,1894.7994,283.894,54.521,0
31.3250,118.4250,159,1897.1896,291.859,52.229,0
31.3250,118.6750,247,1893.3693,258.378,70.051,0
31.3250,118.9250,43,1891.9439,270.501,68.049,0
31.3250,119.1750,208,1892.2994,271.731,76.948,0
31.3250,119.4250,173,1893.8865,292.826,73.972,0
31.3250,119.6750,93,1894.4629,275.861,68.063,0
31.3250,119.9250,15,1892.7305,287.372,62.157,0
31.3250,120.1750,2,1929.6814,247.166,0.000,1
31.3250,120.4250,14,1901.5611,276.032,67.526,0
31.3250,120.6750,24,1896.6374,287.668,40.076,0
31.3250,120.9250,31,1900.1950,258.687,87.922,0
31.3250,121.1750,97,1899.9349,275.630,80.488,0
31.3250,121.4250,49,1901.3667,266.084,80.188,0
31.3250,121.6750,6,1884.1311,308.660,26.945,0
31.3250,121.9250,0,,,,
31.3250,122.1750,3,1872.0811,135.169,0.000,1
31.3250,122.4250,11,1849.9696,181.348,51.108,0
31.0750,114.9250,170,1892.9124,284.693,60.111,0
31.0750,115.1750,21,1888.1170,268.135,64.529,0
31.0750,115.4250,26,1882.3110,296.608,48.408,0
31.0750,115.6750,0,,,,
31.0750,115.9250,0,,,,
31.0750,116.1750,0,,,,
31.0750,116.4250,0,,,,
31.0750,116.6750,0,,,,
31.0750,116.9250,86,1893.6659,292.211,57.259,0
31.0750,117.1750,220,1894.0772,273.314,69.530,0
31.0750,117.4250,179,1894.7401,284.828,65.979,0
31.0750,117.6750,152,1892.2354,282.136,56.419,0
31.0750,117.9250,96,1896.8450,288.622,51.086,0
31.0750,118.1750,197,1894.4791,279.276,66.667,0
31.0750,118.4250,258,1896.3097,274.377,70.549,0
31.0750,118.6750,190,1896.1113,276.634,68.421,0
31.0750,118.9250,44,1895.6305,262.742,61.668,0
31.0750,119.1750,156,1893.4542,274.909,78.567,0
31.0750,119.4250,181,1894.8426,273.257,80.176,0
31.0750,119.6750,40,1905.3447,268.919,72.474,0
31.0750,119.9250,39,1900.0172,264.527,73.735,0
31.0750,120.1750,5,1901.7282,255.370,51.439,0
31.0750,120.4250,0,,,,
31.0750,120.6750,24,1900.7679,262.501,49.079,0
31.0750,120.9250,25,1898.9306,275.482,59.376,0
31.0750,121.1750,90,1899.9269,270.065,68.433,0
31.0750,121.4250,46,1903.1808,272.753,62.178,0
31.0750,121.6750,62,1901.8431,278.474,63.508,0
31.0750,121.9250,3,1900.8639,232.833,77.565,0
31.0750,122.1750,11,1875.1099,140.532,16.960,0
31.0750,122.4250,12,1861.4572,153.001,39.874,0
30.8250,114.9250,176,1888.5154,296.927,47.567,0
30.8250,115.1750,100,1890.6421,288.591,56.473,0
30.8250,115.4250,45,1889.2018,302.249,42.711,0
30.8250,115.6750,35,1889.4478,298.494,43.326,0
30.8250,115.9250,0,,,,
30.8250,116.1750,0,,,,
30.8250,116.4250,2,1883.9842,315.179,10.995,1
30.8250,116.6750,119,1891.2520,284.488,57.278,0
30.8250,116.9250,145,1893.1377,289.233,49.850,0
30.8250,117.1750,26,1895.2645,271.365,61.665,0
30.8250,117.4250,42,1895.7696,285.893,66.249,0
30.8250,117.6750,65,1893.8725,287.972,30.087,0
30.8250,117.9250,118,1894.1640,294.791,46.024,0
30.8250,118.1750,169,1893.3629,291.671,51.816,0
30.8250,118.4250,189,1896.9868,281.772,55.154,0
30.8250,118.6750,151,1895.5746,290.531,52.736,0
30.8250,118.9250,150,1890.9994,293.480,62.782,0
30.8250,119.1750,135,1891.8635,295.171,62.616,0
30.8250,119.4250,90,1896.5128,289.303,68.512,0
30.8250,119.6750,153,1896.6113,279.535,69.775,0
30.8250,119.9250,100,1899.0540,269.649,68.994,0
30.8250,120.1750,92,1898.5342,277.788,56.551,0
30.8250,120.4250,103,1901.3303,289.711,61.665,0
30.8250,120.6750,110,1898.3564,284.183,59.357,0
30.8250,120.9250,111,1901.1186,283.371,56.336,0
30.8250,121.1750,117,1895.2910,270.431,55.577,0
30.8250,121.4250,34,1898.6346,279.957,59.033,0
30.8250,121.6750,10,1892.7485,259.267,61.176,0
30.8250,121.9250,0,,,,
30.8250,122.1750,4,1877.4044,135.169,0.000,1
30.8250,122.4250,7,1871.5403,160.453,29.195,0
30.5750,114.9250,89,1892.8513,293.384,42.740,0
30.5750,115.1750,196,1889.7188,293.017,51.876,0
30.5750,115.4250,147,1888.3251,294.229,49.542,0
30.5750,115.6750,32,1882.9122,282.023,41.272,0
30.5750,115.9250,4,1878.4529,238.425,81.243,0
30.5750,116.1750,8,1866.8972,308.184,51.931,0
30.5750,116.4250,124,1892.9928,293.130,43.903,0
30.5750,116.6750,262,1890.3160,290.873,48.279,0
30.5750,116.9250,131,1893.1325,299.596,39.879,0
30.5750,117.1750,9,1892.0671,308.507,38.726,0
30.5750,117.4250,77,1902.0114,279.761,39.868,0
30.5750,117.6750,49,1901.9099,285.132,37.054,0
30.5750,117.9250,52,1894.0680,298.058,34.523,0
30.5750,118.1750,31,1889.3274,291.400,59.746,0
30.5750,118.4250,38,1894.4339,297.411,55.762,0
30.5750,118.6750,7,1886.1898,316.176,21.731,0
30.5750,118.9250,97,1890.1192,300.222,57.828,0
30.5750,119.1750,61,1886.0709,302.763,60.620,0
30.5750,119.4250,39,1888.7023,291.017,68.797,0
30.5750,119.6750,57,1890.1124,302.891,64.045,0
30.5750,119.9250,57,1897.8018,284.834,70.034,0
30.5750,120.1750,107,1897.2139,265.571,70.140,0
30.5750,120.4250,119,1901.4020,289.459,61.294,0
30.5750,120.6750,102,1904.6182,301.941,35.965,0
30.5750,120.9250,60,1898.3894,289.963,50.282,0
30.5750,121.1750,2,1909.6034,300.660,26.500,0
30.5750,121.4250,10,1875.0132,172.970,32.696,0
30.5750,121.6750,5,1915.8885,215.562,50.311,0
30.5750,121.9250,3,1898.7755,171.163,12.726,1
30.5750,122.1750,1,1927.9896,247.166,0.000,1
30.5750,122.4250,3,1869.6788,156.502,30.170,0
30.3250,114.9250,38,1893.8787,280.998,33.768,0
30.3250,115.1750,77,1888.8501,283.104,44.899,0
30.3250,115.4250,172,1890.7860,298.315,39.383,0
30.3250,115.6750,67,1887.2660,305.924,35.227,0
30.3250,115.9250,18,1890.6220,300.402,34.640,0
30.3250,116.1750,136,1892.1103,292.214,45.333,0
30.3250,116.4250,162,1892.4495,286.383,47.039,0
30.3250,116.6750,65,1892.3513,279.611,48.755,0
30.3250,116.9250,42,1897.9739,280.512,41.817,0
30.3250,117.1750,78,1897.4708,285.227,51.046,0
30.3250,117.4250,14,1897.1886,273.535,65.050,0
30.3250,117.6750,5,1883.5181,298.166,37.121,0
30.3250,117.9250,2,1867.4958,309.188,4.017,1
30.3250,118.1750,12,1880.7841,318.427,27.872,0
30.3250,118.4250,9,1887.9020,300.840,60.225,0
30.3250,118.6750,9,1878.1489,317.505,21.820,0
30.3250,118.9250,7,1882.3243,283.030,67.158,0
30.3250,119.1750,9,1879.4786,300.730,63.380,0
30.3250,119.4250,33,1888.1806,285.259,71.835,0
30.3250,119.6750,48,1896.3914,292.004,65.394,0
30.3250,119.9250,108,1896.1216,295.900,51.193,0
30.3250,120.1750,60,1908.9719,305.049,39.986,0
30.3250,120.4250,17,1906.6541,306.461,26.870,0
30.3250,120.6750,2,1910.2266,287.163,13.990,1
30.3250,120.9250,2,1885.7297,313.135,0.000,1
30.3250,121.1750,15,1898.8519,313.624,22.174,0
30.3250,121.4250,6,1897.8027,280.832,41.026,0
30.3250,121.6750,4,1905.2545,180.667,18.502,0
30.3250,121.9250,3,1863.3359,198.840,15.084,0
30.3250,122.1750,3,1891.2036,245.169,45.743,0
30.3250,122.4250,1,1868.4804,135.169,0.000,1
30.0750,114.9250,74,1895.8588,293.814,42.199,0
30.0750,115.1750,3,1890.7352,253.510,14.395,1
30.0750,115.4250,77,1892.3873,293.129,38.119,0
30.0750,115.6750,67,1891.2487,291.004,38.462,0
30.0750,115.9250,80,1895.5183,277.704,48.456,0
30.0750,116.1750,63,1892.7392,290.686,45.360,0
30.0750,116.4250,5,1916.6710,267.774,34.316,0
30.0750,116.6750,29,1900.8739,290.699,36.611,0
30.0750,116.9250,40,1894.9555,292.777,47.470,0
30.0750,117.1750,16,1888.8368,295.053,50.468,0
30.0750,117.4250,1,1868.3782,284.168,0.000,1
30.0750,117.6750,3,1880.6295,334.515,21.544,0
30.0750,117.9250,11,1894.3670,291.536,61.765,0
30.0750,118.1750,0,,,,
30.0750,118.4250,24,1888.9476,294.132,56.201,0
30.0750,118.6750,9,1886.8760,282.727,60.494,0
30.0750,118.9250,0,,,,
30.0750,119.1750,18,1891.1735,287.116,72.156,0
30.0750,119.4250,17,1891.9852,294.935,51.134,0
30.0750,119.6750,34,1895.3956,288.960,55.309,0
30.0750,119.9250,26,1905.6347,295.819,35.310,0
30.0750,120.1750,34,1900.4165,285.609,43.539,0
30.0750,120.4250,80,1904.2586,303.803,34.427,0
30.0750,120.6750,76,1904.2964,292.690,34.738,0
30.0750,120.9250,66,1901.5502,290.345,38.994,0
30.0750,121.1750,67,1900.9640,307.459,24.720,0
30.0750,121.4250,49,1899.2166,289.979,45.502,0
30.0750,121.6750,3,1912.1069,263.165,57.581,0
30.0750,121.9250,0,,,,
30.0750,122.1750,0,,,,
30.0750,122.4250,1,1878.2952,135.169,0.000,1
29.8250,114.9250,20,1889.3669,294.085,29.703,0
29.8250,115.1750,60,1890.3590,286.817,42.578,0
29.8250,115.4250,10,1890.2463,290.878,32.937,0
29.8250,115.6750,7,1894.5973,314.183,26.451,0
29.8250,115.9250,37,1892.2569,277.318,41.488,0
29.8250,116.1750,0,,,,
29.8250,116.4250,51,1889.1174,286.002,54.934,0
29.8250,116.6750,95,1892.6715,297.283,48.893,0
29.8250,116.9250,70,1888.5668,302.706,47.692,0
29.8250,117.1750,94,1889.7275,294.144,53.849,0
29.8250,117.4250,118,1888.5925,290.743,55.206,0
29.8250,117.6750,79,1892.5539,297.275,52.527,0
29.8250,117.9250,106,1888.3782,285.985,65.353,0
29.8250,118.1750,97,1891.2980,284.030,57.782,0
29.8250,118.4250,121,1890.7375,288.476,57.537,0
29.8250,118.6750,12,1889.4342,308.419,21.602,0
29.8250,118.9250,0,,,,
29.8250,119.1750,2,1888.2642,276.169,2.995,1
29.8250,119.4250,0,,,,
29.8250,119.6750,11,1894.3757,305.344,24.511,0
29.8250,119.9250,0,,,,
29.8250,120.1750,55,1904.6882,295.346,37.468,0
29.8250,120.4250,71,1905.2597,292.419,40.156,0
29.8250,120.6750,11,1905.1281,294.887,23.230,0
29.8250,120.9250,49,1900.4676,294.960,42.213,0
29.8250,121.1750,2,1935.3618,275.147,26.994,0
29.8250,121.4250,76,1897.5017,301.109,42.331,0
29.8250,121.6750,26,1904.1809,297.435,33.705,0
29.8250,121.9250,0,,,,
29.8250,122.1750,0,,,,
29.8250,122.4250,2,1868.7435,215.168,0.000,1
29.5750,114.9250,21,1889.5731,301.560,27.883,0
29.5750,115.1750,7,1886.8866,269.749,73.361,0
29.5750,115.4250,3,1896.2804,327.513,20.517,0
29.5750,115.6750,84,1899.1549,306.584,33.875,0
29.5750,115.9250,31,1891.3867,308.600,34.757,0
29.5750,116.1750,10,1888.7837,312.283,38.556,0
29.5750,116.4250,134,1891.4197,307.076,36.222,0
29.5750,116.6750,203,1892.1760,302.868,42.217,0
29.5750,116.9250,121,1891.8766,293.831,53.719,0
29.5750,117.1750,108,1885.4751,293.697,53.051,0
29.5750,117.4250,65,1889.1363,298.131,50.236,0
29.5750,117.6750,0,,,,
29.5750,117.9250,0,,,,
29.5750,118.1750,54,1891.0363,287.970,56.205,0
29.5750,118.4250,13,1885.1364,298.638,58.283,0
29.5750,118.6750,10,1891.2740,284.570,35.857,0
29.5750,118.9250,0,,,,
29.5750,119.1750,0,,,,
29.5750,119.4250,11,1897.4225,292.081,51.789,0
29.5750,119.6750,3,1903.9305,319.173,32.964,0
29.5750,119.9250,23,1898.0777,303.431,38.046,0
29.5750,120.1750,61,1899.5569,299.905,43.158,0
29.5750,120.4250,26,1902.8550,308.438,35.934,0
29.5750,120.6750,37,1903.1196,299.759,40.135,0
29.5750,120.9250,61,1902.2517,300.330,44.347,0
29.5750,121.1750,0,,,,
29.5750,121.4250,12,1902.2708,294.246,56.431,0
29.5750,121.6750,1,1866.0456,313.135,0.000,1
29.5750,121.9250,0,,,,
29.5750,122.1750,1,1848.1847,189.160,0.000,1
29.5750,122.4250,41,1855.1248,186.534,38.146,0
29.3250,114.9250,37,1883.6763,307.482,31.376,0
29.3250,115.1750,13,1890.6803,306.185,23.204,0
29.3250,115.4250,41,1890.2434,303.763,29.376,0
29.3250,115.6750,165,1897.4224,307.574,31.176,0
29.3250,115.9250,36,1893.2197,301.596,25.420,0
29.3250,116.1750,3,1858.5460,331.179,37.480,0
29.3250,116.4250,81,1895.8806,306.710,37.587,0
29.3250,116.6750,68,1891.1032,302.241,35.567,0
29.3250,116.9250,171,1889.5708,297.014,48.052,0
29.3250,117.1750,179,1891.2032,296.233,49.317,0
29.3250,117.4250,109,1886.5547,296.132,48.179,0
29.3250,117.6750,165,1887.2389,288.308,58.501,0
29.3250,117.9250,107,1886.4789,294.903,57.889,0
29.3250,118.1750,0,,,,
29.3250,118.4250,1,1889.0294,352.182,0.000,1
29.3250,118.6750,18,1880.8517,302.618,40.466,0
29.3250,118.9250,0,,,,
29.3250,119.1750,20,1888.9869,278.321,60.580,0
29.3250,119.4250,79,1888.4224,274.034,68.842,0
29.3250,119.6750,19,1889.6257,279.798,60.398,0
29.3250,119.9250,59,1899.3282,320.577,32.189,0
29.3250,120.1750,44,1899.2640,315.508,29.650,0
29.3250,120.4250,15,1902.1098,303.503,54.307,0
29.3250,120.6750,6,1904.1724,302.164,30.746,0
29.3250,120.9250,9,1889.4456,286.948,49.660,0
29.3250,121.1750,0,,,,
29.3250,121.4250,7,1906.0336,305.594,29.670,0
29.3250,121.6750,2,1884.6498,313.135,0.000,1
29.3250,121.9250,0,,,,
29.3250,122.1750,10,1869.4349,204.271,26.068,0
29.3250,122.4250,31,1859.7374,202.170,23.717,0
29.0750,114.9250,21,1884.5271,304.278,28.805,0
29.0750,115.1750,0,,,,
29.0750,115.4250,4,1884.9104,309.682,26.299,0
29.0750,115.6750,129,1895.5339,307.187,30.812,0
29.0750,115.9250,61,1900.0442,281.988,44.131,0
29.0750,116.1750,15,1909.9710,254.853,44.963,0
29.0750,116.4250,0,,,,
29.0750,116.6750,10,1894.7670,269.776,50.405,0
29.0750,116.9250,181,1892.9717,294.333,53.720,0
29.0750,117.1750,175,1892.6603,290.667,57.094,0
29.0750,117.4250,173,1890.0647,286.744,62.278,0
29.0750,117.6750,106,1887.7190,291.845,63.254,0
29.0750,117.9250,79,1885.7377,285.355,65.449,0
29.0750,118.1750,7,1891.3084,316.599,28.422,0
29.0750,118.4250,40,1886.9033,295.822,59.337,0
29.0750,118.6750,50,1889.2405,292.673,59.628,0
29.0750,118.9250,108,1893.2131,284.173,53.062,0
29.0750,119.1750,178,1889.3717,280.618,61.642,0
29.0750,119.4250,138,1888.9318,275.625,67.609,0
29.0750,119.6750,75,1892.8639,300.333,49.153,0
29.0750,119.9250,30,1898.7384,307.466,42.183,0
29.0750,120.1750,42,1897.1668,317.979,38.453,0
29.0750,120.4250,14,1900.5889,315.310,28.912,0
29.0750,120.6750,3,1912.9154,291.498,12.964,1
29.0750,120.9250,10,1898.0520,316.864,28.636,0
29.0750,121.1750,0,,,,
29.0750,121.4250,1,1865.0019,313.135,0.000,1
29.0750,121.6750,2,1848.7550,313.135,0.000,1
29.0750,121.9250,0,,,,
29.0750,122.1750,24,1874.0602,212.795,13.214,1
29.0750,122.4250,24,1875.7558,203.835,30.951,0
28.8250,114.9250,0,,,,
28.8250,115.1750,20,1890.9791,299.578,24.183,0
28.8250,115.4250,168,1896.7772,300.866,35.092,0
28.8250,115.6750,99,1898.1758,306.127,31.311,0
28.8250,115.9250,65,1903.8859,284.409,41.161,0
28.8250,116.1750,45,1898.3425,270.050,46.251,0
28.8250,116.4250,8,1897.5769,302.933,25.423,0
28.8250,116.6750,103,1897.1906,294.266,43.426,0
28.8250,116.9250,189,1895.2860,293.352,49.020,0
28.8250,117.1750,148,1891.8079,290.064,53.426,0
28.8250,117.4250,145,1889.6141,290.552,56.925,0
28.8250,117.6750,43,1886.8339,288.854,60.842,0
28.8250,117.9250,0,,,,
28.8250,118.1750,15,1891.7523,291.709,53.329,0
28.8250,118.4250,140,1889.4762,290.319,61.525,0
28.8250,118.6750,92,1890.2705,286.403,59.153,0
28.8250,118.9250,63,1898.5498,277.743,57.740,0
28.8250,119.1750,6,1894.3846,265.009,58.803,0
28.8250,119.4250,0,,,,
28.8250,119.6750,21,1893.0931,287.742,62.281,0
28.8250,119.9250,46,1897.3849,308.821,45.976,0
28.8250,120.1750,39,1889.9716,319.325,30.476,0
28.8250,120.4250,1,1885.7087,334.138,0.000,1
28.8250,120.6750,3,1890.9603,281.161,2.164,1
28.8250,120.9250,14,1893.6587,252.950,68.512,0
28.8250,121.1750,11,1900.9121,289.165,54.124,0
28.8250,121.4250,2,1917.6528,293.648,19.488,0
28.8250,121.6750,1,1890.4287,313.135,0.000,1
28.8250,121.9250,6,1873.6107,229.170,20.120,0
28.8250,122.1750,15,1867.4389,215.436,27.713,0
28.8250,122.4250,35,1871.9044,173.482,31.784,0
28.5750,114.9250,62,1886.4520,307.779,23.468,0
28.5750,115.1750,94,1892.7276,300.310,33.948,0
28.5750,115.4250,188,1895.9069,298.195,33.709,0
28.5750,115.6750,108,1896.6522,303.009,32.929,0
28.5750,115.9250,23,1896.4126,306.133,30.694,0
28.5750,116.1750,4,1908.1840,301.436,31.484,0
28.5750,116.4250,9,1904.5463,299.071,33.805,0
28.5750,116.6750,97,1897.1240,292.233,36.731,0
28.5750,116.9250,149,1893.4339,297.873,41.838,0
28.5750,117.1750,81,1892.8006,298.909,55.520,0
28.5750,117.4250,94,1890.7305,287.114,63.072,0
28.5750,117.6750,49,1887.2673,293.809,58.801,0
28.5750,117.9250,87,1893.3148,291.191,56.966,0
28.5750,118.1750,182,1893.3177,285.347,58.808,0
28.5750,118.4250,197,1890.4773,284.688,56.849,0
28.5750,118.6750,39,1887.5661,305.867,36.991,0
28.5750,118.9250,0,,,,
28.5750,119.1750,0,,,,
28.5750,119.4250,2,1888.4424,339.671,12.511,1
28.5750,119.6750,2,1908.2161,302.176,2.009,1
28.5750,119.9250,3,1889.4698,322.180,13.141,1
28.5750,120.1750,12,1898.1387,316.918,29.778,0
28.5750,120.4250,0,,,,
28.5750,120.6750,0,,,,
28.5750,120.9250,0,,,,
28.5750,121.1750,18,1912.4478,300.837,25.169,0
28.5750,121.4250,29,1899.3294,304.476,25.933,0
28.5750,121.6750,0,,,,
28.5750,121.9250,3,1882.6101,238.168,25.450,0
28.5750,122.1750,14,1869.8814,165.527,40.730,0
28.5750,122.4250,21,1876.4844,152.692,30.989,0
28.3250,114.9250,146,1896.1701,299.856,41.298,0
28.3250,115.1750,172,1896.3829,295.235,44.808,0
28.3250,115.4250,132,1901.0120,302.233,33.672,0
28.3250,115.6750,80,1902.2164,290.268,37.363,0
28.3250,115.9250,112,1898.8850,284.805,42.157,0
28.3250,116.1750,82,1900.7928,298.647,39.154,0
28.3250,116.4250,132,1898.4054,301.767,35.587,0
28.3250,116.6750,154,1896.2132,296.527,46.155,0
28.3250,116.9250,163,1893.7443,301.708,45.132,0
28.3250,117.1750,128,1892.5762,309.786,38.723,0
28.3250,117.4250,126,1892.0673,286.074,61.325,0
28.3250,117.6750,125,1893.9644,297.993,44.166,0
28.3250,117.9250,58,1894.6688,284.764,65.818,0
28.3250,118.1750,126,1895.6018,284.955,61.332,0
28.3250,118.4250,13,1897.9441,286.092,51.599,0
28.3250,118.6750,0,,,,
28.3250,118.9250,0,,,,
28.3250,119.1750,0,,,,
28.3250,119.4250,2,1894.3201,326.668,25.514,0
28.3250,119.6750,9,1891.2946,313.402,24.074,0
28.3250,119.9250,14,1885.9446,307.960,26.814,0
28.3250,120.1750,0,,,,
28.3250,120.4250,0,,,,
28.3250,120.6750,0,,,,
28.3250,120.9250,0,,,,
28.3250,121.1750,0,,,,
28.3250,121.4250,15,1905.1196,287.231,47.868,0
28.3250,121.6750,0,,,,
28.3250,121.9250,9,1884.5392,150.613,26.950,0
28.3250,122.1750,12,1871.9007,135.169,0.000,1
28.3250,122.4250,14,1868.8464,147.312,29.745,0
28.0750,114.9250,112,1900.8909,301.503,36.492,0
28.0750,115.1750,197,1900.1452,293.366,48.567,0
28.0750,115.4250,134,1903.4429,294.415,37.185,0
28.0750,115.6750,182,1907.0660,291.584,38.922,0
28.0750,115.9250,167,1901.6276,296.156,36.702,0
28.0750,116.1750,148,1902.5722,301.958,35.643,0
28.0750,116.4250,153,1899.8982,306.373,37.621,0
28.0750,116.6750,168,1895.3749,300.563,42.651,0
28.0750,116.9250,147,1892.8995,301.439,45.351,0
28.0750,117.1750,71,1894.0560,307.362,33.531,0
28.0750,117.4250,9,1884.9276,298.060,37.053,0
28.0750,117.6750,18,1897.4478,300.786,50.610,0
28.0750,117.9250,10,1894.6374,293.675,59.535,0
28.0750,118.1750,0,,,,
28.0750,118.4250,13,1888.0932,274.561,59.236,0
28.0750,118.6750,0,,,,
28.0750,118.9250,0,,,,
28.0750,119.1750,0,,,,
28.0750,119.4250,0,,,,
28.0750,119.6750,0,,,,
28.0750,119.9250,0,,,,
28.0750,120.1750,0,,,,
28.0750,120.4250,0,,,,
28.0750,120.6750,1,1909.0228,273.173,0.000,1
28.0750,120.9250,0,,,,
28.0750,121.1750,0,,,,
28.0750,121.4250,6,1869.6110,205.500,43.758,0
28.0750,121.6750,27,1879.0547,187.389,48.602,0
28.0750,121.9250,26,1885.2457,156.553,23.290,0
28.0750,122.1750,12,1871.1001,138.752,11.883,1
28.0750,122.4250,10,1891.1169,165.865,30.017,0
27.8250,114.9250,145,1902.8996,299.217,37.127,0
27.8250,115.1750,190,1902.0934,289.385,50.042,0
27.8250,115.4250,107,1905.5759,289.174,27.018,0
27.8250,115.6750,31,1898.3750,303.700,27.367,0
27.8250,115.9250,107,1895.8898,306.545,27.689,0
27.8250,116.1750,156,1900.9276,300.054,44.751,0
27.8250,116.4250,132,1897.9548,306.199,33.087,0
27.8250,116.6750,164,1898.5392,303.474,38.745,0
27.8250,116.9250,41,1893.6875,307.500,26.134,0
27.8250,117.1750,1,1846.0371,302.211,0.000,1
27.8250,117.4250,0,,,,
27.8250,117.6750,0,,,,
27.8250,117.9250,2,1923.7855,312.678,39.504,0
27.8250,118.1750,0,,,,
27.8250,118.4250,5,1896.3330,322.383,30.976,0
27.8250,118.6750,12,1886.3175,281.678,48.839,0
27.8250,118.9250,0,,,,
27.8250,119.1750,0,,,,
27.8250,119.4250,0,,,,
27.8250,119.6750,0,,,,
27.8250,119.9250,8,1891.3600,305.550,28.816,0
27.8250,120.1750,0,,,,
27.8250,120.4250,6,1902.2716,309.670,31.728,0
27.8250,120.6750,4,1899.1365,282.670,10.401,1
27.8250,120.9250,0,,,,
27.8250,121.1750,4,1862.0465,201.917,39.478,0
27.8250,121.4250,28,1862.3811,195.634,47.157,0
27.8250,121.6750,33,1881.5860,168.713,42.162,0
27.8250,121.9250,19,1887.8338,150.430,29.317,0
27.8250,122.1750,17,1880.7075,141.521,11.451,1
27.8250,122.4250,26,1888.4004,152.359,18.228,0
27.5750,114.9250,165,1899.6940,292.925,48.595,0
27.5750,115.1750,129,1899.6100,287.915,42.966,0
27.5750,115.4250,105,1901.2440,291.546,41.843,0
27.5750,115.6750,94,1897.0209,302.363,40.403,0
27.5750,115.9250,54,1895.2397,305.572,30.747,0
27.5750,116.1750,102,1898.0277,308.321,32.956,0
27.5750,116.4250,30,1898.2272,312.750,28.225,0
27.5750,116.6750,87,1896.8095,304.171,34.201,0
27.5750,116.9250,15,1888.8192,310.584,24.100,0
27.5750,117.1750,18,1892.8796,316.123,23.928,0
27.5750,117.4250,10,1890.4844,313.587,25.784,0
27.5750,117.6750,0,,,,
27.5750,117.9250,40,1894.7012,301.531,42.149,0
27.5750,118.1750,24,1891.1533,292.849,40.922,0
27.5750,118.4250,0,,,,
27.5750,118.6750,20,1887.9022,292.975,37.919,0
27.5750,118.9250,0,,,,
27.5750,119.1750,0,,,,
27.5750,119.4250,0,,,,
27.5750,119.6750,0,,,,
27.5750,119.9250,0,,,,
27.5750,120.1750,0,,,,
27.5750,120.4250,23,1894.5773,280.782,60.292,0
27.5750,120.6750,1,1853.1316,177.178,0.000,1
27.5750,120.9250,5,1865.4808,193.374,37.598,0
27.5750,121.1750,12,1872.3096,169.753,26.646,0
27.5750,121.4250,43,1873.1707,165.658,22.492,0
27.5750,121.6750,32,1877.0060,159.012,25.213,0
27.5750,121.9250,14,1883.2203,155.881,32.459,0
27.5750,122.1750,18,1888.6667,155.778,29.152,0
27.5750,122.4250,24,1892.9819,161.583,20.250,0
27.3250,114.9250,153,1898.7747,283.822,53.165,0
27.3250,115.1750,71,1901.5588,286.241,38.670,0
27.3250,115.4250,164,1896.0961,299.417,44.480,0
27.3250,115.6750,145,1897.7009,306.400,27.917,0
27.3250,115.9250,49,1894.8434,312.268,26.941,0
27.3250,116.1750,10,1892.5232,317.583,26.290,0
27.3250,116.4250,29,1897.7153,308.734,26.801,0
27.3250,116.6750,118,1900.6035,301.538,37.638,0
27.3250,116.9250,89,1887.4012,309.440,32.459,0
27.3250,117.1750,8,1889.5774,325.056,22.883,0
27.3250,117.4250,26,1900.4727,304.561,30.822,0
27.3250,117.6750,7,1902.3065,295.183,25.267,0
27.3250,117.9250,67,1898.9147,300.196,34.757,0
27.3250,118.1750,82,1895.5764,297.779,36.735,0
27.3250,118.4250,2,1909.3850,290.687,13.497,1
27.3250,118.6750,0,,,,
27.3250,118.9250,3,1855.7504,293.519,73.182,0
27.3250,119.1750,26,1892.2905,295.906,59.114,0
27.3250,119.4250,0,,,,
27.3250,119.6750,0,,,,
27.3250,119.9250,0,,,,
27.3250,120.1750,1,1884.0211,331.178,0.000,1
27.3250,120.4250,2,1889.9054,222.179,77.988,0
27.3250,120.6750,8,1861.1296,194.675,37.612,0
27.3250,120.9250,27,1857.5140,196.876,40.675,0
27.3250,121.1750,37,1867.3680,184.523,19.104,0
27.3250,121.4250,38,1868.8302,176.039,14.676,1
27.3250,121.6750,21,1874.9833,175.741,31.313,0
27.3250,121.9250,25,1870.3572,200.806,49.009,0
27.3250,122.1750,15,1882.5646,187.966,33.924,0
27.3250,122.4250,5,1882.1547,184.367,18.128,0
27.0750,114.9250,105,1904.9249,294.596,46.536,0
27.0750,115.1750,33,1900.6236,290.938,48.915,0
27.0750,115.4250,104,1897.5860,308.339,28.177,0
27.0750,115.6750,50,1897.6393,309.908,28.103,0
27.0750,115.9250,2,1889.1697,303.198,27.981,0
27.0750,116.1750,9,1900.0531,308.186,32.521,0
27.0750,116.4250,55,1895.9999,307.966,32.563,0
27.0750,116.6750,96,1898.2153,300.495,36.968,0
27.0750,116.9250,20,1893.1771,319.880,26.975,0
27.0750,117.1750,11,1888.5938,296.092,37.134,0
27.0750,117.4250,4,1885.9869,303.427,30.016,0
27.0750,117.6750,15,1882.6820,291.916,22.104,0
27.0750,117.9250,6,1891.1958,295.187,46.869,0
27.0750,118.1750,21,1890.7652,302.040,35.924,0
27.0750,118.4250,24,1902.3521,289.181,35.707,0
27.0750,118.6750,7,1883.6693,304.185,48.953,0
27.0750,118.9250,6,1868.7768,302.011,57.352,0
27.0750,119.1750,3,1886.0739,294.505,26.047,0
27.0750,119.4250,0,,,,
27.0750,119.6750,0,,,,
27.0750,119.9250,0,,,,
27.0750,120.1750,0,,,,
27.0750,120.4250,3,1864.0198,175.837,61.799,0
27.0750,120.6750,16,1876.8779,189.239,43.386,0
27.0750,120.9250,16,1858.2153,178.988,30.051,0
27.0750,121.1750,24,1866.7964,177.172,23.583,0
27.0750,121.4250,25,1867.0694,180.290,28.811,0
27.0750,121.6750,22,1875.7472,169.126,27.349,0
27.0750,121.9250,9,1867.1072,202.832,55.139,0
27.0750,122.1750,1,1834.7918,263.165,0.000,1
27.0750,122.4250,2,1878.5839,124.173,0.000,1
