quantity,field,window,predictor,cell_set,value,n_cells,pearson,spearman,slope_ppb_per_unit,effective_n,p_nominal,p_corrected,note
annual composite cells,bias_corrected,annual,,any coverage,926,926,,,,,,,cells with at least one sounding in the window
annual composite soundings,bias_corrected,annual,,any coverage,110920,926,,,,,,,soundings in the window
annual composite between-cell sd,bias_corrected,annual,,any coverage,14.8649,926,,,,,,,"ppb, between covered cells"
flooded composite cells,bias_corrected,flooded,,any coverage,833,833,,,,,,,cells with at least one sounding in the window
flooded composite soundings,bias_corrected,flooded,,any coverage,26836,833,,,,,,,soundings in the window
flooded composite between-cell sd,bias_corrected,flooded,,any coverage,17.0164,833,,,,,,,"ppb, between covered cells"
growing composite cells,bias_corrected,growing,,any coverage,870,870,,,,,,,cells with at least one sounding in the window
growing composite soundings,bias_corrected,growing,,any coverage,30684,870,,,,,,,soundings in the window
growing composite between-cell sd,bias_corrected,growing,,any coverage,23.2295,870,,,,,,,"ppb, between covered cells"
october composite cells,bias_corrected,october,,any coverage,745,745,,,,,,,cells with at least one sounding in the window
october composite soundings,bias_corrected,october,,any coverage,34182,745,,,,,,,soundings in the window
october composite between-cell sd,bias_corrected,october,,any coverage,9.5565,745,,,,,,,"ppb, between covered cells"
off composite cells,bias_corrected,off,,any coverage,742,742,,,,,,,cells with at least one sounding in the window
off composite soundings,bias_corrected,off,,any coverage,35035,742,,,,,,,soundings in the window
off composite between-cell sd,bias_corrected,off,,any coverage,7.8448,742,,,,,,,"ppb, between covered cells"
bias_corrected annual level vs impervious_fraction,bias_corrected,annual,impervious_fraction,every window >= 15,+0.0642,366,0.064197183510518,0.041942272025533404,2.6622421147985733,73.251216656388,0.22048952943297762,0.5888167234294692,Pearson on the strict common set
bias_corrected annual level vs rice_fraction_single,bias_corrected,annual,rice_fraction_single,every window >= 15,-0.0545,262,-0.054499736543258105,-0.09149062307437987,-1.7636933934294947,28.484164130944595,0.37962337577672234,0.780978908217588,Pearson on the strict common set
bias_corrected annual level vs rice_fraction_combined,bias_corrected,annual,rice_fraction_combined,every window >= 15,-0.0557,262,-0.055699217133911676,-0.08541804910971502,-1.7620440459423496,28.362516526419657,0.3692084539048152,0.7767884166426845,Pearson on the strict common set
bias_corrected flooded level vs impervious_fraction,bias_corrected,flooded,impervious_fraction,every window >= 15,-0.0668,366,-0.06682290355735018,-0.10556897318710529,-5.251607947761749,80.42633603226304,0.20214985810563044,0.554820603854221,Pearson on the strict common set
bias_corrected flooded level vs rice_fraction_single,bias_corrected,flooded,rice_fraction_single,every window >= 15,+0.0691,262,0.06914093971389967,0.1246659200223126,4.254858518769995,53.72773173541322,0.26479570846509803,0.6202669973413337,Pearson on the strict common set
bias_corrected flooded level vs rice_fraction_combined,bias_corrected,flooded,rice_fraction_combined,every window >= 15,+0.0932,262,0.09320301987170916,0.1370205820956819,5.606848403202965,54.483783015836465,0.1324047513634932,0.500644560996625,Pearson on the strict common set
bias_corrected growing level vs impervious_fraction,bias_corrected,growing,impervious_fraction,every window >= 15,-0.0220,366,-0.02195829850598252,-0.13111192833903726,-2.105779797097786,52.31010921702696,0.6754350363445225,0.8768243785878602,Pearson on the strict common set
bias_corrected growing level vs rice_fraction_single,bias_corrected,growing,rice_fraction_single,every window >= 15,+0.1103,262,0.11029870377986906,0.09913388587684506,8.593050217699062,27.144453780316585,0.07470919042209555,0.5828020401080622,Pearson on the strict common set
bias_corrected growing level vs rice_fraction_combined,bias_corrected,growing,rice_fraction_combined,every window >= 15,+0.1376,262,0.13761726675556227,0.12786334606765642,10.480665325711442,27.470109861580305,0.02591469707797539,0.4895373897935056,Pearson on the strict common set
bias_corrected october level vs impervious_fraction,bias_corrected,october,impervious_fraction,every window >= 15,+0.0972,366,0.09722757451323208,0.08377966420090915,4.255148896436412,77.36642193461817,0.06315271796339719,0.39907445582054585,Pearson on the strict common set
bias_corrected october level vs rice_fraction_single,bias_corrected,october,rice_fraction_single,every window >= 15,-0.2042,262,-0.20417681346512861,-0.23314286896258143,-6.534122720570085,41.16044264506529,0.0008868054436872014,0.1994422195423335,Pearson on the strict common set
bias_corrected october level vs rice_fraction_combined,bias_corrected,october,rice_fraction_combined,every window >= 15,-0.1942,262,-0.19420198631081398,-0.20743535004041824,-6.075380974860429,40.79508649587344,0.0015856810183619543,0.22496687238456983,Pearson on the strict common set
bias_corrected off level vs impervious_fraction,bias_corrected,off,impervious_fraction,every window >= 15,+0.0719,366,0.07193325803234038,0.09736386883043058,3.960656022620693,44.961614439839586,0.16967888268779147,0.6388115011414544,Pearson on the strict common set
bias_corrected off level vs rice_fraction_single,bias_corrected,off,rice_fraction_single,every window >= 15,-0.2721,262,-0.27208904594138056,-0.2887208327453259,-10.491896727820874,42.42880844946712,7.907894126073364e-06,0.07966833683100503,Pearson on the strict common set
bias_corrected off level vs rice_fraction_combined,bias_corrected,off,rice_fraction_combined,every window >= 15,-0.2730,262,-0.2729596409320325,-0.2841121888189508,-10.289170679711104,42.435432262495326,7.3765097433954415e-06,0.07864713839025467,Pearson on the strict common set
raw annual level vs impervious_fraction,raw,annual,impervious_fraction,every window >= 15,+0.1952,366,0.1952121691508228,0.20373773673689044,11.12142955024549,40.90572883820065,0.00017122814176930907,0.2218502525754897,Pearson on the strict common set
raw annual level vs rice_fraction_single,raw,annual,rice_fraction_single,every window >= 15,-0.1523,262,-0.15228736082148314,-0.22289535869455346,-6.3603225715850105,30.12132613929131,0.013601864896074834,0.42073825089579686,Pearson on the strict common set
raw annual level vs rice_fraction_combined,raw,annual,rice_fraction_combined,every window >= 15,-0.1839,262,-0.18386485579581544,-0.26009346065654665,-7.506767949930382,30.17275537125748,0.002813684232087687,0.3292370725864732,Pearson on the strict common set
raw flooded level vs impervious_fraction,raw,flooded,impervious_fraction,every window >= 15,+0.1690,366,0.16901191475209604,0.1392458074065734,12.981653127686302,143.39576298771158,0.0011715901128761992,0.04330762859273342,Pearson on the strict common set
raw flooded level vs rice_fraction_single,raw,flooded,rice_fraction_single,every window >= 15,-0.0459,262,-0.045878426400028816,-0.05306546216051119,-2.8397878167146167,74.38062049527515,0.45963628387049765,0.697144219464896,Pearson on the strict common set
raw flooded level vs rice_fraction_combined,raw,flooded,rice_fraction_combined,every window >= 15,-0.0377,262,-0.03773651356683693,-0.051706956436738255,-2.2833797007113255,73.88033859637491,0.5431112999652868,0.7497707314233115,Pearson on the strict common set
raw growing level vs impervious_fraction,raw,growing,impervious_fraction,every window >= 15,+0.1648,366,0.16476590104409264,0.09753177449486032,15.066133547173736,102.90929566828845,0.0015614188624571278,0.09642848036189154,Pearson on the strict common set
raw growing level vs rice_fraction_single,raw,growing,rice_fraction_single,every window >= 15,-0.0577,262,-0.05767218000686439,-0.11162733438957824,-4.488618397617642,33.914255808257394,0.3524661618893645,0.7462909181877285,Pearson on the strict common set
raw growing level vs rice_fraction_combined,raw,growing,rice_fraction_combined,every window >= 15,-0.0648,262,-0.06475536508722277,-0.11412615754062423,-4.926756036217357,33.877756894660656,0.2963735456327272,0.7165018975570817,Pearson on the strict common set
raw october level vs impervious_fraction,raw,october,impervious_fraction,every window >= 15,+0.1297,366,0.12972772751314754,0.22692095645038612,9.19083804111085,35.77715919077308,0.012996962230196894,0.4523036872007358,Pearson on the strict common set
raw october level vs rice_fraction_single,raw,october,rice_fraction_single,every window >= 15,-0.2554,262,-0.25544698671180543,-0.2503864168110413,-12.404929654070868,31.30619933328234,2.856254019246061e-05,0.16320115616366968,Pearson on the strict common set
raw october level vs rice_fraction_combined,raw,october,rice_fraction_combined,every window >= 15,-0.2927,262,-0.29271165205487243,-0.2933955336788983,-13.895446824449236,30.881201111370455,1.4261829841183382e-06,0.11078634732668678,Pearson on the strict common set
raw off level vs impervious_fraction,raw,off,impervious_fraction,every window >= 15,+0.1285,366,0.1284789997062981,0.16369345957261153,8.817441894718394,30.903464393705235,0.013903675883292773,0.49167926467466483,Pearson on the strict common set
raw off level vs rice_fraction_single,raw,off,rice_fraction_single,every window >= 15,-0.1438,262,-0.1437938132256148,-0.23066005963146197,-6.617743903920407,46.28734075009267,0.019886054012392625,0.33880577764564895,Pearson on the strict common set
raw off level vs rice_fraction_combined,raw,off,rice_fraction_combined,every window >= 15,-0.1714,262,-0.17141100123659606,-0.25899517950658085,-7.71165214882299,49.77841991853498,0.005404474035163479,0.23504745127065318,Pearson on the strict common set
bias_corrected flooded_minus_off vs impervious_fraction,bias_corrected,flooded_minus_off,impervious_fraction,every window >= 15,-0.0949,366,-0.09493229810633302,-0.14753217223058146,-9.212263970381434,45.49955029215757,0.06967031475408017,0.5326652184441719,Pearson of the within-cell difference
bias_corrected flooded_minus_off vs rice_fraction_single,bias_corrected,flooded_minus_off,rice_fraction_single,every window >= 15,+0.2043,262,0.2042575064320148,0.29140248034053395,14.74675524658328,46.18478591013559,0.0008825468582320419,0.17240706904219014,Pearson of the within-cell difference
bias_corrected flooded_minus_off vs rice_fraction_combined,bias_corrected,flooded_minus_off,rice_fraction_combined,every window >= 15,+0.2252,262,0.22523244171133333,0.2990497465979807,15.896019082918373,46.01942341274575,0.00023727848194939334,0.1322446542113038,Pearson of the within-cell difference
bias_corrected flooded_minus_off vs impervious_fraction,bias_corrected,flooded_minus_off,impervious_fraction,flooded_minus_off pair >= 15,-0.1340,383,-0.13397590033275858,-0.17429693587412684,-11.649663321991499,42.61618974242441,0.00865891384731933,0.3939620571262669,Pearson of the within-cell difference
bias_corrected flooded_minus_off vs rice_fraction_single,bias_corrected,flooded_minus_off,rice_fraction_single,flooded_minus_off pair >= 15,+0.1690,276,0.16897231392398016,0.2655081976569969,12.665855837063859,46.73258225317452,0.004882189803950294,0.25763712793979326,Pearson of the within-cell difference
bias_corrected flooded_minus_off vs rice_fraction_combined,bias_corrected,flooded_minus_off,rice_fraction_combined,flooded_minus_off pair >= 15,+0.1918,276,0.191793885231634,0.2760753984674876,14.054481953653621,46.41487237135634,0.0013665116003999931,0.19950017798503555,Pearson of the within-cell difference
bias_corrected flooded_minus_off vs impervious_fraction,bias_corrected,flooded_minus_off,impervious_fraction,flooded_minus_off pair >= 10,-0.1571,443,-0.15708746381366273,-0.21965522410350458,-13.611331904418085,40.61275111027889,0.0009079865042616651,0.32911052208478414,Pearson of the within-cell difference
bias_corrected flooded_minus_off vs rice_fraction_single,bias_corrected,flooded_minus_off,rice_fraction_single,flooded_minus_off pair >= 10,+0.0921,315,0.0920563468016037,0.1936616717153684,7.398253924012291,55.279261673928616,0.10293099997822078,0.5027150311246393,Pearson of the within-cell difference
bias_corrected flooded_minus_off vs rice_fraction_combined,bias_corrected,flooded_minus_off,rice_fraction_combined,flooded_minus_off pair >= 10,+0.1217,315,0.12165608545056206,0.21240867224903345,9.550582634330377,57.71722571232265,0.030879554905479407,0.3641946381447144,Pearson of the within-cell difference
bias_corrected flooded_minus_off vs impervious_fraction,bias_corrected,flooded_minus_off,impervious_fraction,flooded_minus_off pair >= 5,-0.1606,527,-0.16061163373722348,-0.2188535305071261,-15.411570978901995,34.965080119376296,0.000213581666439517,0.35695080039643784,Pearson of the within-cell difference
bias_corrected flooded_minus_off vs rice_fraction_single,bias_corrected,flooded_minus_off,rice_fraction_single,flooded_minus_off pair >= 5,+0.0423,359,0.04230502052985615,0.11720561460294737,3.686173229078852,52.36839742112147,0.4242161428223631,0.7650245398804656,Pearson of the within-cell difference
bias_corrected flooded_minus_off vs rice_fraction_combined,bias_corrected,flooded_minus_off,rice_fraction_combined,flooded_minus_off pair >= 5,+0.0700,359,0.06996459608341034,0.13608227903912687,5.960350143489884,56.500080582651584,0.1859557905498729,0.6067096140062835,Pearson of the within-cell difference
bias_corrected flooded_minus_off vs impervious_fraction,bias_corrected,flooded_minus_off,impervious_fraction,flooded_minus_off pair >= 1,-0.1061,664,-0.10610740281428427,-0.1743665301836065,-13.166798846324337,44.90273787170581,0.0062044817768422455,0.48835452679520713,Pearson of the within-cell difference
bias_corrected flooded_minus_off vs rice_fraction_single,bias_corrected,flooded_minus_off,rice_fraction_single,flooded_minus_off pair >= 1,+0.0893,449,0.08927111115316555,0.13538074026938166,10.366367255462587,40.36219425532081,0.05874148284570599,0.5820238531392893,Pearson of the within-cell difference
bias_corrected flooded_minus_off vs rice_fraction_combined,bias_corrected,flooded_minus_off,rice_fraction_combined,flooded_minus_off pair >= 1,+0.1042,449,0.10415262725472876,0.1464122653515749,11.878923192580693,44.211908557880285,0.027327508370340967,0.499974329930952,Pearson of the within-cell difference
bias_corrected growing_minus_off vs impervious_fraction,bias_corrected,growing_minus_off,impervious_fraction,every window >= 15,-0.0535,366,-0.05345866222289235,-0.1370987687937777,-6.066435819720823,38.857554746954406,0.3077495642725992,0.7470077874674665,Pearson of the within-cell difference
bias_corrected growing_minus_off vs rice_fraction_single,bias_corrected,growing_minus_off,rice_fraction_single,every window >= 15,+0.2214,262,0.221357486106854,0.22172701708240883,19.084946945517718,31.673631046975675,0.00030531710596872435,0.22597589413042238,Pearson of the within-cell difference
bias_corrected growing_minus_off vs rice_fraction_combined,bias_corrected,growing_minus_off,rice_fraction_combined,every window >= 15,+0.2464,262,0.24643213549586332,0.2444125947359238,20.76983600542549,32.13466319148385,5.5271807801555546e-05,0.17296341059413806,Pearson of the within-cell difference
bias_corrected growing_minus_off vs impervious_fraction,bias_corrected,growing_minus_off,impervious_fraction,growing_minus_off pair >= 15,-0.0538,414,-0.05383834973133215,-0.16419103088847656,-6.087513465483082,36.40640613839552,0.27442494981308724,0.7537173176570051,Pearson of the within-cell difference
bias_corrected growing_minus_off vs rice_fraction_single,bias_corrected,growing_minus_off,rice_fraction_single,growing_minus_off pair >= 15,+0.1321,285,0.1320692128545058,0.13079722353258305,11.772666187410346,36.733177010899134,0.025776587646749043,0.4376445891993197,Pearson of the within-cell difference
bias_corrected growing_minus_off vs rice_fraction_combined,bias_corrected,growing_minus_off,rice_fraction_combined,growing_minus_off pair >= 15,+0.1599,285,0.15989994065256644,0.15662262126309567,13.970248508817015,39.82376385446815,0.006830762479105076,0.3254745410141625,Pearson of the within-cell difference
bias_corrected growing_minus_off vs impervious_fraction,bias_corrected,growing_minus_off,impervious_fraction,growing_minus_off pair >= 10,-0.1734,489,-0.1733522487549855,-0.266503765339989,-18.165828164318,30.103844016076405,0.00011677700821299319,0.3587057140823919,Pearson of the within-cell difference
bias_corrected growing_minus_off vs rice_fraction_single,bias_corrected,growing_minus_off,rice_fraction_single,growing_minus_off pair >= 10,+0.0775,330,0.0774640808829409,0.08804939355816774,7.687691934078949,42.819868126583124,0.1603260823248811,0.6222658224257005,Pearson of the within-cell difference
bias_corrected growing_minus_off vs rice_fraction_combined,bias_corrected,growing_minus_off,rice_fraction_combined,growing_minus_off pair >= 10,+0.1109,330,0.11090294266615087,0.1200637120801677,10.780301068680847,49.20991212746983,0.04409130855135975,0.4470546401736571,Pearson of the within-cell difference
bias_corrected growing_minus_off vs impervious_fraction,bias_corrected,growing_minus_off,impervious_fraction,growing_minus_off pair >= 5,-0.1804,571,-0.18036911053635069,-0.2793331472656756,-18.486597326078396,27.34602589117324,1.4496857839450956e-05,0.3646051796046051,Pearson of the within-cell difference
bias_corrected growing_minus_off vs rice_fraction_single,bias_corrected,growing_minus_off,rice_fraction_single,growing_minus_off pair >= 5,-0.0279,385,-0.02793550165698476,0.00034864746652311414,-2.980135267094402,42.58980191280338,0.5847508327121954,0.8595717678707393,Pearson of the within-cell difference
bias_corrected growing_minus_off vs rice_fraction_combined,bias_corrected,growing_minus_off,rice_fraction_combined,growing_minus_off pair >= 5,+0.0053,385,0.005263614457052885,0.035392554336854856,0.5506585684293646,50.82174913803858,0.9180070501466221,0.9708114051600667,Pearson of the within-cell difference
bias_corrected growing_minus_off vs impervious_fraction,bias_corrected,growing_minus_off,impervious_fraction,growing_minus_off pair >= 1,-0.1462,700,-0.1461718412772197,-0.2620913803614176,-19.42678892901353,43.03533280515348,0.00010390081959172442,0.349420991456809,Pearson of the within-cell difference
bias_corrected growing_minus_off vs rice_fraction_single,bias_corrected,growing_minus_off,rice_fraction_single,growing_minus_off pair >= 1,-0.0576,467,-0.057622590535049055,-0.07598013398437987,-7.659143231808827,39.578700763261274,0.21389345894795117,0.7254491840474923,Pearson of the within-cell difference
bias_corrected growing_minus_off vs rice_fraction_combined,bias_corrected,growing_minus_off,rice_fraction_combined,growing_minus_off pair >= 1,-0.0334,467,-0.03344172049314517,-0.04865741090938911,-4.369967783070508,45.475388968280484,0.4709423689519802,0.8264178186518787,Pearson of the within-cell difference
raw flooded_minus_off vs impervious_fraction,raw,flooded_minus_off,impervious_fraction,every window >= 15,+0.0465,366,0.046540520018864794,-0.005044145605540397,4.16421123296792,53.34895831078896,0.3746440063654575,0.7398428192569503,Pearson of the within-cell difference
raw flooded_minus_off vs rice_fraction_single,raw,flooded_minus_off,rice_fraction_single,every window >= 15,+0.0549,262,0.054889735620690265,0.11121164231398366,3.777956087205618,54.54459480724929,0.37621753122829193,0.6918884680000099,Pearson of the within-cell difference
raw flooded_minus_off vs rice_fraction_combined,raw,flooded_minus_off,rice_fraction_combined,every window >= 15,+0.0807,262,0.08067832748472036,0.12550931453844671,5.4282724481133675,54.984595863356475,0.19299443933708033,0.5582428112689611,Pearson of the within-cell difference
raw flooded_minus_off vs impervious_fraction,raw,flooded_minus_off,impervious_fraction,flooded_minus_off pair >= 15,+0.0201,383,0.020122665284134617,-0.02645247802550818,1.6197311581219196,49.09275269054665,0.6946438487645453,0.8907360078434512,Pearson of the within-cell difference
raw flooded_minus_off vs rice_fraction_single,raw,flooded_minus_off,rice_fraction_single,flooded_minus_off pair >= 15,+0.0138,276,0.013760897342511132,0.0805245358941796,0.978664299255755,55.049414510860935,0.8199677755414435,0.9205340120976911,Pearson of the within-cell difference
raw flooded_minus_off vs rice_fraction_combined,raw,flooded_minus_off,rice_fraction_combined,flooded_minus_off pair >= 15,+0.0406,276,0.04060671706630889,0.09674119946918566,2.823228090921827,55.452450815478485,0.5016951583127589,0.7675222683028806,Pearson of the within-cell difference
raw flooded_minus_off vs impervious_fraction,raw,flooded_minus_off,impervious_fraction,flooded_minus_off pair >= 10,+0.0071,443,0.007136971399985856,-0.06744071835029211,0.5737344258889744,46.3240346925752,0.8809276423037669,0.9623150189237272,Pearson of the within-cell difference
raw flooded_minus_off vs rice_fraction_single,raw,flooded_minus_off,rice_fraction_single,flooded_minus_off pair >= 10,-0.0643,315,-0.06431075705230997,0.008743660327954452,-4.9346994178257955,64.85426729985824,0.25510232885148143,0.6111986462296336,Pearson of the within-cell difference
raw flooded_minus_off vs rice_fraction_combined,raw,flooded_minus_off,rice_fraction_combined,flooded_minus_off pair >= 10,-0.0341,315,-0.03412084145174052,0.03008949447714263,-2.5575100348409583,69.07487832699235,0.5462738402003581,0.7806371922484425,Pearson of the within-cell difference
raw flooded_minus_off vs impervious_fraction,raw,flooded_minus_off,impervious_fraction,flooded_minus_off pair >= 5,-0.0113,527,-0.011340610955718379,-0.08925457051011702,-1.0146499016135853,42.474238641524344,0.7950715202853719,0.9428356145383107,Pearson of the within-cell difference
raw flooded_minus_off vs rice_fraction_single,raw,flooded_minus_off,rice_fraction_single,flooded_minus_off pair >= 5,-0.1065,359,-0.10654123116527867,-0.055627830254742376,-9.006325410966975,65.90855751159951,0.04365656922496925,0.3948686663760104,Pearson of the within-cell difference
raw flooded_minus_off vs rice_fraction_combined,raw,flooded_minus_off,rice_fraction_combined,flooded_minus_off pair >= 5,-0.0809,359,-0.08086965530706855,-0.03688784799489582,-6.683825871113899,71.9177178481245,0.1261595047615578,0.49973947804427576,Pearson of the within-cell difference
raw flooded_minus_off vs impervious_fraction,raw,flooded_minus_off,impervious_fraction,flooded_minus_off pair >= 1,-0.0088,664,-0.008799430755358464,-0.09342044802897502,-1.019023510823724,58.98478788616306,0.8209505022963688,0.9472696309651208,Pearson of the within-cell difference
raw flooded_minus_off vs rice_fraction_single,raw,flooded_minus_off,rice_fraction_single,flooded_minus_off pair >= 1,-0.0333,449,-0.03331057324269657,-0.0010963516809841974,-3.6304634935870808,53.89366918457565,0.4813915182951763,0.8112036986718091,Pearson of the within-cell difference
raw flooded_minus_off vs rice_fraction_combined,raw,flooded_minus_off,rice_fraction_combined,flooded_minus_off pair >= 1,-0.0212,449,-0.021188811552742614,0.00616131084950684,-2.2681812728548896,57.45705307236197,0.6543108340188584,0.8751660530008011,Pearson of the within-cell difference
raw growing_minus_off vs impervious_fraction,raw,growing_minus_off,impervious_fraction,every window >= 15,+0.0629,366,0.06286787115954029,-0.0197527797137649,6.248691652449536,55.106118753811685,0.23021462039467522,0.6480709576786311,Pearson of the within-cell difference
raw growing_minus_off vs rice_fraction_single,raw,growing_minus_off,rice_fraction_single,every window >= 15,+0.0267,262,0.026724017058436824,-0.002699329521376949,2.1291255063052077,41.37033779323628,0.6667777088407234,0.867645066896445,Pearson of the within-cell difference
raw growing_minus_off vs rice_fraction_combined,raw,growing_minus_off,rice_fraction_combined,every window >= 15,+0.0358,262,0.035757775433042295,0.0038683383760185048,2.784896112605908,42.31167459673803,0.5644752836055982,0.8214345705107912,Pearson of the within-cell difference
raw growing_minus_off vs impervious_fraction,raw,growing_minus_off,impervious_fraction,growing_minus_off pair >= 15,+0.0650,414,0.06497212290673654,-0.04611950275044806,6.51235688161513,49.90012283967814,0.18704061020305746,0.6542940270868528,Pearson of the within-cell difference
raw growing_minus_off vs rice_fraction_single,raw,growing_minus_off,rice_fraction_single,growing_minus_off pair >= 15,-0.0578,285,-0.05780764687489445,-0.08248430590906497,-4.813292761171619,50.47278880591026,0.3308367341493187,0.6886143894885915,Pearson of the within-cell difference
raw growing_minus_off vs rice_fraction_combined,raw,growing_minus_off,rice_fraction_combined,growing_minus_off pair >= 15,-0.0454,285,-0.04538312152154726,-0.07220629629821623,-3.7036841173129202,55.152958809357315,0.4453551860354781,0.7417868003701915,Pearson of the within-cell difference
raw growing_minus_off vs impervious_fraction,raw,growing_minus_off,impervious_fraction,growing_minus_off pair >= 10,-0.0635,489,-0.06347078177099988,-0.15142742201979859,-5.99983623220088,39.145768631614516,0.16110271328302347,0.7005102919013418,Pearson of the within-cell difference
raw growing_minus_off vs rice_fraction_single,raw,growing_minus_off,rice_fraction_single,growing_minus_off pair >= 10,-0.0869,330,-0.08694215847440098,-0.09615498597950227,-8.085659774871672,59.47406300199311,0.11493916210119066,0.510853515573773,Pearson of the within-cell difference
raw growing_minus_off vs rice_fraction_combined,raw,growing_minus_off,rice_fraction_combined,growing_minus_off pair >= 10,-0.0664,330,-0.06644232864636085,-0.07792992505983443,-6.052323190648233,70.92403891700968,0.22869183186284192,0.5821690100115238,Pearson of the within-cell difference
raw growing_minus_off vs impervious_fraction,raw,growing_minus_off,impervious_fraction,growing_minus_off pair >= 5,-0.0663,571,-0.06629388279308664,-0.17040254427110355,-6.351433705655018,34.07187024472764,0.11355777393006997,0.7091987479535913,Pearson of the within-cell difference
raw growing_minus_off vs rice_fraction_single,raw,growing_minus_off,rice_fraction_single,growing_minus_off pair >= 5,-0.1864,385,-0.1864495441299061,-0.18128932272390824,-19.139784674440335,57.55264918571491,0.00023431742444460885,0.1628016034502725,Pearson of the within-cell difference
raw growing_minus_off vs rice_fraction_combined,raw,growing_minus_off,rice_fraction_combined,growing_minus_off pair >= 5,-0.1641,385,-0.16413656197581367,-0.15886569712670748,-16.523417719139893,74.17675694742819,0.001228983461915882,0.16177052191154312,Pearson of the within-cell difference
raw growing_minus_off vs impervious_fraction,raw,growing_minus_off,impervious_fraction,growing_minus_off pair >= 1,-0.0671,700,-0.0671137042374792,-0.18330971520933131,-8.455706096870951,50.51668410056776,0.07598224499261945,0.641504219343648,Pearson of the within-cell difference
raw growing_minus_off vs rice_fraction_single,raw,growing_minus_off,rice_fraction_single,growing_minus_off pair >= 1,-0.1933,467,-0.19333816056221964,-0.2108339348232374,-24.481483844546794,46.10176865854004,2.5920585555691123e-05,0.19743729560547765,Pearson of the within-cell difference
raw growing_minus_off vs rice_fraction_combined,raw,growing_minus_off,rice_fraction_combined,growing_minus_off pair >= 1,-0.1775,467,-0.1775297036203224,-0.19413914364332982,-22.10005696489674,54.936729531789226,0.00011485932292847376,0.19500949903868345,Pearson of the within-cell difference
